symbol_id	address	old_name	name	disposition	confidence	reason	source
recoil:function:0x401000	0x401000	CAboutDlg::Constructor	CAboutDlg::CAboutDlg	renamed	Inferred	Synchronize current defining source name; descriptive reconstruction, not recovered original spelling.	src/Battlesport/about.cpp:11
recoil:function:0x401030	0x401030	CAboutDlg::GetMessageMap	CAboutDlg::GetMessageMap	retained	Inferred	Retain physical/compiler projection label; no unique attached defining function body in the source inventory.	
recoil:function:0x401060	0x401060	AINet::TickAiMode2TopLevel	AINet::TickAiMode2TopLevel	retained	Inferred	Retain physical/compiler projection label; no unique attached defining function body in the source inventory.	
recoil:function:0x401180	0x401180	AINet::TickAiMode2PathFollow	AINet::TickAiMode2PathFollow	retained	Inferred	Retain physical/compiler projection label; no unique attached defining function body in the source inventory.	
recoil:function:0x401420	0x401420	AINet::AiMode2ForwardProbeRequiresAutoTurn	AINet::AiMode2ForwardProbeRequiresAutoTurn	retained	Inferred	Retain physical/compiler projection label; no unique attached defining function body in the source inventory.	
recoil:function:0x401580	0x401580	AINet::AiAdvancePathCursorAndComputeTargetVec	AINet::AiAdvancePathCursorAndComputeTargetVec	retained	Inferred	Retain physical/compiler projection label; no unique attached defining function body in the source inventory.	
recoil:function:0x4016a0	0x4016a0	AINet::AiChooseNextPathBranchIndex	AINet::AiChooseNextPathBranchIndex	retained	Inferred	Retain physical/compiler projection label; no unique attached defining function body in the source inventory.	
recoil:function:0x401710	0x401710	AINet::TickAiMode2SteeringSubstate	AINet::TickAiMode2SteeringSubstate	retained	Inferred	Retain physical/compiler projection label; no unique attached defining function body in the source inventory.	
recoil:function:0x401970	0x401970	AINet::UpdateAiMode2MoveAndTurnTowardTarget	AINet::UpdateAiMode2MoveAndTurnTowardTarget	retained	Inferred	Retain physical/compiler projection label; no unique attached defining function body in the source inventory.	
recoil:function:0x401a40	0x401a40	AINet::TickAiMode2OffsetTargetSteering	AINet::TickAiMode2OffsetTargetSteering	retained	Inferred	Retain physical/compiler projection label; no unique attached defining function body in the source inventory.	
recoil:function:0x401ab0	0x401ab0	AINet::TickAiMode2DynamicOffsetTargetSteering	AINet::TickAiMode2DynamicOffsetTargetSteering	retained	Inferred	Retain physical/compiler projection label; no unique attached defining function body in the source inventory.	
recoil:function:0x401b20	0x401b20	AINet::AiTryEnterMode2AttackPursuitIfLineOfSight	AINet::AiTryEnterMode2AttackPursuitIfLineOfSight	retained	Inferred	Retain physical/compiler projection label; no unique attached defining function body in the source inventory.	
recoil:function:0x401c00	0x401c00	AINet::AiAlertAttackBuddies	AINet::AiAlertAttackBuddies	retained	Inferred	Retain physical/compiler projection label; no unique attached defining function body in the source inventory.	
recoil:function:0x401c60	0x401c60	AINet::AiEnterMode2SteeringPursuit	AINet::AiEnterMode2SteeringPursuit	retained	Inferred	Retain physical/compiler projection label; no unique attached defining function body in the source inventory.	
recoil:function:0x401d50	0x401d50	AINet::HasLineOfSightFromLocalPlayerFxOffset	AINet::HasLineOfSightFromLocalPlayerFxOffset	retained	Inferred	Retain physical/compiler projection label; no unique attached defining function body in the source inventory.	
recoil:function:0x401e50	0x401e50	AINet::HasLineOfSightFromCameraTarget	AINet::HasLineOfSightFromCameraTarget	retained	Inferred	Retain physical/compiler projection label; no unique attached defining function body in the source inventory.	
recoil:function:0x401f60	0x401f60	AINet::AiRebuildSyntheticPathToNodeIfFar	AINet::AiRebuildSyntheticPathToNodeIfFar	retained	Inferred	Retain physical/compiler projection label; no unique attached defining function body in the source inventory.	
recoil:function:0x402080	0x402080	AINet::AiRestoreSavedTopLevelState	AINet::AiRestoreSavedTopLevelState	retained	Inferred	Retain physical/compiler projection label; no unique attached defining function body in the source inventory.	
recoil:function:0x402090	0x402090	AINet::UpdateAiMode2TurnTowardPlayerNoThrottle	AINet::UpdateAiMode2TurnTowardPlayerNoThrottle	retained	Inferred	Retain physical/compiler projection label; no unique attached defining function body in the source inventory.	
recoil:function:0x402170	0x402170	AINet::UpdateAiMode2TurnInPlaceTowardPlayer	AINet::UpdateAiMode2TurnInPlaceTowardPlayer	retained	Inferred	Retain physical/compiler projection label; no unique attached defining function body in the source inventory.	
recoil:function:0x402250	0x402250	AINet::TickAiMode2AltGunAttackWindow	AINet::TickAiMode2AltGunAttackWindow	retained	Inferred	Retain physical/compiler projection label; no unique attached defining function body in the source inventory.	
recoil:function:0x4024a0	0x4024a0	AINet::SolveAltGunLeadTargetPoint	AINet::SolveAltGunLeadTargetPoint	retained	Inferred	Retain physical/compiler projection label; no unique attached defining function body in the source inventory.	
recoil:function:0x4026d0	0x4026d0	AINet::UpdateAiMode2MoveAndTurnTowardOffsetTarget	AINet::UpdateAiMode2MoveAndTurnTowardOffsetTarget	retained	Inferred	Retain reconstructed descriptive spelling; exact original spelling is not established.	src/Battlesport/ai_net.h:2331
recoil:function:0x4028c0	0x4028c0	AINet::UpdateAiMode2MoveAndTurnTowardDynamicOffsetTarget	AINet::UpdateAiMode2MoveAndTurnTowardDynamicOffsetTarget	retained	Inferred	Retain reconstructed descriptive spelling; exact original spelling is not established.	src/Battlesport/ai_net.h:2408
recoil:function:0x402b70	0x402b70	AINet::TickAiMode2TimedPathSteering	AINet::TickAiMode2TimedPathSteering	retained	Inferred	Retain physical/compiler projection label; no unique attached defining function body in the source inventory.	
recoil:function:0x402be0	0x402be0	AINet::AiSteerTowardPathNodeForward	AINet::AiSteerTowardPathNodeForward	retained	Inferred	Retain reconstructed descriptive spelling; exact original spelling is not established.	src/Battlesport/ai_net.h:2547
recoil:function:0x402d60	0x402d60	AINet::AiSteerTowardPathNodeReverse	AINet::AiSteerTowardPathNodeReverse	retained	Inferred	Retain reconstructed descriptive spelling; exact original spelling is not established.	src/Battlesport/ai_net.h:2619
recoil:function:0x402f10	0x402f10	AINet::AiFinalizeMode2State1ForAllPlayers	AINet::AiFinalizeMode2State1ForAllPlayers	retained	Inferred	Retain physical/compiler projection label; no unique attached defining function body in the source inventory.	
recoil:function:0x402f60	0x402f60	zMath::Vec3Normalize	zMath::Vec3Normalize	retained	Inferred	Retain reconstructed descriptive spelling; exact original spelling is not established.	src/GameZRecoil/zMath/zmth.h:24
recoil:function:0x402fd0	0x402fd0	AINet::LoadAllFromZrd	AINet::LoadAllFromZrd	retained	Inferred	Retain physical/compiler projection label; no unique attached defining function body in the source inventory.	
recoil:function:0x402ff0	0x402ff0	AINet::Alloc	AINet::Alloc	retained	Inferred	Retain reconstructed descriptive spelling; exact original spelling is not established.	src/Battlesport/ai_net.cpp:162
recoil:function:0x403040	0x403040	AINet::LoadFromZrd	AINet::LoadFromZrd	retained	Inferred	Retain reconstructed descriptive spelling; exact original spelling is not established.	src/Battlesport/ai_net.cpp:184
recoil:function:0x403510	0x403510	AINet::FindByNetId	AINet::FindByNetId	retained	Inferred	Retain reconstructed descriptive spelling; exact original spelling is not established.	src/Battlesport/ai_net.cpp:365
recoil:function:0x403530	0x403530	AINet::FindNodeByIndex	AINet::FindNodeByIndex	retained	Inferred	Retain reconstructed descriptive spelling; exact original spelling is not established.	src/Battlesport/ai_net.cpp:386
recoil:function:0x403550	0x403550	AINet::ResolveNeighborLinksAndBuildProbeFans	AINet::ResolveNeighborLinksAndBuildProbeFans	retained	Inferred	Retain reconstructed descriptive spelling; exact original spelling is not established.	src/Battlesport/ai_net.cpp:408
recoil:function:0x403620	0x403620	AINetPathProbeFan::InitFromSegment	AINetPathProbeFan::InitFromSegment	retained	Inferred	Retain physical/compiler projection label; no unique attached defining function body in the source inventory.	
recoil:function:0x4036f0	0x4036f0	AINet::FindNearestNode	AINet::FindNearestNode	retained	Inferred	Retain reconstructed descriptive spelling; exact original spelling is not established.	src/Battlesport/ai_net.cpp:512
recoil:function:0x403750	0x403750	AINet::BuildAiPeerRingsByAiNetId	AINet::BuildAiPeerRingsByAiNetId	retained	Inferred	Retain reconstructed descriptive spelling; exact original spelling is not established.	src/Battlesport/ai_net.cpp:553
recoil:function:0x4037c0	0x4037c0	AINetNode::Free	AINetNode::Free	retained	Inferred	Retain reconstructed descriptive spelling; exact original spelling is not established.	src/Battlesport/ai_net.cpp:580
recoil:function:0x403800	0x403800	AINet::Free	AINet::Free	retained	Inferred	Retain reconstructed descriptive spelling; exact original spelling is not established.	src/Battlesport/ai_net.cpp:604
recoil:function:0x403830	0x403830	AINet::AiDiscardNegativeBranchPathNodes	AINet::AiDiscardNegativeBranchPathNodes	retained	Inferred	Retain reconstructed descriptive spelling; exact original spelling is not established.	src/Battlesport/ai_net.cpp:627
recoil:function:0x403870	0x403870	AINet::FreeAll	AINet::FreeAll	retained	Inferred	Retain reconstructed descriptive spelling; exact original spelling is not established.	src/Battlesport/ai_net.cpp:650
recoil:function:0x4038a0	0x4038a0	HudUiBriefingObjectivePicture::DrawWithNoiseOverlay	HudUiBriefingObjectivePicture::Draw	renamed	Inferred	Synchronize current defining source name; descriptive reconstruction, not recovered original spelling.	src/Battlesport/Briefing.cpp:323
recoil:function:0x403930	0x403930	HudUiBriefingRuntime::Constructor	HudUiBriefingRuntime::HudUiBriefingRuntime	renamed	Inferred	Synchronize current defining source name; descriptive reconstruction, not recovered original spelling.	src/Battlesport/Briefing.cpp:349
recoil:function:0x403c10	0x403c10	HudUiBriefingLocatorPanel::Constructor	HudUiBriefingLocatorPanel::HudUiBriefingLocatorPanel	renamed	Inferred	Synchronize current defining source name; descriptive reconstruction, not recovered original spelling.	src/Battlesport/Briefing.cpp:431
recoil:function:0x403c80	0x403c80	HudUiCircle::DrawDirtyForwarder	HudUiBriefingLocatorPanel::Draw	renamed	Inferred	Synchronize current defining source name; descriptive reconstruction, not recovered original spelling.	src/Battlesport/Briefing.cpp:454
recoil:function:0x403c90	0x403c90	HudUiBriefingLocatorPanel::BlitDirtyRect	HudUiBriefingLocatorPanel::DrawBase	renamed	Inferred	Synchronize current defining source name; descriptive reconstruction, not recovered original spelling.	src/Battlesport/Briefing.cpp:466
recoil:function:0x403cb0	0x403cb0	HudUiBriefingLocatorPanel::Update	HudUiBriefingLocatorPanel::Update	retained	Inferred	Retain reconstructed descriptive spelling; exact original spelling is not established.	src/Battlesport/Briefing.cpp:486
recoil:function:0x403d70	0x403d70	HudUiWidget::SharedScalarDeletingDestructor	HudUiWidget::SharedScalarDeletingDestructor	retained	Inferred	Retain physical/compiler projection label; no unique attached defining function body in the source inventory.	
recoil:function:0x403d90	0x403d90	HudUiBriefingRuntime::ScalarDeletingDestructor	HudUiBriefingRuntime::ScalarDeletingDestructor	retained	Inferred	Retain physical/compiler projection label; no unique attached defining function body in the source inventory.	
recoil:function:0x403e20	0x403e20	HudUiCompositePanel::Destructor	HudUiCompositePanel::Destructor	retained	Inferred	Retain physical/compiler projection label; no unique attached defining function body in the source inventory.	
recoil:function:0x403eb0	0x403eb0	HudUiFillBitmap::SharedScalarDeletingDestructor	HudUiFillBitmap::SharedScalarDeletingDestructor	retained	Inferred	Retain physical/compiler projection label; no unique attached defining function body in the source inventory.	
recoil:function:0x403ed0	0x403ed0	HudUiBriefingRuntime::Destructor	HudUiBriefingRuntime::~HudUiBriefingRuntime	renamed	Inferred	Synchronize current defining source name; descriptive reconstruction, not recovered original spelling.	src/Battlesport/Briefing.cpp:532
recoil:function:0x404070	0x404070	HudUiBriefingRuntime::Update	HudUiBriefingRuntime::UpdateAll	renamed	Inferred	Synchronize current defining source name; descriptive reconstruction, not recovered original spelling.	src/Battlesport/Briefing.cpp:545
recoil:function:0x404140	0x404140	zInput::WaitForAnyKeyPressWithTimeoutMs	Briefing::zInputWaitForAnyKeyPressWithTimeoutMs	renamed	Inferred	Synchronize current defining source name; descriptive reconstruction, not recovered original spelling.	src/Battlesport/Briefing.cpp:582
recoil:function:0x404180	0x404180	Briefing::StartMissionBriefingThread	Briefing::StartForMission	renamed	Inferred	Synchronize current defining source name; descriptive reconstruction, not recovered original spelling.	src/Battlesport/Briefing.cpp:612
recoil:function:0x404280	0x404280	Briefing::RunMissionBriefingLoop	Briefing::ThreadMain	renamed	Inferred	Synchronize current defining source name; descriptive reconstruction, not recovered original spelling.	src/Battlesport/Briefing.cpp:650
recoil:function:0x404400	0x404400	HudUiBriefingRuntime::BuildObjectiveActionsFromIndex	HudUiBriefingRuntime::BuildObjectiveActionsFromIndex	retained	Inferred	Retain reconstructed descriptive spelling; exact original spelling is not established.	src/Battlesport/Briefing.cpp:714
recoil:function:0x4045b0	0x4045b0	HudUiBriefingActionQueue::AddHideElement	CBriefingActionQueue::AddHideElement	renamed	Inferred	Synchronize current defining source name; descriptive reconstruction, not recovered original spelling.	src/Battlesport/Briefing.cpp:784
recoil:function:0x404620	0x404620	HudUiBriefingAction_HideElement::Tick	BriefingActionHideElement::Tick	renamed	Inferred	Synchronize current defining source name; descriptive reconstruction, not recovered original spelling.	src/Battlesport/Briefing.cpp:799
recoil:function:0x404640	0x404640	HudUiBriefingActionQueue::AddShowElement	CBriefingActionQueue::AddShowElement	renamed	Inferred	Synchronize current defining source name; descriptive reconstruction, not recovered original spelling.	src/Battlesport/Briefing.cpp:813
recoil:function:0x4046b0	0x4046b0	HudUiBriefingAction_ShowElement::Tick	BriefingActionShowElement::Tick	renamed	Inferred	Synchronize current defining source name; descriptive reconstruction, not recovered original spelling.	src/Battlesport/Briefing.cpp:828
recoil:function:0x4046d0	0x4046d0	HudUiBriefingActionQueue::AddFadeInElement	CBriefingActionQueue::AddFadeInElement	renamed	Inferred	Synchronize current defining source name; descriptive reconstruction, not recovered original spelling.	src/Battlesport/Briefing.cpp:843
recoil:function:0x404740	0x404740	HudUiBriefingAction_FadeInElement::Tick	BriefingActionFadeInElement::Tick	renamed	Inferred	Synchronize current defining source name; descriptive reconstruction, not recovered original spelling.	src/Battlesport/Briefing.cpp:858
recoil:function:0x404780	0x404780	HudUiBriefingActionQueue::AddSetPanelText	CBriefingActionQueue::AddSetPanelText	renamed	Inferred	Synchronize current defining source name; descriptive reconstruction, not recovered original spelling.	src/Battlesport/Briefing.cpp:876
recoil:function:0x404850	0x404850	HudUiBriefingAction_SetPanelText::Tick	BriefingActionSetPanelText::Tick	renamed	Inferred	Synchronize current defining source name; descriptive reconstruction, not recovered original spelling.	src/Battlesport/Briefing.cpp:893
recoil:function:0x4048a0	0x4048a0	HudUiBriefingActionQueue::AddSetObjectivePictureImageTimed	CBriefingActionQueue::AddSetWidgetImageTimed	renamed	Inferred	Synchronize current defining source name; descriptive reconstruction, not recovered original spelling.	src/Battlesport/Briefing.cpp:910
recoil:function:0x404960	0x404960	HudUiBriefingAction_SetObjectivePictureImageTimed::Tick	BriefingActionSetWidgetImageTimed::Tick	renamed	Inferred	Synchronize current defining source name; descriptive reconstruction, not recovered original spelling.	src/Battlesport/Briefing.cpp:927
recoil:function:0x4049d0	0x4049d0	HudUiBriefingActionQueue::AddPlaySampleByName	CBriefingActionQueue::AddPlaySampleByName	renamed	Inferred	Synchronize current defining source name; descriptive reconstruction, not recovered original spelling.	src/Battlesport/Briefing.cpp:949
recoil:function:0x404aa0	0x404aa0	HudUiBriefingAction_PlaySample::Tick	Briefing::BriefingActionPlaySample::Tick	renamed	Inferred	Synchronize current defining source name; descriptive reconstruction, not recovered original spelling.	src/Battlesport/Briefing.cpp:966
recoil:function:0x404b30	0x404b30	Briefing::SampleEventCallback	SampleEventCallback	renamed	Inferred	Synchronize current defining source name; descriptive reconstruction, not recovered original spelling.	src/Battlesport/Briefing.cpp:1001
recoil:function:0x404b40	0x404b40	HudUiBriefingActionQueue::AddDelayUntilProgress	Briefing::CBriefingActionQueue::AddDelayUntilProgress	renamed	Inferred	Synchronize current defining source name; descriptive reconstruction, not recovered original spelling.	src/Battlesport/Briefing.cpp:1016
recoil:function:0x404bb0	0x404bb0	HudUiBriefingAction_DelayUntilProgress::Tick	Briefing::BriefingActionDelayUntilProgress::Tick	renamed	Inferred	Synchronize current defining source name; descriptive reconstruction, not recovered original spelling.	src/Battlesport/Briefing.cpp:1032
recoil:function:0x404bd0	0x404bd0	Briefing::StopThreadAndDestroyRuntime	Briefing::StopAndShutdownThread	renamed	Inferred	Synchronize current defining source name; descriptive reconstruction, not recovered original spelling.	src/Battlesport/Briefing.cpp:1047
recoil:function:0x404c50	0x404c50	Briefing::SetTransportProgressAndSleep	SetProgressAndSleep	renamed	Inferred	Synchronize current defining source name; descriptive reconstruction, not recovered original spelling.	src/Battlesport/Briefing.cpp:1093
recoil:function:0x404c80	0x404c80	Briefing::BuildObjectiveActionsForRuntime	BuildObjectiveActionsGlobal	renamed	Inferred	Synchronize current defining source name; descriptive reconstruction, not recovered original spelling.	src/Battlesport/Briefing.cpp:1111
recoil:function:0x404ca0	0x404ca0	HudUiElement::Draw	HudUiElement::Draw	retained	Inferred	Retain reconstructed descriptive spelling; exact original spelling is not established.	src/Battlesport/hud.cpp:187
recoil:function:0x404cb0	0x404cb0	HudUiElement::DrawBase	HudUiElement::DrawBase	retained	Inferred	Retain reconstructed descriptive spelling; exact original spelling is not established.	src/Battlesport/hud.cpp:199
recoil:function:0x404cd0	0x404cd0	HudUiElement::SetPos	HudUiElement::SetPos	retained	Inferred	Retain reconstructed descriptive spelling; exact original spelling is not established.	src/Battlesport/hud.cpp:219
recoil:function:0x404cf0	0x404cf0	HudUiElement::SetX	HudUiElement::SetX	retained	Inferred	Retain reconstructed descriptive spelling; exact original spelling is not established.	src/Battlesport/hud.cpp:236
recoil:function:0x404d00	0x404d00	HudUiElement::SetY	HudUiElement::SetY	retained	Inferred	Retain reconstructed descriptive spelling; exact original spelling is not established.	src/Battlesport/hud.cpp:251
recoil:function:0x404d10	0x404d10	HudUiElement::HitTestTrue	HudUiElement::HitTestTrue	retained	Inferred	Retain reconstructed descriptive spelling; exact original spelling is not established.	src/Battlesport/hud.cpp:266
recoil:function:0x404d20	0x404d20	HudUiElement::SetVisible	HudUiElement::SetVisible	retained	Inferred	Retain reconstructed descriptive spelling; exact original spelling is not established.	src/Battlesport/hud.cpp:283
recoil:function:0x404d50	0x404d50	HudUiElement::GetX	HudUiElement::GetCenterX	renamed	Inferred	Synchronize current defining source name; descriptive reconstruction, not recovered original spelling.	src/Battlesport/hud.cpp:303
recoil:function:0x404d60	0x404d60	HudUiElement::GetY	HudUiElement::GetCenterY	renamed	Inferred	Synchronize current defining source name; descriptive reconstruction, not recovered original spelling.	src/Battlesport/hud.cpp:315
recoil:function:0x404d70	0x404d70	HudUiElement::ScalarDeletingDestructor	HudUiElement::ScalarDeletingDestructor	retained	Inferred	Retain physical/compiler projection label; no unique attached defining function body in the source inventory.	
recoil:function:0x404d90	0x404d90	HudUiWidget::GetCenterX	HudUiWidget::GetCenterX	retained	Inferred	Retain reconstructed descriptive spelling; exact original spelling is not established.	src/Battlesport/hud.cpp:327
recoil:function:0x404dd0	0x404dd0	HudUiWidget::GetCenterY	HudUiWidget::GetCenterY	retained	Inferred	Retain reconstructed descriptive spelling; exact original spelling is not established.	src/Battlesport/hud.cpp:344
recoil:function:0x404e10	0x404e10	HudUiWidget::RebuildBltRectFromImage	HudUiWidget::RebuildBltRectFromImage	retained	Inferred	Retain reconstructed descriptive spelling; exact original spelling is not established.	src/Battlesport/hud.cpp:359
recoil:function:0x404e60	0x404e60	HudUiCircle::HitTest	HudUiCircle::HitTest	retained	Inferred	Retain reconstructed descriptive spelling; exact original spelling is not established.	src/Battlesport/hud.cpp:383
recoil:function:0x404e90	0x404e90	Player::TickActiveCameraState	Player::TickActiveCameraState	retained	Inferred	Retain reconstructed descriptive spelling; exact original spelling is not established.	src/Battlesport/hud.cpp:428
recoil:function:0x405040	0x405040	Player::UpdateChaseCameraFromInput	Player::UpdateChaseCameraFromInput	retained	Inferred	Retain reconstructed descriptive spelling; exact original spelling is not established.	src/Battlesport/hud.cpp:502
recoil:function:0x405650	0x405650	Player::UpdateThirdPersonCamera	Player::UpdateThirdPersonCamera	retained	Inferred	Retain reconstructed descriptive spelling; exact original spelling is not established.	src/Battlesport/hud.cpp:707
recoil:function:0x4057d0	0x4057d0	Player::UpdateTopDownCameraState	Player::UpdateTopDownCameraState	retained	Inferred	Retain reconstructed descriptive spelling; exact original spelling is not established.	src/Battlesport/hud.cpp:763
recoil:function:0x405870	0x405870	Player::UpdateCameraFromStoredTargetTowardPlayer	Player::UpdateCameraFromStoredTargetTowardPlayer	retained	Inferred	Retain reconstructed descriptive spelling; exact original spelling is not established.	src/Battlesport/hud.cpp:790
recoil:function:0x4059a0	0x4059a0	Player::UpdateFirstPersonCameraFromInput	Player::UpdateFirstPersonCameraFromInput	retained	Inferred	Retain reconstructed descriptive spelling; exact original spelling is not established.	src/Battlesport/hud.cpp:831
recoil:function:0x405c90	0x405c90	Player::ApplyCameraState	Player::ApplyCameraState	retained	Inferred	Retain reconstructed descriptive spelling; exact original spelling is not established.	src/Battlesport/hud.cpp:921
recoil:function:0x405ec0	0x405ec0	Player::ToggleSteeringModeAndResetMouseLook	Player::ToggleSteeringModeAndResetMouseLook	retained	Inferred	Retain reconstructed descriptive spelling; exact original spelling is not established.	src/Battlesport/hud.cpp:1034
recoil:function:0x405ee0	0x405ee0	Player::AdjustThirdPersonCameraByOffsetProbes	Player::AdjustThirdPersonCameraByOffsetProbes	retained	Inferred	Retain reconstructed descriptive spelling; exact original spelling is not established.	src/Battlesport/hud.cpp:1046
recoil:function:0x406110	0x406110	Player::AdjustThirdPersonCameraBySideProbes	Player::AdjustThirdPersonCameraBySideProbes	retained	Inferred	Retain reconstructed descriptive spelling; exact original spelling is not established.	src/Battlesport/hud.cpp:1132
recoil:function:0x4063f0	0x4063f0	Player::RestoreThirdPersonCameraFromObstructionState	Player::RestoreThirdPersonCameraFromObstructionState	retained	Inferred	Retain reconstructed descriptive spelling; exact original spelling is not established.	src/Battlesport/hud.cpp:1257
recoil:function:0x406430	0x406430	Player::UnbindCurrentSaveStateIfSinglePlayer	Player::UnbindCurrentSaveStateIfSinglePlayer	retained	Inferred	Retain reconstructed descriptive spelling; exact original spelling is not established.	src/Battlesport/hud.cpp:1275
recoil:function:0x406450	0x406450	Player::BindActiveGameStateAsCurrentSaveState	Player::BindActiveGameStateAsCurrentSaveState	retained	Inferred	Retain reconstructed descriptive spelling; exact original spelling is not established.	src/Battlesport/hud.cpp:1292
recoil:function:0x406470	0x406470	Player::UpdateCameraVariantFromCameraPos	Player::UpdateCameraVariantFromCameraPos	retained	Inferred	Retain reconstructed descriptive spelling; exact original spelling is not established.	src/Battlesport/hud.cpp:1305
recoil:function:0x406510	0x406510	Player::UpdateCameraVariantFromAnchor	Player::UpdateCameraVariantFromAnchor	retained	Inferred	Retain reconstructed descriptive spelling; exact original spelling is not established.	src/Battlesport/hud.cpp:1348
recoil:function:0x406610	0x406610	Player::UpdateCameraWeatherFxEmitterVisibility	Player::UpdateCameraWeatherFxEmitterVisibility	retained	Inferred	Retain reconstructed descriptive spelling; exact original spelling is not established.	src/Battlesport/hud.cpp:1406
recoil:function:0x406730	0x406730	Player::FilterCameraProbeBlockingHits	Player::FilterCameraProbeBlockingHits	retained	Inferred	Retain reconstructed descriptive spelling; exact original spelling is not established.	src/Battlesport/hud.cpp:1469
recoil:function:0x4067a0	0x4067a0	Player::AdjustSubCameraFocusForObstruction	Player::AdjustSubCameraFocusForObstruction	retained	Inferred	Retain reconstructed descriptive spelling; exact original spelling is not established.	src/Battlesport/hud.cpp:1515
recoil:function:0x406890	0x406890	MfcThreeFloatDialog::OnKillFocusValue0	MfcThreeFloatDialog::OnKillFocusValue0	retained	Inferred	Retain reconstructed descriptive spelling; exact original spelling is not established.	src/Battlesport/hud.cpp:1779
recoil:function:0x4068c0	0x4068c0	MfcThreeFloatDialog::OnKillFocusValue1	MfcThreeFloatDialog::OnKillFocusValue1	retained	Inferred	Retain reconstructed descriptive spelling; exact original spelling is not established.	src/Battlesport/hud.cpp:1794
recoil:function:0x4068f0	0x4068f0	MfcThreeFloatDialog::OnKillFocusValue2	MfcThreeFloatDialog::OnKillFocusValue2	retained	Inferred	Retain reconstructed descriptive spelling; exact original spelling is not established.	src/Battlesport/hud.cpp:1809
recoil:function:0x406920	0x406920	MfcThreeFloatDialog::OnDeltaposSpinValue0	MfcThreeFloatDialog::OnDeltaposSpinValue0	retained	Inferred	Retain reconstructed descriptive spelling; exact original spelling is not established.	src/Battlesport/hud.cpp:1824
recoil:function:0x406960	0x406960	MfcThreeFloatDialog::OnDeltaposSpinValue1	MfcThreeFloatDialog::OnDeltaposSpinValue1	retained	Inferred	Retain reconstructed descriptive spelling; exact original spelling is not established.	src/Battlesport/hud.cpp:1847
recoil:function:0x4069a0	0x4069a0	MfcThreeFloatDialog::OnDeltaposSpinValue2	MfcThreeFloatDialog::OnDeltaposSpinValue2	retained	Inferred	Retain reconstructed descriptive spelling; exact original spelling is not established.	src/Battlesport/hud.cpp:1870
recoil:function:0x4069e0	0x4069e0	MfcThreeFloatDialog::OnMove	MfcThreeFloatDialog::OnMove	retained	Inferred	Retain reconstructed descriptive spelling; exact original spelling is not established.	src/Battlesport/hud.cpp:1892
recoil:function:0x4069f0	0x4069f0	MfcThreeFloatDialog::OnCreate	MfcThreeFloatDialog::OnCreate	retained	Inferred	Retain reconstructed descriptive spelling; exact original spelling is not established.	src/Battlesport/hud.cpp:1906
recoil:function:0x406a00	0x406a00	zStr::ContainsCaseInsensitive	zStr::ContainsCaseInsensitive	retained	Inferred	Retain reconstructed descriptive spelling; exact original spelling is not established.	src/Battlesport/hud.cpp:1921
recoil:function:0x406af0	0x406af0	HudCheat::ExecuteCommandString	HudCheat::ExecuteCommandString	retained	Inferred	Retain reconstructed descriptive spelling; exact original spelling is not established.	src/Battlesport/hud.cpp:1976
recoil:function:0x406cf0	0x406cf0	HudCheat::ClearNanitePanelCheatSentinel	HudCheat::ClearNanitePanelCheatSentinel	retained	Inferred	Retain reconstructed descriptive spelling; exact original spelling is not established.	src/Battlesport/hud.cpp:2107
recoil:function:0x406d20	0x406d20	HudUiCheatCodeDialog::Constructor	HudUiCheatCodeDialog::HudUiCheatCodeDialog	renamed	Inferred	Synchronize current defining source name; descriptive reconstruction, not recovered original spelling.	src/Battlesport/hud.cpp:2144
recoil:function:0x406e10	0x406e10	HudUiCheatCodeDialog::ScalarDeletingDestructor	HudUiCheatCodeDialog::ScalarDeletingDestructor	retained	Inferred	Retain physical/compiler projection label; no unique attached defining function body in the source inventory.	
recoil:function:0x406e30	0x406e30	HudUiCheatCodeDialog::Destructor	HudUiCheatCodeDialog::Destructor	retained	Inferred	Retain physical/compiler projection label; no unique attached defining function body in the source inventory.	
recoil:function:0x406e90	0x406e90	RecoilStateCheatCode::StaticInitAndRegisterAtExit	RecoilStateCheatCode::StaticInitAndRegisterAtExit	retained	Inferred	Retain reconstructed descriptive spelling; exact original spelling is not established.	src/Battlesport/hud.cpp:2161
recoil:function:0x406ea0	0x406ea0	RecoilStateCheatCode::ConstructGlobal	RecoilStateCheatCode::ConstructGlobal	retained	Inferred	Retain reconstructed descriptive spelling; exact original spelling is not established.	src/Battlesport/hud.cpp:2172
recoil:function:0x406eb0	0x406eb0	RecoilStateCheatCode::StaticInit	RecoilStateCheatCode::StaticInit	retained	Inferred	Retain reconstructed descriptive spelling; exact original spelling is not established.	src/Battlesport/hud.cpp:2182
recoil:function:0x406ec0	0x406ec0	RecoilStateCheatCode::AtExitDestructor	RecoilStateCheatCode::AtExitDestructor	retained	Inferred	Retain reconstructed descriptive spelling; exact original spelling is not established.	src/Battlesport/hud.cpp:2192
recoil:function:0x406ed0	0x406ed0	RecoilStateCheatCode::Constructor	RecoilStateCheatCode::RecoilStateCheatCode	renamed	Inferred	Synchronize current defining source name; descriptive reconstruction, not recovered original spelling.	src/Battlesport/hud.cpp:2204
recoil:function:0x406ee0	0x406ee0	RecoilStateCheatCode::ScalarDeletingDestructor	RecoilStateCheatCode::ScalarDeletingDestructor	retained	Inferred	Retain physical/compiler projection label; no unique attached defining function body in the source inventory.	
recoil:function:0x406f00	0x406f00	RecoilStateCheatCode::Destructor	RecoilStateCheatCode::Destructor	retained	Inferred	Retain physical/compiler projection label; no unique attached defining function body in the source inventory.	
recoil:function:0x406f60	0x406f60	RecoilStateCheatCode::OnTryBecomeCurrent	RecoilStateCheatCode::OnTryBecomeCurrent	retained	Inferred	Retain reconstructed descriptive spelling; exact original spelling is not established.	src/Battlesport/hud.cpp:2228
recoil:function:0x407010	0x407010	RecoilStateCheatCode::OnDeactivate	RecoilStateCheatCode::OnDeactivate	retained	Inferred	Retain reconstructed descriptive spelling; exact original spelling is not established.	src/Battlesport/hud.cpp:2256
recoil:function:0x4070e0	0x4070e0	HudUiCheatCodeTitleWidget::OnActivate	HudUiCheatCodeTitleWidget::OnActivate	retained	Inferred	Retain physical/compiler projection label; no unique attached defining function body in the source inventory.	
recoil:function:0x407100	0x407100	HudUiCallback::QueueExitCurrentState	HudUiCallback::QueueExitCurrentState	retained	Inferred	Retain reconstructed descriptive spelling; exact original spelling is not established.	src/Battlesport/hud.cpp:2308
recoil:function:0x407110	0x407110	HudUiCallback::QueueCheatCodeState	HudUiCallback::QueueCheatCodeState	retained	Inferred	Retain reconstructed descriptive spelling; exact original spelling is not established.	src/Battlesport/hud.cpp:2320
recoil:function:0x407170	0x407170	RecoilStateBase::ScalarDeletingDestructor	RecoilStateBase::ScalarDeletingDestructor	retained	Inferred	Retain physical/compiler projection label; no unique attached defining function body in the source inventory.	
recoil:function:0x407190	0x407190	zOpt::LookupNamedValueAsInt	zOpt::LookupNamedValueAsInt	retained	Inferred	Retain reconstructed descriptive spelling; exact original spelling is not established.	src/Battlesport/hud.cpp:2871
recoil:function:0x4071f0	0x4071f0	zOpt::ReadScalarValueAsInt	zOpt::ReadScalarValueAsInt	retained	Inferred	Retain reconstructed descriptive spelling; exact original spelling is not established.	src/Battlesport/hud.cpp:2892
recoil:function:0x407220	0x407220	zOpt::EvalIntCompareOp	zOpt::EvalIntCompareOp	retained	Inferred	Retain reconstructed descriptive spelling; exact original spelling is not established.	src/Battlesport/hud.cpp:2916
recoil:function:0x407470	0x407470	zOpt::EvaluateProfileMetricCondition	zOpt::EvaluateProfileMetricCondition	retained	Inferred	Retain reconstructed descriptive spelling; exact original spelling is not established.	src/Battlesport/hud.cpp:2952
recoil:function:0x407680	0x407680	zOpt::SelectProfileValueForSystem	zOpt::SelectProfileValueForSystem	retained	Inferred	Retain reconstructed descriptive spelling; exact original spelling is not established.	src/Battlesport/hud.cpp:2996
recoil:function:0x407700	0x407700	zGame::Options_LoadGameOptions	zGame::OptionsLoadGameOptions	renamed	Inferred	Synchronize current defining source name; descriptive reconstruction, not recovered original spelling.	src/Battlesport/hud.cpp:3102
recoil:function:0x407e00	0x407e00	zGame::Options_SaveGameOptions	zGame::OptionsSaveGameOptions	renamed	Inferred	Synchronize current defining source name; descriptive reconstruction, not recovered original spelling.	src/Battlesport/hud.cpp:3530
recoil:function:0x407e20	0x407e20	zOpt::SetGameControlOptions	zOpt::SetGameControlOptions	retained	Inferred	Retain reconstructed descriptive spelling; exact original spelling is not established.	src/Battlesport/hud.cpp:3551
recoil:function:0x407e30	0x407e30	zOpt::SetThrottleMode	zOpt::SetThrottleMode	retained	Inferred	Retain reconstructed descriptive spelling; exact original spelling is not established.	src/Battlesport/hud.cpp:3563
recoil:function:0x407e50	0x407e50	zOpt::GetThrottleMode	zOpt::GetThrottleMode	retained	Inferred	Retain reconstructed descriptive spelling; exact original spelling is not established.	src/Battlesport/hud.cpp:3579
recoil:function:0x407e60	0x407e60	zOpt::SetSteeringMode	zOpt::SetSteeringMode	retained	Inferred	Retain reconstructed descriptive spelling; exact original spelling is not established.	src/Battlesport/hud.cpp:3589
recoil:function:0x407e80	0x407e80	zOpt::GetSteeringMode	zOpt::GetSteeringMode	retained	Inferred	Retain reconstructed descriptive spelling; exact original spelling is not established.	src/Battlesport/hud.cpp:3605
recoil:function:0x407e90	0x407e90	zOpt::SetCursorMode	zOpt::SetCursorMode	retained	Inferred	Retain reconstructed descriptive spelling; exact original spelling is not established.	src/Battlesport/hud.cpp:3615
recoil:function:0x407eb0	0x407eb0	zOpt::GetCursorMode	zOpt::GetCursorMode	retained	Inferred	Retain reconstructed descriptive spelling; exact original spelling is not established.	src/Battlesport/hud.cpp:3631
recoil:function:0x407ec0	0x407ec0	zOpt::SetCameraMode	zOpt::SetCameraMode	retained	Inferred	Retain reconstructed descriptive spelling; exact original spelling is not established.	src/Battlesport/hud.cpp:3641
recoil:function:0x407ef0	0x407ef0	zOpt::GetCameraModeAsPlayerCameraState	zOpt::GetCameraModePlayerState	renamed	Inferred	Synchronize current defining source name; descriptive reconstruction, not recovered original spelling.	src/Battlesport/hud.cpp:3659
recoil:function:0x407f10	0x407f10	zOpt::SetGameDifficultyMode	zOpt::SetGameDifficultyMode	retained	Inferred	Retain reconstructed descriptive spelling; exact original spelling is not established.	src/Battlesport/hud.cpp:3668
recoil:function:0x407f20	0x407f20	zOpt::GetGameDifficultyMode	zOpt::GetGameDifficultyMode	retained	Inferred	Retain reconstructed descriptive spelling; exact original spelling is not established.	src/Battlesport/hud.cpp:3679
recoil:function:0x407f30	0x407f30	zOpt::SetEffectsLevelForCurrentHwMode	zOpt::SetEffectsLevelForCurrentHwMode	retained	Inferred	Retain reconstructed descriptive spelling; exact original spelling is not established.	src/Battlesport/hud.cpp:3688
recoil:function:0x407f80	0x407f80	zOpt::GetEffectsLevelForCurrentHwMode	zOpt::GetEffectsLevelForCurrentHwMode	retained	Inferred	Retain reconstructed descriptive spelling; exact original spelling is not established.	src/Battlesport/hud.cpp:3707
recoil:function:0x407fa0	0x407fa0	zOpt::SetObjectLODForCurrentHwMode	zOpt::SetObjectLODForCurrentHwMode	retained	Inferred	Retain reconstructed descriptive spelling; exact original spelling is not established.	src/Battlesport/hud.cpp:3716
recoil:function:0x408030	0x408030	zOpt::GetObjectLODForCurrentHwMode	zOpt::GetObjectLODForCurrentHwMode	retained	Inferred	Retain reconstructed descriptive spelling; exact original spelling is not established.	src/Battlesport/hud.cpp:3753
recoil:function:0x408050	0x408050	zOpt::SetMuteSoundOption	zOpt::SetMuteSoundOption	retained	Inferred	Retain reconstructed descriptive spelling; exact original spelling is not established.	src/Battlesport/hud.cpp:3762
recoil:function:0x408060	0x408060	zOpt::GetMuteSoundOption	zOpt::GetMuteSoundOption	retained	Inferred	Retain reconstructed descriptive spelling; exact original spelling is not established.	src/Battlesport/hud.cpp:3774
recoil:function:0x408070	0x408070	zOpt::SetSoundVolumeOption	zOpt::SetSoundVolumeOption	retained	Inferred	Retain reconstructed descriptive spelling; exact original spelling is not established.	src/Battlesport/hud.cpp:3783
recoil:function:0x408090	0x408090	zOpt::GetSoundVolumeOption	zOpt::GetSoundVolumeOption	retained	Inferred	Retain reconstructed descriptive spelling; exact original spelling is not established.	src/Battlesport/hud.cpp:3795
recoil:function:0x4080a0	0x4080a0	zSnd::SetAudioApiOption	zSnd::SetAudioApiOption	retained	Inferred	Retain reconstructed descriptive spelling; exact original spelling is not established.	src/Battlesport/hud.cpp:3807
recoil:function:0x4080b0	0x4080b0	zSnd::GetAudioApiOption	zSnd::GetAudioApiOption	retained	Inferred	Retain reconstructed descriptive spelling; exact original spelling is not established.	src/Battlesport/hud.cpp:3819
recoil:function:0x4080c0	0x4080c0	zOpt::SetSoundLODOption	zOpt::SetSoundLODOption	retained	Inferred	Retain reconstructed descriptive spelling; exact original spelling is not established.	src/Battlesport/hud.cpp:3831
recoil:function:0x4080d0	0x4080d0	zOpt::GetSoundLODOption	zOpt::GetSoundLODOption	retained	Inferred	Retain reconstructed descriptive spelling; exact original spelling is not established.	src/Battlesport/hud.cpp:3842
recoil:function:0x4080e0	0x4080e0	zOpt::SetTextureMemoryForCurrentHwMode	zOpt::SetTextureMemoryForCurrentHwMode	retained	Inferred	Retain reconstructed descriptive spelling; exact original spelling is not established.	src/Battlesport/hud.cpp:3851
recoil:function:0x408100	0x408100	zOpt::GetTextureMemoryForCurrentHwMode	zOpt::GetTextureMemoryForCurrentHwMode	retained	Inferred	Retain reconstructed descriptive spelling; exact original spelling is not established.	src/Battlesport/hud.cpp:3862
recoil:function:0x408120	0x408120	zOpt::SetPlayerName	zOpt::SetPlayerName	retained	Inferred	Retain reconstructed descriptive spelling; exact original spelling is not established.	src/Battlesport/hud.cpp:3872
recoil:function:0x408190	0x408190	zOpt::GetPlayerName	zOptGetPlayerName	renamed	Inferred	Synchronize current defining source name; descriptive reconstruction, not recovered original spelling.	src/Battlesport/hud.cpp:3894
recoil:function:0x4081a0	0x4081a0	zOpt::SetGraphicsFlagsForCurrentHwMode	zOpt::SetGraphicsFlagsForCurrentHwMode	retained	Inferred	Retain reconstructed descriptive spelling; exact original spelling is not established.	src/Battlesport/hud.cpp:3906
recoil:function:0x4081f0	0x4081f0	zOpt::GetGraphicsFlagsForCurrentHwMode	zOpt::GetGraphicsFlagsForCurrentHwMode	retained	Inferred	Retain reconstructed descriptive spelling; exact original spelling is not established.	src/Battlesport/hud.cpp:3930
recoil:function:0x408210	0x408210	zSnd::SetCDAudioOption	zSnd::SetCDAudioOption	retained	Inferred	Retain reconstructed descriptive spelling; exact original spelling is not established.	src/Battlesport/hud.cpp:3942
recoil:function:0x408220	0x408220	zSnd::GetCDAudioOption	zSnd::GetCDAudioOption	retained	Inferred	Retain reconstructed descriptive spelling; exact original spelling is not established.	src/Battlesport/hud.cpp:3953
recoil:function:0x408230	0x408230	zOpt::SetNetworkEnabled	zOpt::SetNetworkEnabled	retained	Inferred	Retain reconstructed descriptive spelling; exact original spelling is not established.	src/Battlesport/hud.cpp:3966
recoil:function:0x408240	0x408240	zOpt::SetNetworkModemEnabled	zOpt::SetNetworkModemEnabled	retained	Inferred	Retain reconstructed descriptive spelling; exact original spelling is not established.	src/Battlesport/hud.cpp:3978
recoil:function:0x408250	0x408250	zOpt::SetNetworkListenEnabled	zOpt::SetNetworkListenEnabled	retained	Inferred	Retain reconstructed descriptive spelling; exact original spelling is not established.	src/Battlesport/hud.cpp:3990
recoil:function:0x408260	0x408260	zOpt::GetNetworkEnabled	zOpt::GetNetworkEnabled	retained	Inferred	Retain reconstructed descriptive spelling; exact original spelling is not established.	src/Battlesport/hud.cpp:4002
recoil:function:0x408270	0x408270	zOpt::GetNetworkModemEnabled	zOpt::GetNetworkModemEnabled	retained	Inferred	Retain reconstructed descriptive spelling; exact original spelling is not established.	src/Battlesport/hud.cpp:4012
recoil:function:0x408280	0x408280	zVid::SetAccelerationOption	zVid::SetAccelerationOption	retained	Inferred	Retain reconstructed descriptive spelling; exact original spelling is not established.	src/Battlesport/hud.cpp:4030
recoil:function:0x408290	0x408290	zVid::SetHwApiOption	zVid::SetHwApiOption	retained	Inferred	Retain reconstructed descriptive spelling; exact original spelling is not established.	src/Battlesport/hud.cpp:4047
recoil:function:0x4082a0	0x4082a0	zOpt::SetFullscreenOption	zOpt::SetFullscreenOption	retained	Inferred	Retain reconstructed descriptive spelling; exact original spelling is not established.	src/Battlesport/hud.cpp:4062
recoil:function:0x4082b0	0x4082b0	zOpt::SetHudVisibilityOption	zOpt::SetHudVisibilityOption	retained	Inferred	Retain reconstructed descriptive spelling; exact original spelling is not established.	src/Battlesport/hud.cpp:4073
recoil:function:0x4082d0	0x4082d0	zOpt::SetHudTypeForCurrentHwMode	zOpt::SetHudTypeForCurrentHwMode	retained	Inferred	Retain reconstructed descriptive spelling; exact original spelling is not established.	src/Battlesport/hud.cpp:4084
recoil:function:0x408300	0x408300	zOpt::SetReplicateMode	zOpt::SetReplicateMode	retained	Inferred	Retain reconstructed descriptive spelling; exact original spelling is not established.	src/Battlesport/hud.cpp:4108
recoil:function:0x408310	0x408310	zVid::GetAccelerationOption	zVid::GetAccelerationOption	retained	Inferred	Retain reconstructed descriptive spelling; exact original spelling is not established.	src/Battlesport/hud.cpp:4122
recoil:function:0x408320	0x408320	zVid::GetHwApiOption	zVid::GetHwApiOption	retained	Inferred	Retain reconstructed descriptive spelling; exact original spelling is not established.	src/Battlesport/hud.cpp:4131
recoil:function:0x408330	0x408330	zOpt::GetFullscreenOption	zOpt::GetFullscreenOption	retained	Inferred	Retain reconstructed descriptive spelling; exact original spelling is not established.	src/Battlesport/hud.cpp:4144
recoil:function:0x408340	0x408340	zOpt::GetHudVisibilityOption	zOpt::GetHudVisibilityOption	retained	Inferred	Retain reconstructed descriptive spelling; exact original spelling is not established.	src/Battlesport/hud.cpp:4153
recoil:function:0x408360	0x408360	zOpt::GetHudTypeForCurrentHwMode	zOpt::GetHudTypeForCurrentHwMode	retained	Inferred	Retain reconstructed descriptive spelling; exact original spelling is not established.	src/Battlesport/hud.cpp:4163
recoil:function:0x408380	0x408380	zOpt::GetReplicateMode	zOpt::GetReplicateMode	retained	Inferred	Retain reconstructed descriptive spelling; exact original spelling is not established.	src/Battlesport/hud.cpp:4172
recoil:function:0x408390	0x408390	zInp::SetJoystickOption	zInp::SetJoystickOption	retained	Inferred	Retain reconstructed descriptive spelling; exact original spelling is not established.	src/Battlesport/hud.cpp:4185
recoil:function:0x4083a0	0x4083a0	zInp::SetJoystickAxesCountOption	zInp::SetJoystickAxesCountOption	retained	Inferred	Retain reconstructed descriptive spelling; exact original spelling is not established.	src/Battlesport/hud.cpp:4199
recoil:function:0x4083b0	0x4083b0	zInp::SetJoystickButtonCountOption	zInp::SetJoystickButtonCountOption	retained	Inferred	Retain reconstructed descriptive spelling; exact original spelling is not established.	src/Battlesport/hud.cpp:4211
recoil:function:0x4083c0	0x4083c0	zInp::GetJoystickOption	zInp::GetJoystickOption	retained	Inferred	Retain reconstructed descriptive spelling; exact original spelling is not established.	src/Battlesport/hud.cpp:4223
recoil:function:0x4083d0	0x4083d0	zOpt_ViewRectSection::SetPosition	zOpt::ViewRectSectionSetPosition	renamed	Inferred	Synchronize current defining source name; descriptive reconstruction, not recovered original spelling.	src/Battlesport/hud.cpp:4237
recoil:function:0x408400	0x408400	zOpt_ViewRectSection::SetSize	zOpt::ViewRectSectionSetSize	renamed	Inferred	Synchronize current defining source name; descriptive reconstruction, not recovered original spelling.	src/Battlesport/hud.cpp:4257
recoil:function:0x408430	0x408430	zOpt_ViewRectSection::ClampPointToInclusiveBounds	zOpt::ViewRectSectionClampPointToInclusiveBounds	renamed	Inferred	Synchronize current defining source name; descriptive reconstruction, not recovered original spelling.	src/Battlesport/hud.cpp:4277
recoil:function:0x408480	0x408480	zOpt::CameraSection_SetActiveCamera	zOpt::CameraSectionSetActiveCamera	renamed	Inferred	Synchronize current defining source name; descriptive reconstruction, not recovered original spelling.	src/Battlesport/hud.cpp:4299
recoil:function:0x4084e0	0x4084e0	zOpt::CameraSection_GetActiveCamera	zOptCameraSectionGetActiveCamera	renamed	Inferred	Synchronize current defining source name; descriptive reconstruction, not recovered original spelling.	src/Battlesport/hud.cpp:4324
recoil:function:0x408500	0x408500	zOpt::RenderSection_SetSize	zOpt::RenderSectionSetSize	renamed	Inferred	Synchronize current defining source name; descriptive reconstruction, not recovered original spelling.	src/Battlesport/hud.cpp:4345
recoil:function:0x408530	0x408530	zOpt::RenderSection_SetPosition	zOpt::RenderSectionSetPosition	renamed	Inferred	Synchronize current defining source name; descriptive reconstruction, not recovered original spelling.	src/Battlesport/hud.cpp:4373
recoil:function:0x408570	0x408570	zOpt::RenderSection_SetTargetWindow	zOpt::RenderSectionSetTargetWindow	renamed	Inferred	Synchronize current defining source name; descriptive reconstruction, not recovered original spelling.	src/Battlesport/hud.cpp:4398
recoil:function:0x4085a0	0x4085a0	zOpt::GetRenderSection	zOpt::GetRenderSection	retained	Inferred	Retain reconstructed descriptive spelling; exact original spelling is not established.	src/Battlesport/hud.cpp:4418
recoil:function:0x4085b0	0x4085b0	zOpt::DisplaySection_SetTargetDisplay	zOpt::DisplaySectionSetTargetDisplay	renamed	Inferred	Synchronize current defining source name; descriptive reconstruction, not recovered original spelling.	src/Battlesport/hud.cpp:4427
recoil:function:0x4085e0	0x4085e0	zOpt::DisplaySection_SetPosition	zOpt::DisplaySectionSetPosition	renamed	Inferred	Synchronize current defining source name; descriptive reconstruction, not recovered original spelling.	src/Battlesport/hud.cpp:4455
recoil:function:0x408620	0x408620	zOpt::DisplaySection_SetSize	zOpt::DisplaySectionSetSize	renamed	Inferred	Synchronize current defining source name; descriptive reconstruction, not recovered original spelling.	src/Battlesport/hud.cpp:4487
recoil:function:0x408650	0x408650	zOpt::GetDisplaySection	zOpt::GetDisplaySection	retained	Inferred	Retain reconstructed descriptive spelling; exact original spelling is not established.	src/Battlesport/hud.cpp:4508
recoil:function:0x408660	0x408660	zOpt::DisplaySection_GetWidth	zOptDisplaySectionGetWidth	renamed	Inferred	Synchronize current defining source name; descriptive reconstruction, not recovered original spelling.	src/Battlesport/hud.cpp:4518
recoil:function:0x408670	0x408670	zOpt::DisplaySection_GetHeight	zOptDisplaySectionGetHeight	renamed	Inferred	Synchronize current defining source name; descriptive reconstruction, not recovered original spelling.	src/Battlesport/hud.cpp:4527
recoil:function:0x408680	0x408680	zOpt::DisplaySection_SetBitsPerPixel	zOpt::DisplaySectionSetBitsPerPixel	renamed	Inferred	Synchronize current defining source name; descriptive reconstruction, not recovered original spelling.	src/Battlesport/hud.cpp:4542
recoil:function:0x408690	0x408690	zOpt::GetDisplaySectionBitsPerPixel	zOpt::GetDisplaySectionBitsPerPixel	retained	Inferred	Retain reconstructed descriptive spelling; exact original spelling is not established.	src/Battlesport/hud.cpp:4554
recoil:function:0x4086a0	0x4086a0	zOpt::GetVideoStrideValue	zOpt::GetVideoStrideValue	retained	Inferred	Retain reconstructed descriptive spelling; exact original spelling is not established.	src/Battlesport/hud.cpp:4564
recoil:function:0x4086b0	0x4086b0	zVid::GetVideoModeIndexFromOptions	zVid::GetVideoModeIndexFromOptions	retained	Inferred	Retain reconstructed descriptive spelling; exact original spelling is not established.	src/Battlesport/hud.cpp:4576
recoil:function:0x4086c0	0x4086c0	zOpt::GetWindowSection	zOpt::GetWindowSection	retained	Inferred	Retain reconstructed descriptive spelling; exact original spelling is not established.	src/Battlesport/hud.cpp:4589
recoil:function:0x4086d0	0x4086d0	zOpt::GetWindowSectionHeight	zOpt::GetWindowSectionHeight	retained	Inferred	Retain reconstructed descriptive spelling; exact original spelling is not established.	src/Battlesport/hud.cpp:4599
recoil:function:0x4086e0	0x4086e0	zOpt::WindowSection_SetSize	zOpt::WindowSectionSetSize	renamed	Inferred	Synchronize current defining source name; descriptive reconstruction, not recovered original spelling.	src/Battlesport/hud.cpp:4613
recoil:function:0x408700	0x408700	zOpt::WindowSection_SetPosition	zOpt::WindowSectionSetPosition	renamed	Inferred	Synchronize current defining source name; descriptive reconstruction, not recovered original spelling.	src/Battlesport/hud.cpp:4630
recoil:function:0x408720	0x408720	zVid::SetVideoModeIndex	zVid::SetVideoModeIndex	retained	Inferred	Retain reconstructed descriptive spelling; exact original spelling is not established.	src/Battlesport/hud.cpp:4654
recoil:function:0x4089c0	0x4089c0	HudUiMgr::MapReplicatedScreenToRenderPoint	HudUiMgr::ScreenToWorld	renamed	Inferred	Synchronize current defining source name; descriptive reconstruction, not recovered original spelling.	src/Battlesport/hud.cpp:4754
recoil:function:0x408a10	0x408a10	zOpt::SetWolPasswordFlag	zOpt::SetWolPasswordFlag	retained	Inferred	Retain reconstructed descriptive spelling; exact original spelling is not established.	src/Battlesport/hud.cpp:4777
recoil:function:0x408a20	0x408a20	zOpt::GetWolPasswordFlagValue	zOptGetWolPasswordFlagValue	renamed	Inferred	Synchronize current defining source name; descriptive reconstruction, not recovered original spelling.	src/Battlesport/hud.cpp:4789
recoil:function:0x408a30	0x408a30	HudUiControlsDialog::Constructor	HudUiControlsDialog::HudUiControlsDialog	renamed	Inferred	Synchronize current defining source name; descriptive reconstruction, not recovered original spelling.	src/Battlesport/hud.cpp:4861
recoil:function:0x408c20	0x408c20	HudUiControlsDialog::CommandsButton_OnActivate	HudUiControlsDialog_CommandsWidget::OnActivate	renamed	Inferred	Synchronize current defining source name; descriptive reconstruction, not recovered original spelling.	src/Battlesport/hud.cpp:4918
recoil:function:0x408c40	0x408c40	HudUiControlsDialog::ScalarDeletingDestructor	HudUiControlsDialog::ScalarDeletingDestructor	retained	Inferred	Retain physical/compiler projection label; no unique attached defining function body in the source inventory.	
recoil:function:0x408c60	0x408c60	HudUiOptionSelectorWidget::DestructorCoreThunk	HudUiOptionSelectorWidget::DestructorCoreThunk	retained	Inferred	Retain physical/compiler projection label; no unique attached defining function body in the source inventory.	
recoil:function:0x408c70	0x408c70	HudUiControlsDialog::Destructor	HudUiControlsDialog::Destructor	retained	Inferred	Retain reconstructed descriptive spelling; exact original spelling is not established.	src/Battlesport/hud.cpp:4939
recoil:function:0x408d20	0x408d20	RecoilStateControls::StaticInitAndRegisterAtExit	RecoilStateControls::StaticInitAndRegisterAtExit	retained	Inferred	Retain reconstructed descriptive spelling; exact original spelling is not established.	src/Battlesport/hud.cpp:4956
recoil:function:0x408d30	0x408d30	RecoilStateControls::StaticInit	RecoilStateControls::StaticInit	retained	Inferred	Retain reconstructed descriptive spelling; exact original spelling is not established.	src/Battlesport/hud.cpp:5000
recoil:function:0x408d40	0x408d40	RecoilStateControls::RegisterAtExit	RecoilStateControls::RegisterAtExit	retained	Inferred	Retain reconstructed descriptive spelling; exact original spelling is not established.	src/Battlesport/hud.cpp:5010
recoil:function:0x408d50	0x408d50	RecoilStateControls::AtExitDestructor	RecoilStateControls::AtExitDestructor	retained	Inferred	Retain reconstructed descriptive spelling; exact original spelling is not established.	src/Battlesport/hud.cpp:5020
recoil:function:0x408d60	0x408d60	RecoilStateControls::Constructor	RecoilStateControls::RecoilStateControls	renamed	Inferred	Synchronize current defining source name; descriptive reconstruction, not recovered original spelling.	src/Battlesport/hud.cpp:5030
recoil:function:0x408d70	0x408d70	RecoilStateControls::ScalarDeletingDestructor	RecoilStateControls::ScalarDeletingDestructor	retained	Inferred	Retain physical/compiler projection label; no unique attached defining function body in the source inventory.	
recoil:function:0x408d90	0x408d90	RecoilStateControls::Destructor	RecoilStateControls::~RecoilStateControls	renamed	Inferred	Synchronize current defining source name; descriptive reconstruction, not recovered original spelling.	src/Battlesport/hud.cpp:5040
recoil:function:0x408df0	0x408df0	RecoilStateControls::OnTryBecomeCurrent	RecoilStateControls::OnTryBecomeCurrent	retained	Inferred	Retain reconstructed descriptive spelling; exact original spelling is not established.	src/Battlesport/hud.cpp:5055
recoil:function:0x408ec0	0x408ec0	RecoilStateControls::OnDeactivate	RecoilStateControls::OnDeactivate	retained	Inferred	Retain reconstructed descriptive spelling; exact original spelling is not established.	src/Battlesport/hud.cpp:5078
recoil:function:0x408fa0	0x408fa0	RecoilStateControls::OnResume	RecoilStateControls::OnResume	retained	Inferred	Retain reconstructed descriptive spelling; exact original spelling is not established.	src/Battlesport/hud.cpp:5148
recoil:function:0x408ff0	0x408ff0	RecoilStateControls::QueueEnter	RecoilStateControls::QueueEnter	retained	Inferred	Retain reconstructed descriptive spelling; exact original spelling is not established.	src/Battlesport/hud.cpp:5176
recoil:function:0x409010	0x409010	HudUiOptionSelectorWidget::EnableChildAtIndex	CHudRadioGroupWidget::EnableChildAtIndex	renamed	Inferred	Synchronize current defining source name; descriptive reconstruction, not recovered original spelling.	src/Battlesport/hud.cpp:5188
recoil:function:0x409040	0x409040	HudUiCreditsPanel::Constructor	HudUiCreditsPanel::HudUiCreditsPanel	renamed	Inferred	Synchronize current defining source name; descriptive reconstruction, not recovered original spelling.	src/Battlesport/hud.cpp:5214
recoil:function:0x409160	0x409160	HudUiZrdWidget::OnActivateQueueExitCurrentState	HudUiZrdWidget::OnActivateQueueExitCurrentState	retained	Inferred	Retain physical/compiler projection label; no unique attached defining function body in the source inventory.	
recoil:function:0x409180	0x409180	HudUiCreditsQuitButton::OnActivate	HudUiCreditsQuitButton::OnActivate	retained	Inferred	Retain reconstructed descriptive spelling; exact original spelling is not established.	src/Battlesport/hud.cpp:5293
recoil:function:0x4091c0	0x4091c0	HudUiCreditsPanel::ScalarDeletingDestructor	HudUiCreditsPanel::ScalarDeletingDestructor	retained	Inferred	Retain physical/compiler projection label; no unique attached defining function body in the source inventory.	
recoil:function:0x4091e0	0x4091e0	HudUiZrdScrollingText::Destructor	HudUiZrdScrollingText::~HudUiZrdScrollingText	renamed	Inferred	Synchronize current defining source name; descriptive reconstruction, not recovered original spelling.	src/Battlesport/hud.cpp:5310
recoil:function:0x4092a0	0x4092a0	HudUiCreditsPanel::Destructor	HudUiCreditsPanel::~HudUiCreditsPanel	renamed	Inferred	Synchronize current defining source name; descriptive reconstruction, not recovered original spelling.	src/Battlesport/hud.cpp:5320
recoil:function:0x409360	0x409360	HudUiZrdScrollingText::ScalarDeletingDestructor	HudUiZrdScrollingText::ScalarDeletingDestructor	retained	Inferred	Retain physical/compiler projection label; no unique attached defining function body in the source inventory.	
recoil:function:0x409380	0x409380	HudUiCreditsPanel::UpdateFadeAndExit	HudUiCreditsPanel::UpdateAll	renamed	Inferred	Synchronize current defining source name; descriptive reconstruction, not recovered original spelling.	src/Battlesport/hud.cpp:5328
recoil:function:0x409410	0x409410	HudUiZrdScrollingText::Update	HudUiZrdScrollingText::Update	retained	Inferred	Retain reconstructed descriptive spelling; exact original spelling is not established.	src/Battlesport/hud.cpp:5356
recoil:function:0x409470	0x409470	HudUiZrdScrollingText::UpdateScrollPositions	HudUiZrdScrollingText::UpdateScrollPositions	retained	Inferred	Retain reconstructed descriptive spelling; exact original spelling is not established.	src/Battlesport/hud.cpp:5378
recoil:function:0x409550	0x409550	HudUiZrdScrollingText::OnActivateResetOwnerFade	HudUiZrdScrollingText::OnActivateResetOwnerFade	retained	Inferred	Retain reconstructed descriptive spelling; exact original spelling is not established.	src/Battlesport/hud.cpp:5411
recoil:function:0x409570	0x409570	HudUiZrdScrollingText::LoadFromZrd	HudUiZrdScrollingText::LoadFromZrd	retained	Inferred	Retain reconstructed descriptive spelling; exact original spelling is not established.	src/Battlesport/hud.cpp:5492
recoil:function:0x409910	0x409910	HudUiPanelSpan::Clear	HudUiPanelSpan::Clear	retained	Inferred	Retain physical/compiler projection label; no unique attached defining function body in the source inventory.	
recoil:function:0x409950	0x409950	RecoilStateCredits::StaticInitAndRegisterAtExit	RecoilStateCredits::StaticInitAndRegisterAtExit	retained	Inferred	Retain reconstructed descriptive spelling; exact original spelling is not established.	src/Battlesport/hud.cpp:5646
recoil:function:0x409960	0x409960	RecoilStateCredits::StaticConstructGlobal	RecoilStateCredits::StaticInit	renamed	Inferred	Synchronize current defining source name; descriptive reconstruction, not recovered original spelling.	src/Battlesport/hud.cpp:5667
recoil:function:0x409970	0x409970	RecoilStateCredits::StaticInit	RecoilStateCredits::RegisterAtExit	renamed	Inferred	Synchronize current defining source name; descriptive reconstruction, not recovered original spelling.	src/Battlesport/hud.cpp:5678
recoil:function:0x409980	0x409980	RecoilStateCredits::RegisterAtExit	RecoilStateCredits::AtExitDestructor	renamed	Inferred	Synchronize current defining source name; descriptive reconstruction, not recovered original spelling.	src/Battlesport/hud.cpp:5688
recoil:function:0x409990	0x409990	RecoilStateCredits::Constructor	RecoilStateCredits::RecoilStateCredits	renamed	Inferred	Synchronize current defining source name; descriptive reconstruction, not recovered original spelling.	src/Battlesport/hud.cpp:5699
recoil:function:0x4099a0	0x4099a0	RecoilStateCredits::OnWndActivate	RecoilStateDialogHost::OnWndActivate	renamed	Inferred	Synchronize current defining source name; descriptive reconstruction, not recovered original spelling.	src/Battlesport/hud.cpp:5711
recoil:function:0x4099d0	0x4099d0	RecoilStateCredits::ScalarDeletingDestructor	RecoilStateCredits::ScalarDeletingDestructor	retained	Inferred	Retain physical/compiler projection label; no unique attached defining function body in the source inventory.	
recoil:function:0x4099f0	0x4099f0	RecoilStateCredits::Destructor	RecoilStateCredits::~RecoilStateCredits	renamed	Inferred	Synchronize current defining source name; descriptive reconstruction, not recovered original spelling.	src/Battlesport/hud.cpp:5732
recoil:function:0x409a60	0x409a60	RecoilStateCredits::OnTryBecomeCurrent	RecoilStateCredits::OnTryBecomeCurrent	retained	Inferred	Retain reconstructed descriptive spelling; exact original spelling is not established.	src/Battlesport/hud.cpp:5754
recoil:function:0x409ad0	0x409ad0	RecoilStateCredits::OnDeactivate	RecoilStateDialogHost::OnDeactivate	renamed	Inferred	Synchronize current defining source name; descriptive reconstruction, not recovered original spelling.	src/Battlesport/hud.cpp:5773
recoil:function:0x409b00	0x409b00	RecoilStateCredits::QueuePush	RecoilStateCredits::QueuePush	retained	Inferred	Retain reconstructed descriptive spelling; exact original spelling is not established.	src/Battlesport/hud.cpp:5794
recoil:function:0x40a1e0	0x40a1e0	HudUiPanelLayoutEntry::CopyAssign	HudUiPanelLayoutEntry::CopyAssign	retained	Inferred	Retain physical/compiler projection label; no unique attached defining function body in the source inventory.	
recoil:function:0x40a210	0x40a210	HudUiPanelLayoutEntry::CopyConstruct	HudUiPanelLayoutEntry::CopyConstruct	retained	Inferred	Retain physical/compiler projection label; no unique attached defining function body in the source inventory.	
recoil:function:0x40a240	0x40a240	HudUiPanelSpan::CopyInit	HudUiPanelSpan::CopyInit	retained	Inferred	Retain physical/compiler projection label; no unique attached defining function body in the source inventory.	
recoil:function:0x40a300	0x40a300	HudUiPanelSpan::CopyFrom	HudUiPanelSpan::CopyFrom	retained	Inferred	Retain physical/compiler projection label; no unique attached defining function body in the source inventory.	
recoil:function:0x40a590	0x40a590	HudUiPanel::ScalarDeletingDestructor	HudUiPanel::ScalarDeletingDestructor	retained	Inferred	Retain physical/compiler projection label; no unique attached defining function body in the source inventory.	
recoil:function:0x40a5b0	0x40a5b0	HudCmdDialog::Constructor	HudCmdDialog::HudCmdDialog	renamed	Inferred	Synchronize current defining source name; descriptive reconstruction, not recovered original spelling.	src/Battlesport/hud.cpp:6165
recoil:function:0x40a920	0x40a920	HudCmdDialog::ScalarDeletingDestructor	HudCmdDialog::ScalarDeletingDestructor	retained	Inferred	Retain physical/compiler projection label; no unique attached defining function body in the source inventory.	
recoil:function:0x40a940	0x40a940	HudCmdCommandList::Destructor	HudCmdCommandList::Destructor	retained	Inferred	Retain physical/compiler projection label; no unique attached defining function body in the source inventory.	
recoil:function:0x40aa30	0x40aa30	HudCmdKeyAButton::Destructor	HudCmdKeyAButton::Destructor	retained	Inferred	Retain physical/compiler projection label; no unique attached defining function body in the source inventory.	
recoil:function:0x40ab20	0x40ab20	HudCmdKeyBButton::Destructor	HudCmdKeyBButton::Destructor	retained	Inferred	Retain physical/compiler projection label; no unique attached defining function body in the source inventory.	
recoil:function:0x40ac10	0x40ac10	HudCmdJoyButton::Destructor	HudCmdJoyButton::Destructor	retained	Inferred	Retain physical/compiler projection label; no unique attached defining function body in the source inventory.	
recoil:function:0x40ad00	0x40ad00	HudCmdMouseButton::Destructor	HudCmdMouseButton::Destructor	retained	Inferred	Retain physical/compiler projection label; no unique attached defining function body in the source inventory.	
recoil:function:0x40adf0	0x40adf0	HudCmdDialog::Destructor	HudCmdDialog::~HudCmdDialog	renamed	Inferred	Synchronize current defining source name; descriptive reconstruction, not recovered original spelling.	src/Battlesport/hud.cpp:6272
recoil:function:0x40b140	0x40b140	HudCmdDialog::UpdateCaptureState	HudCmdDialog::UpdateAll	renamed	Inferred	Synchronize current defining source name; descriptive reconstruction, not recovered original spelling.	src/Battlesport/hud.cpp:6281
recoil:function:0x40b3e0	0x40b3e0	HudCmdDialog::ApplyPrimaryKeyRebind	HudCmdDialog::ApplyPrimaryKeyRebind	retained	Inferred	Retain reconstructed descriptive spelling; exact original spelling is not established.	src/Battlesport/hud.cpp:6378
recoil:function:0x40b460	0x40b460	HudCmdDialog::ApplySecondaryKeyRebind	HudCmdDialog::ApplySecondaryKeyRebind	retained	Inferred	Retain reconstructed descriptive spelling; exact original spelling is not established.	src/Battlesport/hud.cpp:6406
recoil:function:0x40b4e0	0x40b4e0	HudCmdDialog::ApplyJoystickButtonRebind	HudCmdDialog::ApplyJoystickButtonRebind	retained	Inferred	Retain reconstructed descriptive spelling; exact original spelling is not established.	src/Battlesport/hud.cpp:6436
recoil:function:0x40b560	0x40b560	HudCmdDialog::ApplyMouseButtonRebind	HudCmdDialog::ApplyMouseButtonRebind	retained	Inferred	Retain reconstructed descriptive spelling; exact original spelling is not established.	src/Battlesport/hud.cpp:6463
recoil:function:0x40b5e0	0x40b5e0	HudCmdDialog::SelectGroupRelative	HudCmdDialog::SelectGroupRelative	retained	Inferred	Retain reconstructed descriptive spelling; exact original spelling is not established.	src/Battlesport/hud.cpp:6490
recoil:function:0x40b630	0x40b630	HudCmdDialog::SelectCommandRelative	HudCmdDialog::SelectCommandRelative	retained	Inferred	Retain reconstructed descriptive spelling; exact original spelling is not established.	src/Battlesport/hud.cpp:6514
recoil:function:0x40b680	0x40b680	HudCmdDialog::RebuildCommandBindingListsForGroup	HudCmdDialog::RebuildCommandBindingListsForGroup	retained	Inferred	Retain reconstructed descriptive spelling; exact original spelling is not established.	src/Battlesport/hud.cpp:6543
recoil:function:0x40b930	0x40b930	HudCmdResetButton::OnActivate	HudCmdResetButton::OnActivate	retained	Inferred	Retain reconstructed descriptive spelling; exact original spelling is not established.	src/Battlesport/hud.cpp:6606
recoil:function:0x40b960	0x40b960	HudCmdSetListWidget::OnActivate	HudCmdSetListWidget::OnActivate	retained	Inferred	Retain reconstructed descriptive spelling; exact original spelling is not established.	src/Battlesport/hud.cpp:6623
recoil:function:0x40b980	0x40b980	HudCmdDialog::OnCommandSelectionChanged	HudCmdDialog::OnCommandSelectionChanged	retained	Inferred	Retain reconstructed descriptive spelling; exact original spelling is not established.	src/Battlesport/hud.cpp:6637
recoil:function:0x40ba30	0x40ba30	HudCmdKeyAButton::OnBeginCapture	HudCmdKeyAButton::OnBeginCapture	retained	Inferred	Retain reconstructed descriptive spelling; exact original spelling is not established.	src/Battlesport/hud.cpp:6665
recoil:function:0x40ba60	0x40ba60	HudCmdKeyAButton::OnClearBinding	HudCmdKeyAButton::OnClearBinding	retained	Inferred	Retain reconstructed descriptive spelling; exact original spelling is not established.	src/Battlesport/hud.cpp:6679
recoil:function:0x40ba90	0x40ba90	HudCmdBindButtonBase::OnSelectionChangedRefresh	HudCmdBindButton::OnSelectionChangedRefresh	renamed	Inferred	Synchronize current defining source name; descriptive reconstruction, not recovered original spelling.	src/Battlesport/hud.cpp:6693
recoil:function:0x40bab0	0x40bab0	HudCmdKeyBButton::OnBeginCapture	HudCmdKeyBButton::OnBeginCapture	retained	Inferred	Retain reconstructed descriptive spelling; exact original spelling is not established.	src/Battlesport/hud.cpp:6705
recoil:function:0x40bae0	0x40bae0	HudCmdKeyBButton::OnClearBinding	HudCmdKeyBButton::OnClearBinding	retained	Inferred	Retain reconstructed descriptive spelling; exact original spelling is not established.	src/Battlesport/hud.cpp:6719
recoil:function:0x40bb00	0x40bb00	HudCmdJoyButton::OnBeginCapture	HudCmdJoyButton::OnBeginCapture	retained	Inferred	Retain reconstructed descriptive spelling; exact original spelling is not established.	src/Battlesport/hud.cpp:6729
recoil:function:0x40bb30	0x40bb30	HudCmdJoyButton::OnClearBinding	HudCmdJoyButton::OnClearBinding	retained	Inferred	Retain reconstructed descriptive spelling; exact original spelling is not established.	src/Battlesport/hud.cpp:6743
recoil:function:0x40bb50	0x40bb50	HudCmdMouseButton::OnBeginCapture	HudCmdMouseButton::OnBeginCapture	retained	Inferred	Retain reconstructed descriptive spelling; exact original spelling is not established.	src/Battlesport/hud.cpp:6754
recoil:function:0x40bb80	0x40bb80	HudCmdMouseButton::OnClearBinding	HudCmdMouseButton::OnClearBinding	retained	Inferred	Retain reconstructed descriptive spelling; exact original spelling is not established.	src/Battlesport/hud.cpp:6772
recoil:function:0x40bba0	0x40bba0	HudCmdDialogCallback::NextSet	HudCmdNextSetButton::OnActivate	renamed	Inferred	Synchronize current defining source name; descriptive reconstruction, not recovered original spelling.	src/Battlesport/hud.cpp:6788
recoil:function:0x40bbc0	0x40bbc0	HudCmdDialogCallback::PrevSet	HudCmdPrevSetButton::OnActivate	renamed	Inferred	Synchronize current defining source name; descriptive reconstruction, not recovered original spelling.	src/Battlesport/hud.cpp:6801
recoil:function:0x40bbe0	0x40bbe0	HudCmdNextCommandButton::OnActivate	HudCmdNextCommandButton::OnActivate	retained	Inferred	Retain reconstructed descriptive spelling; exact original spelling is not established.	src/Battlesport/hud.cpp:6814
recoil:function:0x40bc00	0x40bc00	HudCmdDialogCallback::PrevCommand	HudCmdPrevCommandButton::OnActivate	renamed	Inferred	Synchronize current defining source name; descriptive reconstruction, not recovered original spelling.	src/Battlesport/hud.cpp:6827
recoil:function:0x40bc20	0x40bc20	HudCmdDialogState::StaticInitAndRegisterAtExit	HudCmdDialogState::StaticInitAndRegisterAtExit	retained	Inferred	Retain reconstructed descriptive spelling; exact original spelling is not established.	src/Battlesport/hud.cpp:6838
recoil:function:0x40bc30	0x40bc30	HudCmdDialogState::StaticInit	HudCmdDialogState::StaticInit	retained	Inferred	Retain reconstructed descriptive spelling; exact original spelling is not established.	src/Battlesport/hud.cpp:6849
recoil:function:0x40bc40	0x40bc40	HudCmdDialogState::RegisterAtExit	HudCmdDialogState::RegisterAtExit	retained	Inferred	Retain reconstructed descriptive spelling; exact original spelling is not established.	src/Battlesport/hud.cpp:6859
recoil:function:0x40bc50	0x40bc50	HudCmdDialogState::AtExitDestructor	HudCmdDialogState::AtExitDestructor	retained	Inferred	Retain reconstructed descriptive spelling; exact original spelling is not established.	src/Battlesport/hud.cpp:6869
recoil:function:0x40bc60	0x40bc60	HudCmdDialogState::Constructor	HudCmdDialogState::HudCmdDialogState	renamed	Inferred	Synchronize current defining source name; descriptive reconstruction, not recovered original spelling.	src/Battlesport/hud.cpp:6888
recoil:function:0x40bc70	0x40bc70	HudCmdDialogState::ScalarDeletingDestructor	HudCmdDialogState::ScalarDeletingDestructor	retained	Inferred	Retain physical/compiler projection label; no unique attached defining function body in the source inventory.	
recoil:function:0x40bc90	0x40bc90	HudCmdDialogState::DestructorCore	HudCmdDialogState::~HudCmdDialogState	renamed	Inferred	Synchronize current defining source name; descriptive reconstruction, not recovered original spelling.	src/Battlesport/hud.cpp:6898
recoil:function:0x40bcf0	0x40bcf0	HudCmdDialogState::OnTryBecomeCurrent	HudCmdDialogState::OnTryBecomeCurrent	retained	Inferred	Retain reconstructed descriptive spelling; exact original spelling is not established.	src/Battlesport/hud.cpp:6913
recoil:function:0x40bd60	0x40bd60	HudCmdDialogState::OnDeactivate	HudCmdDialogState::OnDeactivate	retained	Inferred	Retain reconstructed descriptive spelling; exact original spelling is not established.	src/Battlesport/hud.cpp:6931
recoil:function:0x40bda0	0x40bda0	HudCmdDialogState::QueueEnter	HudCmdDialogState::QueueEnter	retained	Inferred	Retain reconstructed descriptive spelling; exact original spelling is not established.	src/Battlesport/hud.cpp:6957
recoil:function:0x40be90	0x40be90	HudUiPanel::Invalidate	HudUiPanel::Invalidate	retained	Inferred	Retain reconstructed descriptive spelling; exact original spelling is not established.	src/Battlesport/hud.cpp:6978
recoil:function:0x40bea0	0x40bea0	HudUiPanel::GetFont	HudUiPanel::GetFont	retained	Inferred	Retain reconstructed descriptive spelling; exact original spelling is not established.	src/Battlesport/hud.cpp:6988
recoil:function:0x40beb0	0x40beb0	HudUiPanel::SetFontHandle	HudUiPanel::SetFontHandle	retained	Inferred	Retain reconstructed descriptive spelling; exact original spelling is not established.	src/Battlesport/hud.cpp:6997
recoil:function:0x40bec0	0x40bec0	HudUiPanel::EnableWordWrapWithRect	HudUiPanel::EnableWordWrapWithRect	retained	Inferred	Retain reconstructed descriptive spelling; exact original spelling is not established.	src/Battlesport/hud.cpp:7008
recoil:function:0x40bef0	0x40bef0	HudUiPanel::DestructorThunk	HudUiPanel::DestructorThunk	retained	Inferred	Retain physical/compiler projection label; no unique attached defining function body in the source inventory.	
recoil:function:0x40bf00	0x40bf00	HudUtil::FreeFieldPtr	HudCmdBindingEntry::~HudCmdBindingEntry	renamed	Inferred	Synchronize current defining source name; descriptive reconstruction, not recovered original spelling.	src/Battlesport/hud.cpp:7022
recoil:function:0x40bf20	0x40bf20	HudCmdBindingEntry::DeleteAndReturnNull	HudCmdBindingEntryDelete::operator	renamed	Inferred	Synchronize current defining source name; descriptive reconstruction, not recovered original spelling.	src/Battlesport/hud.cpp:7034
recoil:function:0x40bf50	0x40bf50	HudCmdBindingEntry::ScalarDeletingDestructor	HudCmdBindingEntry::ScalarDeletingDestructor	retained	Inferred	Retain physical/compiler projection label; no unique attached defining function body in the source inventory.	
recoil:function:0x40bf80	0x40bf80	HudCmdBindButtonBase::AddBindingEntry	HudCmdBindButtonBase::AddBindingEntry	retained	Inferred	Retain reconstructed descriptive spelling; exact original spelling is not established.	src/Battlesport/hud.cpp:7049
recoil:function:0x40c1d0	0x40c1d0	HudCmdBindButtonBase::ClearBindingEntries	HudCmdBindButtonBase::ClearBindingEntries	retained	Inferred	Retain reconstructed descriptive spelling; exact original spelling is not established.	src/Battlesport/hud.cpp:7073
recoil:function:0x40c260	0x40c260	HudCmdBindButtonBase::ScalarDeletingDestructor	HudCmdBindButtonBase::ScalarDeletingDestructor	retained	Inferred	Retain physical/compiler projection label; no unique attached defining function body in the source inventory.	
recoil:function:0x40c280	0x40c280	HudCmdBindButtonBase::DestructorCore	HudCmdBindButtonBase::~HudCmdBindButtonBase	renamed	Inferred	Synchronize current defining source name; descriptive reconstruction, not recovered original spelling.	src/Battlesport/hud.cpp:7093
recoil:function:0x40c370	0x40c370	zSys::ProbePlatformAndVideoCaps	zSys::ProbePlatformAndVideoCaps	retained	Inferred	Retain reconstructed descriptive spelling; exact original spelling is not established.	src/Battlesport/hud.cpp:7191
recoil:function:0x40c6e0	0x40c6e0	HudUiOptionsPanelBackButton::OnActivate	HudUiOptionsPanelBackButton::OnActivate	retained	Inferred	Retain reconstructed descriptive spelling; exact original spelling is not established.	src/Battlesport/hud.cpp:7364
recoil:function:0x40c720	0x40c720	HudOptionsDialog::Constructor	HudOptionsDialog::HudOptionsDialog	renamed	Inferred	Synchronize current defining source name; descriptive reconstruction, not recovered original spelling.	src/Battlesport/hud.cpp:7380
recoil:function:0x40c9c0	0x40c9c0	HudUiOptionsPanel_Lighting::InitFromOptions	CHudUiOptionsPanelLighting::InitFromOptions	renamed	Inferred	Synchronize renamed source identifier within existing physical/compiler projection label.	
recoil:function:0x40c9e0	0x40c9e0	HudUiOptionsPanel_Lighting::SyncFromOptions	CHudUiOptionsPanelLighting::SyncFromOptions	renamed	Inferred	Synchronize current defining source name; descriptive reconstruction, not recovered original spelling.	src/Battlesport/hud.cpp:7479
recoil:function:0x40ca20	0x40ca20	HudUiOptionsPanel_Perspective::InitFromOptions	CHudUiOptionsPanelPerspective::InitFromOptions	renamed	Inferred	Synchronize renamed source identifier within existing physical/compiler projection label.	
recoil:function:0x40ca40	0x40ca40	HudUiOptionsPanel_Perspective::SyncFromOptions	CHudUiOptionsPanelPerspective::SyncFromOptions	renamed	Inferred	Synchronize current defining source name; descriptive reconstruction, not recovered original spelling.	src/Battlesport/hud.cpp:7522
recoil:function:0x40ca80	0x40ca80	HudUiOptionsPanel_FullHud::InitFromOptions	CHudUiOptionsPanelFullHud::InitFromOptions	renamed	Inferred	Synchronize renamed source identifier within existing physical/compiler projection label.	
recoil:function:0x40caa0	0x40caa0	HudUiCheckToggleWidget::OnActivateThunk	HudUiCheckToggleWidget::OnActivateThunk	retained	Inferred	Retain physical/compiler projection label; no unique attached defining function body in the source inventory.	
recoil:function:0x40cab0	0x40cab0	HudUiOptionsPanel_ObjectDetail::InitFromOptions	CHudUiOptionsPanelObjectDetail::InitFromOptions	renamed	Inferred	Synchronize renamed source identifier within existing physical/compiler projection label.	
recoil:function:0x40cad0	0x40cad0	HudUiOptionsPanel_ObjectDetail::SyncFromOptions	CHudUiOptionsPanelObjectDetail::SyncFromOptions	renamed	Inferred	Synchronize renamed source identifier within existing physical/compiler projection label.	
recoil:function:0x40caf0	0x40caf0	HudUiOptionsPanel_TextureMemory::InitFromOptions	CHudUiOptionsPanelTextureMemory::InitFromOptions	renamed	Inferred	Synchronize renamed source identifier within existing physical/compiler projection label.	
recoil:function:0x40cb10	0x40cb10	HudUiOptionsPanel_TextureMemory::SyncFromOptions	CHudUiOptionsPanelTextureMemory::SyncFromOptions	renamed	Inferred	Synchronize renamed source identifier within existing physical/compiler projection label.	
recoil:function:0x40cb30	0x40cb30	HudUiOptionsPanel_Effects::InitFromOptions	CHudUiOptionsPanelEffects::InitFromOptions	renamed	Inferred	Synchronize renamed source identifier within existing physical/compiler projection label.	
recoil:function:0x40cb70	0x40cb70	HudUiOptionsPanel_Effects::SyncFromOptions	CHudUiOptionsPanelEffects::SyncFromOptions	renamed	Inferred	Synchronize renamed source identifier within existing physical/compiler projection label.	
recoil:function:0x40cb90	0x40cb90	HudUiOptionsPanel_SoundActive::InitFromOptions	CHudUiOptionsPanelSoundActive::InitFromOptions	renamed	Inferred	Synchronize renamed source identifier within existing physical/compiler projection label.	
recoil:function:0x40cbb0	0x40cbb0	HudUiOptionsPanel_SoundActive::SyncFromOptions	CHudUiOptionsPanelSoundActive::SyncFromOptions	renamed	Inferred	Synchronize renamed source identifier within existing physical/compiler projection label.	
recoil:function:0x40cbd0	0x40cbd0	HudUiOptionsPanel_SoundQuality::InitFromOptions	CHudUiOptionsPanelSoundQuality::InitFromOptions	renamed	Inferred	Synchronize renamed source identifier within existing physical/compiler projection label.	
recoil:function:0x40cbf0	0x40cbf0	HudUiOptionsPanel_SoundQuality::SyncFromOptions	CHudUiOptionsPanelSoundQuality::SyncFromOptions	renamed	Inferred	Synchronize current defining source name; descriptive reconstruction, not recovered original spelling.	src/Battlesport/hud.cpp:7760
recoil:function:0x40cc10	0x40cc10	HudUiOptionsPanel_SoundVolume::SyncFromOptions	CHudUiOptionsPanelSoundVolume::SyncFromOptions	renamed	Inferred	Synchronize renamed source identifier within existing physical/compiler projection label.	
recoil:function:0x40cc30	0x40cc30	HudUiOptionsPanel_SoundVolume::OnActivate	CHudUiOptionsPanelSoundVolume::OnActivate	renamed	Inferred	Synchronize current defining source name; descriptive reconstruction, not recovered original spelling.	src/Battlesport/hud.cpp:7789
recoil:function:0x40cc60	0x40cc60	HudUiOptionsPanel_MusicEnable::SyncFromOptions	CHudUiOptionsPanelMusicEnable::SyncFromOptions	renamed	Inferred	Synchronize renamed source identifier within existing physical/compiler projection label.	
recoil:function:0x40cc80	0x40cc80	HudUiOptionsPanel_MusicEnable::OnActivate	CHudUiOptionsPanelMusicEnable::OnActivate	renamed	Inferred	Synchronize current defining source name; descriptive reconstruction, not recovered original spelling.	src/Battlesport/hud.cpp:7819
recoil:function:0x40ccc0	0x40ccc0	HudUiOptionsPanel_MusicVolume::SyncFromOptions	CHudUiOptionsPanelMusicVolume::SyncFromOptions	renamed	Inferred	Synchronize renamed source identifier within existing physical/compiler projection label.	
recoil:function:0x40cd00	0x40cd00	HudUiOptionsPanel_MusicVolume::OnActivate	CHudUiOptionsPanelMusicVolume::OnActivate	renamed	Inferred	Synchronize current defining source name; descriptive reconstruction, not recovered original spelling.	src/Battlesport/hud.cpp:7857
recoil:function:0x40cd30	0x40cd30	HudUiOptionsPanel_Resolution::SyncFromOptions	CHudUiOptionsPanelResolution::SyncFromOptions	renamed	Inferred	Synchronize renamed source identifier within existing physical/compiler projection label.	
recoil:function:0x40ce80	0x40ce80	HudUiOptionsPanel_Resolution::OnActivate	CHudUiOptionsPanelResolution::OnActivate	renamed	Inferred	Synchronize current defining source name; descriptive reconstruction, not recovered original spelling.	src/Battlesport/hud.cpp:7945
recoil:function:0x40cf00	0x40cf00	HudOptionsDialog::ScalarDeletingDestructor	HudOptionsDialog::ScalarDeletingDestructor	retained	Inferred	Retain physical/compiler projection label; no unique attached defining function body in the source inventory.	
recoil:function:0x40cf20	0x40cf20	HudUiZrdWidget::DestructorCoreThunk	HudUiZrdWidget::DestructorCoreThunk	retained	Inferred	Retain physical/compiler projection label; no unique attached defining function body in the source inventory.	
recoil:function:0x40cf30	0x40cf30	HudUiCheckToggleWidget::DestructorCoreThunk	HudUiCheckToggleWidget::DestructorCoreThunk	retained	Inferred	Retain physical/compiler projection label; no unique attached defining function body in the source inventory.	
recoil:function:0x40cf40	0x40cf40	HudUiCycleSelectorWidget::DestructorCoreThunk	HudUiCycleSelectorWidget::DestructorCoreThunk	retained	Inferred	Retain physical/compiler projection label; no unique attached defining function body in the source inventory.	
recoil:function:0x40cf50	0x40cf50	HudUiFillBitmap::DestructorCoreThunk	HudUiFillBitmap::DestructorCoreThunk	retained	Inferred	Retain physical/compiler projection label; no unique attached defining function body in the source inventory.	
recoil:function:0x40cf60	0x40cf60	HudOptionsDialog::DestructorCore	HudOptionsDialog::~HudOptionsDialog	renamed	Inferred	Synchronize current defining source name; descriptive reconstruction, not recovered original spelling.	src/Battlesport/hud.cpp:8007
recoil:function:0x40d070	0x40d070	HudUiOptionsPanelOverlayOwner::StaticInitAndRegisterAtExit	HudUiOptionsPanelOverlayOwner::StaticInitAndRegisterAtExit	retained	Inferred	Retain reconstructed descriptive spelling; exact original spelling is not established.	src/Battlesport/hud.cpp:8017
recoil:function:0x40d080	0x40d080	HudUiOptionsPanelOverlayOwner::StaticInit	HudUiOptionsPanelOverlayOwner::StaticInit	retained	Inferred	Retain reconstructed descriptive spelling; exact original spelling is not established.	src/Battlesport/hud.cpp:8028
recoil:function:0x40d090	0x40d090	HudUiOptionsPanelOverlayOwner::RegisterAtExit	HudUiOptionsPanelOverlayOwner::RegisterAtExit	retained	Inferred	Retain reconstructed descriptive spelling; exact original spelling is not established.	src/Battlesport/hud.cpp:8038
recoil:function:0x40d0a0	0x40d0a0	HudUiOptionsPanelOverlayOwner::AtExitDestructor	HudUiOptionsPanelOverlayOwner::AtExitDestructor	retained	Inferred	Retain reconstructed descriptive spelling; exact original spelling is not established.	src/Battlesport/hud.cpp:8048
recoil:function:0x40d0b0	0x40d0b0	HudUiOptionsPanelOverlayOwner::Constructor	HudUiOptionsPanelOverlayOwner::HudUiOptionsPanelOverlayOwner	renamed	Inferred	Synchronize current defining source name; descriptive reconstruction, not recovered original spelling.	src/Battlesport/hud.cpp:8058
recoil:function:0x40d0c0	0x40d0c0	HudUiOptionsPanelOverlayOwner::ScalarDeletingDestructor	HudUiOptionsPanelOverlayOwner::ScalarDeletingDestructor	retained	Inferred	Retain physical/compiler projection label; no unique attached defining function body in the source inventory.	
recoil:function:0x40d0e0	0x40d0e0	HudUiOptionsPanelOverlayOwner::DestructorCore	HudUiOptionsPanelOverlayOwner::~HudUiOptionsPanelOverlayOwner	renamed	Inferred	Synchronize current defining source name; descriptive reconstruction, not recovered original spelling.	src/Battlesport/hud.cpp:8068
recoil:function:0x40d150	0x40d150	HudUiOptionsPanelOverlayOwner::OnTryBecomeCurrent	HudUiOptionsPanelOverlayOwner::OnTryBecomeCurrent	retained	Inferred	Retain reconstructed descriptive spelling; exact original spelling is not established.	src/Battlesport/hud.cpp:8088
recoil:function:0x40d1c0	0x40d1c0	HudUiOptionsPanelOverlayOwner::QueueEnter	HudUiOptionsPanelOverlayOwner::QueueEnter	retained	Inferred	Retain reconstructed descriptive spelling; exact original spelling is not established.	src/Battlesport/hud.cpp:8101
recoil:function:0x40d1e0	0x40d1e0	HudUiTriplet::StaticInitWndClassNameAndRegisterAtExit	HudUiTriplet::StaticInitWndClassNameAndRegisterAtExit	retained	Inferred	Retain reconstructed descriptive spelling; exact original spelling is not established.	src/Battlesport/hud.cpp:8220
recoil:function:0x40d1f0	0x40d1f0	HudUiTriplet::ConstructWndClassName	HudUiTriplet::ConstructWndClassName	retained	Inferred	Retain reconstructed descriptive spelling; exact original spelling is not established.	src/Battlesport/hud.cpp:8232
recoil:function:0x40d200	0x40d200	HudUiTriplet::RegisterWndClassNameDtorAtExit	HudUiTriplet::RegisterWndClassNameDtorAtExit	retained	Inferred	Retain reconstructed descriptive spelling; exact original spelling is not established.	src/Battlesport/hud.cpp:8243
recoil:function:0x40d210	0x40d210	HudUiTriplet::DestroyWndClassName	HudUiTriplet::DestroyWndClassName	retained	Inferred	Retain reconstructed descriptive spelling; exact original spelling is not established.	src/Battlesport/hud.cpp:8253
recoil:function:0x40d220	0x40d220	HudUiListMenuEntry::CompareSortKey	HudUiListMenuEntry::CompareSortKey	retained	Inferred	Retain reconstructed descriptive spelling; exact original spelling is not established.	src/Battlesport/hud.cpp:8113
recoil:function:0x40d260	0x40d260	HudLayoutSW::CrtInitGlobalSingleton	HudLayoutSW::CrtInitGlobalSingleton	retained	Inferred	Retain physical/compiler projection label; no unique attached defining function body in the source inventory.	
recoil:function:0x40d270	0x40d270	HudLayoutSW::GlobalInit	HudLayoutSW::GlobalInit	retained	Inferred	Retain physical/compiler projection label; no unique attached defining function body in the source inventory.	
recoil:function:0x40d280	0x40d280	HudLayoutSW::RegisterAtExit	HudLayoutSW::RegisterAtExit	retained	Inferred	Retain physical/compiler projection label; no unique attached defining function body in the source inventory.	
recoil:function:0x40d290	0x40d290	HudLayoutSW::AtExitDestructor	HudLayoutSW::AtExitDestructor	retained	Inferred	Retain physical/compiler projection label; no unique attached defining function body in the source inventory.	
recoil:function:0x40d2a0	0x40d2a0	HudLayoutSW::GlobalDestructor	HudLayoutSW::GlobalDestructor	retained	Inferred	Retain physical/compiler projection label; no unique attached defining function body in the source inventory.	
recoil:function:0x40d2f0	0x40d2f0	HudLayoutHW::CrtInitGlobalSingleton	HudLayoutHW::CrtInitGlobalSingleton	retained	Inferred	Retain physical/compiler projection label; no unique attached defining function body in the source inventory.	
recoil:function:0x40d300	0x40d300	HudLayoutHW::GlobalInit	HudLayoutHW::GlobalInit	retained	Inferred	Retain physical/compiler projection label; no unique attached defining function body in the source inventory.	
recoil:function:0x40d310	0x40d310	HudLayoutHW::RegisterAtExit	HudLayoutHW::RegisterAtExit	retained	Inferred	Retain physical/compiler projection label; no unique attached defining function body in the source inventory.	
recoil:function:0x40d320	0x40d320	HudLayoutHW::AtExitDestructor	HudLayoutHW::AtExitDestructor	retained	Inferred	Retain physical/compiler projection label; no unique attached defining function body in the source inventory.	
recoil:function:0x40d330	0x40d330	HudLayoutHW::GlobalDestructor	HudLayoutHW::GlobalDestructor	retained	Inferred	Retain physical/compiler projection label; no unique attached defining function body in the source inventory.	
recoil:function:0x40d3b0	0x40d3b0	HudLayoutBase::Destructor	HudLayoutBase::Destructor	retained	Inferred	Retain reconstructed descriptive spelling; exact original spelling is not established.	src/Battlesport/hud.cpp:8282
recoil:function:0x40d400	0x40d400	HudUiMgr::StaticInitAndRegisterAtExit	HudUiMgr::StaticInitAndRegisterAtExit	retained	Inferred	Retain reconstructed descriptive spelling; exact original spelling is not established.	src/Battlesport/hud.cpp:8309
recoil:function:0x40d410	0x40d410	HudUiMgr::StaticInit	HudUiMgr::StaticInit	retained	Inferred	Retain reconstructed descriptive spelling; exact original spelling is not established.	src/Battlesport/hud.cpp:8319
recoil:function:0x40d420	0x40d420	HudUiMgr::RegisterAtExit	HudUiMgr::RegisterAtExit	retained	Inferred	Retain reconstructed descriptive spelling; exact original spelling is not established.	src/Battlesport/hud.cpp:8329
recoil:function:0x40d430	0x40d430	HudUiMgr::AtExitDestructor	HudUiMgr::AtExitDestructor	retained	Inferred	Retain reconstructed descriptive spelling; exact original spelling is not established.	src/Battlesport/hud.cpp:8338
recoil:function:0x40d440	0x40d440	HudUiMgr::StaticDestructor	HudUiMgr::StaticDestructor	retained	Inferred	Retain physical/compiler projection label; no unique attached defining function body in the source inventory.	
recoil:function:0x40d590	0x40d590	HudUiMessage::Destructor	HudUiMessage::~HudUiMessage	renamed	Inferred	Synchronize current defining source name; descriptive reconstruction, not recovered original spelling.	src/Battlesport/hud.cpp:8360
recoil:function:0x40d5f0	0x40d5f0	HudUiWidget::DestructorCoreEhThunk	HudUiWidget::DestructorCoreEhThunk	retained	Inferred	Retain physical/compiler projection label; no unique attached defining function body in the source inventory.	
recoil:function:0x40d600	0x40d600	HudUiTripletPanel::UnwindDestructFirstItem	HudUiTripletPanel::UnwindDestructFirstItem	retained	Inferred	Retain reconstructed descriptive spelling; exact original spelling is not established.	src/Battlesport/hud.cpp:8368
recoil:function:0x40d610	0x40d610	HudUiTripletPanel::DestructorCore	HudUiTripletPanel::DestructorCore	retained	Inferred	Retain reconstructed descriptive spelling; exact original spelling is not established.	src/Battlesport/hud.cpp:8377
recoil:function:0x40d660	0x40d660	HudUiMgrObjectiveBlock::Destructor	HudUiMgrObjectiveBlock::~HudUiMgrObjectiveBlock	renamed	Inferred	Synchronize current defining source name; descriptive reconstruction, not recovered original spelling.	src/Battlesport/hud.cpp:8395
recoil:function:0x40d6e0	0x40d6e0	HudUiMgrSensorBlock::Destructor	HudUiMgrSensorBlock::~HudUiMgrSensorBlock	renamed	Inferred	Synchronize current defining source name; descriptive reconstruction, not recovered original spelling.	src/Battlesport/hud.cpp:8408
recoil:function:0x40d740	0x40d740	HudUiMgr::DestructWeaponSlotsArray	HudUiMgr::DestructWeaponSlotsArray	retained	Inferred	Retain physical/compiler projection label; no unique attached defining function body in the source inventory.	
recoil:function:0x40d760	0x40d760	HudUiMgr::DestructModeCounterArray	HudUiMgr::DestructModeCounterArray	retained	Inferred	Retain physical/compiler projection label; no unique attached defining function body in the source inventory.	
recoil:function:0x40d780	0x40d780	HudUiSlot::Destructor	HudUiSlot::~HudUiSlot	renamed	Inferred	Synchronize current defining source name; descriptive reconstruction, not recovered original spelling.	src/Battlesport/hud.cpp:8430
recoil:function:0x40d7e0	0x40d7e0	HudUiMgr::Constructor	HudUiMgrData::HudUiMgrData	renamed	Inferred	Synchronize current defining source name; descriptive reconstruction, not recovered original spelling.	src/Battlesport/hud.cpp:8441
recoil:function:0x40d9d0	0x40d9d0	HudUiContainer::SetEnabled	HudUiContainer::SetEnabled	retained	Inferred	Retain reconstructed descriptive spelling; exact original spelling is not established.	src/Battlesport/hud.cpp:8453
recoil:function:0x40d9e0	0x40d9e0	HudUiMeter::ConstructorEx	HudUiMeter::ConstructorEx	retained	Inferred	Retain physical/compiler projection label; no unique attached defining function body in the source inventory.	
recoil:function:0x40da00	0x40da00	HudUiMessage::Constructor	HudUiMessage::HudUiMessage	renamed	Inferred	Synchronize current defining source name; descriptive reconstruction, not recovered original spelling.	src/Battlesport/hud.cpp:8475
recoil:function:0x40daa0	0x40daa0	HudUiMessage::ScalarDeletingDestructor	HudUiMessage::ScalarDeletingDestructor	retained	Inferred	Retain physical/compiler projection label; no unique attached defining function body in the source inventory.	
recoil:function:0x40dac0	0x40dac0	HudUiCounter::HudUiCounter	HudUiCounter::HudUiCounter	retained	Inferred	Retain reconstructed descriptive spelling; exact original spelling is not established.	src/Battlesport/hud.cpp:8489
recoil:function:0x40db00	0x40db00	HudUiMgr::DestructMessagesArray	HudUiMgr::DestructMessagesArray	retained	Inferred	Retain physical/compiler projection label; no unique attached defining function body in the source inventory.	
recoil:function:0x40db20	0x40db20	HudUiSlot::Constructor	HudUiSlot::Constructor	retained	Inferred	Retain physical/compiler projection label; no unique attached defining function body in the source inventory.	
recoil:function:0x40db90	0x40db90	HudUiSlot::Draw	HudUiSlot::Draw	retained	Inferred	Retain reconstructed descriptive spelling; exact original spelling is not established.	src/Battlesport/hud.cpp:8513
recoil:function:0x40dbd0	0x40dbd0	HudUiSlot::ScalarDeletingDestructor	HudUiSlot::ScalarDeletingDestructor	retained	Inferred	Retain physical/compiler projection label; no unique attached defining function body in the source inventory.	
recoil:function:0x40dbf0	0x40dbf0	HudUiCounterTextPanel::Constructor	HudUiCounterTextPanel::HudUiCounterTextPanel	renamed	Inferred	Synchronize current defining source name; descriptive reconstruction, not recovered original spelling.	src/Battlesport/hud.cpp:8530
recoil:function:0x40dcd0	0x40dcd0	HudUiTriplet::Constructor	HudUiTriplet::HudUiTriplet	renamed	Inferred	Synchronize current defining source name; descriptive reconstruction, not recovered original spelling.	src/Battlesport/hud.cpp:8569
recoil:function:0x40e010	0x40e010	HudUiPanel::SetTextColorsAndMarkDirty	HudUiPanel::SetTextColorsAndMarkDirty	retained	Inferred	Retain reconstructed descriptive spelling; exact original spelling is not established.	src/GameZRecoil/zHud/zhud_ui.h:1121
recoil:function:0x40e040	0x40e040	HudUiPanel::SetShadow	SetShadow	renamed	Inferred	Synchronize current defining source name; descriptive reconstruction, not recovered original spelling.	src/GameZRecoil/zHud/zhud_ui.h:1137
recoil:function:0x40e070	0x40e070	HudUiTriplet::DestructorCore	HudUiTriplet::~HudUiTriplet	renamed	Inferred	Synchronize current defining source name; descriptive reconstruction, not recovered original spelling.	src/Battlesport/hud.cpp:8621
recoil:function:0x40e140	0x40e140	HudUiTriplet::RebuildDisplay	HudUiTriplet::RebuildDisplay	retained	Inferred	Retain reconstructed descriptive spelling; exact original spelling is not established.	src/Battlesport/hud.cpp:8652
recoil:function:0x40e590	0x40e590	HudUiTriplet::AddEntry	HudUiTriplet::AddEntry	retained	Inferred	Retain reconstructed descriptive spelling; exact original spelling is not established.	src/Battlesport/hud.cpp:8773
recoil:function:0x40e800	0x40e800	HudUiTriplet::UpdateEntryData	HudUiTriplet::UpdateEntryData	retained	Inferred	Retain reconstructed descriptive spelling; exact original spelling is not established.	src/Battlesport/hud.cpp:8793
recoil:function:0x40e880	0x40e880	HudUiTriplet::RemoveEntry	HudUiTriplet::RemoveEntry	retained	Inferred	Retain reconstructed descriptive spelling; exact original spelling is not established.	src/Battlesport/hud.cpp:8819
recoil:function:0x40e910	0x40e910	HudUiTriplet::InterpolateLayout	HudUiTriplet::InterpolateLayout	retained	Inferred	Retain reconstructed descriptive spelling; exact original spelling is not established.	src/Battlesport/hud.cpp:8841
recoil:function:0x40ea60	0x40ea60	HudUiTriplet::IsLocalPlayerFirstEntry	HudUiTriplet::IsLocalPlayerFirstEntry	retained	Inferred	Retain reconstructed descriptive spelling; exact original spelling is not established.	src/Battlesport/hud.cpp:8861
recoil:function:0x40eab0	0x40eab0	HudScoreboard::SetScaleAndRebuild	HudScoreboard::SetScaleAndRebuild	retained	Inferred	Retain reconstructed descriptive spelling; exact original spelling is not established.	src/Battlesport/hud.cpp:8881
recoil:function:0x40eae0	0x40eae0	HudScoreboard::DispatchSetScale	HudScoreboard::DispatchSetScale	retained	Inferred	Retain reconstructed descriptive spelling; exact original spelling is not established.	src/Battlesport/hud.cpp:8894
recoil:function:0x40eb00	0x40eb00	HudUiShieldMessageWidget::ApplyLayout	HudUiShieldMessageWidget::ApplyLayout	retained	Inferred	Retain reconstructed descriptive spelling; exact original spelling is not established.	src/Battlesport/hud.cpp:8912
recoil:function:0x40ec90	0x40ec90	HudLayoutBase::Shutdown_Stub	HudLayoutBase::ShutdownShieldWidget	renamed	Inferred	Synchronize current defining source name; descriptive reconstruction, not recovered original spelling.	src/Battlesport/hud.cpp:8968
recoil:function:0x40eca0	0x40eca0	HudUiTimerPanel::SetRunning	HudUiTimerPanel::SetRunning	retained	Inferred	Retain reconstructed descriptive spelling; exact original spelling is not established.	src/Battlesport/hud.cpp:8978
recoil:function:0x40ecc0	0x40ecc0	HudUiTimerPanel::SetElapsedSeconds	HudUiTimerPanel::SetElapsedSeconds	retained	Inferred	Retain reconstructed descriptive spelling; exact original spelling is not established.	src/Battlesport/hud.cpp:8990
recoil:function:0x40ece0	0x40ece0	HudUiTimerPanel::SetSeconds	HudUiTimerPanel::SetSeconds	retained	Inferred	Retain reconstructed descriptive spelling; exact original spelling is not established.	src/Battlesport/hud.cpp:9002
recoil:function:0x40ed10	0x40ed10	HudUiTimerPanel::GetSeconds	HudUiTimerPanel::GetSeconds	retained	Inferred	Retain reconstructed descriptive spelling; exact original spelling is not established.	src/Battlesport/hud.cpp:9016
recoil:function:0x40ed20	0x40ed20	HudUiTimerPanel::Update	HudUiTimerPanel::Update	retained	Inferred	Retain reconstructed descriptive spelling; exact original spelling is not established.	src/Battlesport/hud.cpp:9026
recoil:function:0x40ed80	0x40ed80	HudUiTimerPanel::ConstructorDefault	HudUiTimerPanel::HudUiTimerPanel	renamed	Inferred	Synchronize current defining source name; descriptive reconstruction, not recovered original spelling.	src/Battlesport/hud.cpp:9047
recoil:function:0x40ee60	0x40ee60	HudUiTimerPanel::UpdateHMSFromSeconds	HudUiTimerPanel::UpdateHMSFromSeconds	retained	Inferred	Retain reconstructed descriptive spelling; exact original spelling is not established.	src/Battlesport/hud.cpp:9070
recoil:function:0x40ef00	0x40ef00	HudUiTimerPanel::SetTimeSeconds	HudUiTimerPanel::SetTimeSeconds	retained	Inferred	Retain reconstructed descriptive spelling; exact original spelling is not established.	src/Battlesport/hud.cpp:9091
recoil:function:0x40ef60	0x40ef60	HudUiTimerPanelFloat::ConstructorDefault	HudUiTimerPanelFloat::HudUiTimerPanelFloat	renamed	Inferred	Synchronize current defining source name; descriptive reconstruction, not recovered original spelling.	src/Battlesport/hud.cpp:9111
recoil:function:0x40f040	0x40f040	HudUiTimerPanelFloat::Draw	HudUiTimerPanelFloat::Draw	retained	Inferred	Retain reconstructed descriptive spelling; exact original spelling is not established.	src/Battlesport/hud.cpp:9140
recoil:function:0x40f070	0x40f070	HudUiCounter::ApplyFromLayoutNode	HudUiCounter::ApplyFromLayoutNode	retained	Inferred	Retain reconstructed descriptive spelling; exact original spelling is not established.	src/Battlesport/hud.cpp:9153
recoil:function:0x40f0f0	0x40f0f0	HudUiCounter::ReleaseStateImages	HudUiCounter::ReleaseStateImages	retained	Inferred	Retain reconstructed descriptive spelling; exact original spelling is not established.	src/Battlesport/hud.cpp:9180
recoil:function:0x40f130	0x40f130	HudUiCounter::UpdateLayoutPosition	HudUiCounter::UpdateLayoutPosition	retained	Inferred	Retain reconstructed descriptive spelling; exact original spelling is not established.	src/Battlesport/hud.cpp:9195
recoil:function:0x40f1a0	0x40f1a0	HudUiMgr::SetModeCounterState	HudUiMgr::SetModeCounterState	retained	Inferred	Retain reconstructed descriptive spelling; exact original spelling is not established.	src/Battlesport/hud.cpp:9212
recoil:function:0x40f200	0x40f200	HudUiTripletPanel::Constructor	HudUiTripletPanel::HudUiTripletPanel	renamed	Inferred	Synchronize current defining source name; descriptive reconstruction, not recovered original spelling.	src/Battlesport/hud.cpp:9231
recoil:function:0x40f2b0	0x40f2b0	HudUiTripletPanel::ScalarDeletingDestructor	HudUiTripletPanel::ScalarDeletingDestructor	retained	Inferred	Retain physical/compiler projection label; no unique attached defining function body in the source inventory.	
recoil:function:0x40f2d0	0x40f2d0	HudUiWidget::CtorDefaultThunk	HudUiWidget::HudUiWidget	renamed	Inferred	Synchronize current defining source name; descriptive reconstruction, not recovered original spelling.	src/Battlesport/hud.cpp:9246
recoil:function:0x40f2e0	0x40f2e0	HudUiNanitePanel::InitLayout	HudUiNanitePanel::InitLayout	retained	Inferred	Retain reconstructed descriptive spelling; exact original spelling is not established.	src/Battlesport/hud.cpp:9256
recoil:function:0x40f3e0	0x40f3e0	HudUiTripletPanel::ShutdownItems_Stub	HudUiTripletPanel::ShutdownItems	renamed	Inferred	Synchronize current defining source name; descriptive reconstruction, not recovered original spelling.	src/Battlesport/hud.cpp:9305
recoil:function:0x40f400	0x40f400	HudUiTripletPanel::Draw	HudUiTripletPanel::Draw	retained	Inferred	Retain reconstructed descriptive spelling; exact original spelling is not established.	src/Battlesport/hud.cpp:9318
recoil:function:0x40f460	0x40f460	HudUiTripletPanel::SetVisibleCount	HudUiTripletPanel::SetVisibleCount	retained	Inferred	Retain reconstructed descriptive spelling; exact original spelling is not established.	src/Battlesport/hud.cpp:9341
recoil:function:0x40f4c0	0x40f4c0	HudUiMgr::InitHudLayouts	HudUiMgr::InitHudLayouts	retained	Inferred	Retain reconstructed descriptive spelling; exact original spelling is not established.	src/Battlesport/hud.cpp:9446
recoil:function:0x40f9e0	0x40f9e0	HudUiPanel::SetTextColor	HudUiPanel::SetTextColor	retained	Inferred	Retain reconstructed descriptive spelling; exact original spelling is not established.	src/Battlesport/hud.cpp:9499
recoil:function:0x40fa10	0x40fa10	HudUiStatsListElement::Update	HudUiStatsListElement::Update	retained	Inferred	Retain reconstructed descriptive spelling; exact original spelling is not established.	src/Battlesport/hud.cpp:9514
recoil:function:0x40fa20	0x40fa20	HudUiStatsListElement::ScalarDeletingDestructor	HudUiStatsListElement::ScalarDeletingDestructor	retained	Inferred	Retain physical/compiler projection label; no unique attached defining function body in the source inventory.	
recoil:function:0x40fa40	0x40fa40	HudUiStatsListElement::DestructorCore	HudUiStatsListElement::~HudUiStatsListElement	renamed	Inferred	Synchronize current defining source name; descriptive reconstruction, not recovered original spelling.	src/Battlesport/hud.cpp:9525
recoil:function:0x40fab0	0x40fab0	HudUiPanelSimple::ConstructorDefaultThunk	HudUiPanelSimple::ConstructorDefaultThunk	retained	Inferred	Retain physical/compiler projection label; no unique attached defining function body in the source inventory.	
recoil:function:0x40fac0	0x40fac0	HudUiPanelSimple::Constructor	HudUiPanelSimple::HudUiPanelSimple	renamed	Inferred	Synchronize current defining source name; descriptive reconstruction, not recovered original spelling.	src/Battlesport/hud.cpp:9542
recoil:function:0x40fb70	0x40fb70	HudUiMeter::HudUiMeter	HudUiShieldMeterCandidate::HudUiShieldMeterCandidate	renamed	Inferred	Synchronize current defining source name; descriptive reconstruction, not recovered original spelling.	src/Battlesport/hud.cpp:9559
recoil:function:0x40fb90	0x40fb90	HudUiTimerPanel::ZarWriteTimerDataCallback	HudUiTimerPanel::ZarWriteTimerDataCallback	retained	Inferred	Retain reconstructed descriptive spelling; exact original spelling is not established.	src/Battlesport/hud.cpp:9570
recoil:function:0x40fbb0	0x40fbb0	HudUiTimerPanel::ZarReadTimerData	HudUiTimerPanel::ZarReadTimerData	retained	Inferred	Retain reconstructed descriptive spelling; exact original spelling is not established.	src/Battlesport/hud.cpp:9590
recoil:function:0x40fbd0	0x40fbd0	HudUiMgr::ShutdownResources	HudUiMgr::ShutdownResources	retained	Inferred	Retain reconstructed descriptive spelling; exact original spelling is not established.	src/Battlesport/hud.cpp:9606
recoil:function:0x40fdd0	0x40fdd0	HudUiStringMenu::DestructorCore	HudUiStringMenu::DestructorCore	retained	Inferred	Retain physical/compiler projection label; no unique attached defining function body in the source inventory.	
recoil:function:0x40fe30	0x40fe30	HudUiShieldMessageWidget::Destructor	HudUiShieldMessageWidget::Destructor	retained	Inferred	Retain physical/compiler projection label; no unique attached defining function body in the source inventory.	
recoil:function:0x40fe90	0x40fe90	HudUiTextStack4::DestructorCore_TopStack	HudUiTextStack4::DestructorCore_TopStack	retained	Inferred	Retain physical/compiler projection label; no unique attached defining function body in the source inventory.	
recoil:function:0x40fef0	0x40fef0	HudUiTextStack4::DestructorCore_ChatStack	HudUiTextStack4::DestructorCore_ChatStack	retained	Inferred	Retain physical/compiler projection label; no unique attached defining function body in the source inventory.	
recoil:function:0x40ff50	0x40ff50	HudUiMgr::ActivateHud	HudUiMgr::ActivateHud	retained	Inferred	Retain reconstructed descriptive spelling; exact original spelling is not established.	src/Battlesport/hud.cpp:9709
recoil:function:0x40ff80	0x40ff80	HudUiMgr::OnViewportChanged	HudUiMgr::OnViewportChanged	retained	Inferred	Retain reconstructed descriptive spelling; exact original spelling is not established.	src/Battlesport/hud.cpp:9726
recoil:function:0x410140	0x410140	HudUiMgr::TickLayoutDelay	HudUiMgr::TickLayoutDelay	retained	Inferred	Retain reconstructed descriptive spelling; exact original spelling is not established.	src/Battlesport/hud.cpp:9789
recoil:function:0x410160	0x410160	HudUiMgr::EnsureHudLoaded	HudUiMgr::EnsureHudLoaded	retained	Inferred	Retain reconstructed descriptive spelling; exact original spelling is not established.	src/Battlesport/hud.cpp:9902
recoil:function:0x410d10	0x410d10	HudUiMgrSensor::SetViewportRect	HudUiMgrSensor::SetViewportRect	retained	Inferred	Retain reconstructed descriptive spelling; exact original spelling is not established.	src/Battlesport/hud.cpp:10324
recoil:function:0x410e90	0x410e90	HudUiMgr::EnableHud	HudUiMgr::EnableHud	retained	Inferred	Retain reconstructed descriptive spelling; exact original spelling is not established.	src/Battlesport/hud.cpp:10380
recoil:function:0x410ed0	0x410ed0	HudUiMgr::DisableHud	HudUiMgr::DisableHud	retained	Inferred	Retain reconstructed descriptive spelling; exact original spelling is not established.	src/Battlesport/hud.cpp:10397
recoil:function:0x410fe0	0x410fe0	HudUiMgr::UpdateFrame	HudUiMgr::UpdateFrame	retained	Inferred	Retain reconstructed descriptive spelling; exact original spelling is not established.	src/Battlesport/hud.cpp:10447
recoil:function:0x411170	0x411170	HudUiMgr::ProjectPointToNormalizedClamped	HudUiMgr::ProjectPointToNormalizedClamped	retained	Inferred	Retain reconstructed descriptive spelling; exact original spelling is not established.	src/Battlesport/hud.cpp:10515
recoil:function:0x411270	0x411270	HudUiMgr::UpdateTargetReticleFromCursor	HudUiMgr::UpdateTargetReticleFromCursor	retained	Inferred	Retain reconstructed descriptive spelling; exact original spelling is not established.	src/Battlesport/hud.cpp:10554
recoil:function:0x411710	0x411710	HudUiMgr::ReticleStaticAtexitStub	HudUiMgr::ReticleStaticAtexitStub	retained	Inferred	Retain reconstructed descriptive spelling; exact original spelling is not established.	src/Battlesport/hud.cpp:10726
recoil:function:0x411720	0x411720	HudUiMgr::CopyReticleProjection	HudUiMgr::CopyReticleProjection	retained	Inferred	Retain reconstructed descriptive spelling; exact original spelling is not established.	src/Battlesport/hud.cpp:10734
recoil:function:0x411740	0x411740	HudUiMgr::SetReticleMode	HudUiMgr::SetReticleMode	retained	Inferred	Retain reconstructed descriptive spelling; exact original spelling is not established.	src/Battlesport/hud.cpp:10749
recoil:function:0x411750	0x411750	HudUiMgr::SetNanitePanelCount	HudUiMgr::SetNanitePanelCount	retained	Inferred	Retain reconstructed descriptive spelling; exact original spelling is not established.	src/Battlesport/hud.cpp:10760
recoil:function:0x411760	0x411760	HudUiMgrObjective::SetVisibleAndResetMeterFill	HudUiMgrObjective::SetVisibleAndResetMeterFill	retained	Inferred	Retain reconstructed descriptive spelling; exact original spelling is not established.	src/Battlesport/hud.cpp:10823
recoil:function:0x4117f0	0x4117f0	HudUiMgrObjective::TickMeterFillAnimation	HudUiMgrObjective::TickMeterFillAnimation	retained	Inferred	Retain reconstructed descriptive spelling; exact original spelling is not established.	src/Battlesport/hud.cpp:10849
recoil:function:0x4118b0	0x4118b0	HudUiMgrObjective::UpdateMeterXPoints	HudUiMgrObjective::UpdateMeterXPoints	retained	Inferred	Retain reconstructed descriptive spelling; exact original spelling is not established.	src/Battlesport/hud.cpp:10876
recoil:function:0x411900	0x411900	HudUiMgrObjective::Show	HudUiMgrObjective::Show	retained	Inferred	Retain reconstructed descriptive spelling; exact original spelling is not established.	src/Battlesport/hud.cpp:10891
recoil:function:0x411a20	0x411a20	HudUiMgrObjective::Begin	HudUiMgrObjective::Begin	retained	Inferred	Retain reconstructed descriptive spelling; exact original spelling is not established.	src/Battlesport/hud.cpp:10939
recoil:function:0x411ac0	0x411ac0	HudUiMgrObjective::StartHide	HudUiMgrObjective::StartHide	retained	Inferred	Retain reconstructed descriptive spelling; exact original spelling is not established.	src/Battlesport/hud.cpp:10973
recoil:function:0x411eb0	0x411eb0	HudUiMgrObjective::Update	HudUiMgrObjective::Update	retained	Inferred	Retain reconstructed descriptive spelling; exact original spelling is not established.	src/Battlesport/hud.cpp:11088
recoil:function:0x411f10	0x411f10	HudUiMgrSensor::SetShieldMessageRatio	HudUiMgrSensor::SetShieldMessageRatio	retained	Inferred	Retain reconstructed descriptive spelling; exact original spelling is not established.	src/Battlesport/hud.cpp:11120
recoil:function:0x412050	0x412050	HudUiMgrObjective::RefreshCounterText	HudUiMgrObjective::RefreshCounterText	retained	Inferred	Retain reconstructed descriptive spelling; exact original spelling is not established.	src/Battlesport/hud.cpp:11159
recoil:function:0x412070	0x412070	HudUiMgrSensor::PlaceTrackCounterWidget	HudUiMgrSensor::PlaceTrackCounterWidget	retained	Inferred	Retain reconstructed descriptive spelling; exact original spelling is not established.	src/Battlesport/hud.cpp:11181
recoil:function:0x4122c0	0x4122c0	HudUiMgrSensor::PlaceTrackMarker	HudUiMgrSensor::PlaceTrackMarker	retained	Inferred	Retain reconstructed descriptive spelling; exact original spelling is not established.	src/Battlesport/hud.cpp:11293
recoil:function:0x4124b0	0x4124b0	HudUiMgrTarget::UpdateSelectedProgressMeter	HudUiMgrTarget::UpdateSelectedProgressMeter	retained	Inferred	Retain reconstructed descriptive spelling; exact original spelling is not established.	src/Battlesport/hud.cpp:11392
recoil:function:0x412620	0x412620	HudUiMgr::HideTrackedProgressMeterIfOwnerMatches	HudUiMgr::HideTrackedProgressMeterIfOwnerMatches	retained	Inferred	Retain reconstructed descriptive spelling; exact original spelling is not established.	src/Battlesport/hud.cpp:11462
recoil:function:0x412650	0x412650	HudUiMessage::SetValueIfOwnerMatches	HudUiMessage::SetValueIfOwnerMatches	retained	Inferred	Retain reconstructed descriptive spelling; exact original spelling is not established.	src/Battlesport/hud.cpp:11485
recoil:function:0x4126e0	0x4126e0	HudUiMessage::SelectVariantDisplay	HudUiMessage::SelectVariantDisplay	retained	Inferred	Retain reconstructed descriptive spelling; exact original spelling is not established.	src/Battlesport/hud.cpp:11509
recoil:function:0x412790	0x412790	HudUiMessage::ApplySideImageSwap	HudUiMessage::ApplySideImageSwap	retained	Inferred	Retain reconstructed descriptive spelling; exact original spelling is not established.	src/Battlesport/hud.cpp:11542
recoil:function:0x4127d0	0x4127d0	HudUiMessage::ClearDisplay	HudUiMessage::ClearDisplay	retained	Inferred	Retain reconstructed descriptive spelling; exact original spelling is not established.	src/Battlesport/hud.cpp:11558
recoil:function:0x412820	0x412820	HudUiMessage::UpdateSelectedWeaponDisplay	HudUiMessage::UpdateSelectedWeaponDisplay	retained	Inferred	Retain reconstructed descriptive spelling; exact original spelling is not established.	src/Battlesport/hud.cpp:11575
recoil:function:0x412b60	0x412b60	HudLayoutSW::Constructor	HudLayoutSW::HudLayoutSW	renamed	Inferred	Synchronize current defining source name; descriptive reconstruction, not recovered original spelling.	src/Battlesport/hud.cpp:11711
recoil:function:0x412bd0	0x412bd0	HudLayout::SetActiveNoOp	HudLayoutBase::SetActive	renamed	Inferred	Synchronize current defining source name; descriptive reconstruction, not recovered original spelling.	src/Battlesport/hud.cpp:11721
recoil:function:0x412be0	0x412be0	HudLayout::UpdateAll	HudLayoutBase::UpdateAll	renamed	Inferred	Synchronize current defining source name; descriptive reconstruction, not recovered original spelling.	src/Battlesport/hud.cpp:11734
recoil:function:0x412bf0	0x412bf0	HudLayoutBase::Enable	HudLayoutBase::Enable	retained	Inferred	Retain reconstructed descriptive spelling; exact original spelling is not established.	src/Battlesport/hud.cpp:11747
recoil:function:0x412c00	0x412c00	HudLayoutBase::Disable	HudLayoutBase::Disable	retained	Inferred	Retain reconstructed descriptive spelling; exact original spelling is not established.	src/Battlesport/hud.cpp:11758
recoil:function:0x412c10	0x412c10	HudLayoutSW::LoadTypeIFromZarRoot	HudLayoutBase::LoadTypeIFromZarRoot	renamed	Inferred	Synchronize current defining source name; descriptive reconstruction, not recovered original spelling.	src/Battlesport/hud.cpp:11768
recoil:function:0x412c60	0x412c60	HudLayoutSW::SetActive	HudLayoutSW::SetActive	retained	Inferred	Retain reconstructed descriptive spelling; exact original spelling is not established.	src/Battlesport/hud.cpp:11786
recoil:function:0x412db0	0x412db0	HudLayout::ApplyViewportRect	HudLayout::ApplyViewportRect	retained	Inferred	Retain reconstructed descriptive spelling; exact original spelling is not established.	src/Battlesport/hud.cpp:11860
recoil:function:0x412ea0	0x412ea0	HudLayoutHW::Constructor	HudLayoutHW::HudLayoutHW	renamed	Inferred	Synchronize current defining source name; descriptive reconstruction, not recovered original spelling.	src/Battlesport/hud.cpp:11918
recoil:function:0x412f70	0x412f70	HudLayoutHW::LoadTypeIIFromZarRoot	HudLayoutHW::LoadTypeIIFromZarRoot	retained	Inferred	Retain reconstructed descriptive spelling; exact original spelling is not established.	src/Battlesport/hud.cpp:11933
recoil:function:0x413080	0x413080	HudLayoutHW::ReleaseImages	HudLayoutHW::ReleaseImages	retained	Inferred	Retain reconstructed descriptive spelling; exact original spelling is not established.	src/Battlesport/hud.cpp:11985
recoil:function:0x4130d0	0x4130d0	HudLayoutHW::SetActive	HudLayoutHW::SetActive	retained	Inferred	Retain reconstructed descriptive spelling; exact original spelling is not established.	src/Battlesport/hud.cpp:12003
recoil:function:0x4132b0	0x4132b0	HudLayoutHW::UpdateObjectiveDirtyRect	HudLayoutHW::UpdateObjectiveDirtyRect	retained	Inferred	Retain reconstructed descriptive spelling; exact original spelling is not established.	src/Battlesport/hud.cpp:12078
recoil:function:0x413340	0x413340	HudLayoutHW::OnActivated	HudLayoutHW::OnActivated	retained	Inferred	Retain reconstructed descriptive spelling; exact original spelling is not established.	src/Battlesport/hud.cpp:12103
recoil:function:0x4134e0	0x4134e0	HudUiMessage::Draw	HudUiMessage::Draw	retained	Inferred	Retain reconstructed descriptive spelling; exact original spelling is not established.	src/Battlesport/hud.cpp:12175
recoil:function:0x413500	0x413500	HudLayoutHW::UpdateAll	HudLayoutHW::UpdateAll	retained	Inferred	Retain reconstructed descriptive spelling; exact original spelling is not established.	src/Battlesport/hud.cpp:12186
recoil:function:0x413540	0x413540	HudLayoutHW::Enable	HudLayoutHW::Enable	retained	Inferred	Retain reconstructed descriptive spelling; exact original spelling is not established.	src/Battlesport/hud.cpp:12205
recoil:function:0x4135f0	0x4135f0	HudLayoutHW::Disable	HudLayoutHW::Disable	retained	Inferred	Retain reconstructed descriptive spelling; exact original spelling is not established.	src/Battlesport/hud.cpp:12243
recoil:function:0x413600	0x413600	zOpt::ToggleHudTypeForCurrentHwMode	zOpt::ToggleHudTypeForCurrentHwMode	retained	Inferred	Retain reconstructed descriptive spelling; exact original spelling is not established.	src/Battlesport/hud.cpp:12254
recoil:function:0x413630	0x413630	HudUiMgr::TriggerCurrentLayoutOnActivated	HudUiMgr::TriggerCurrentLayoutOnActivated	retained	Inferred	Retain reconstructed descriptive spelling; exact original spelling is not established.	src/Battlesport/hud.cpp:12273
recoil:function:0x413640	0x413640	HudUiMgr::ToggleHud	HudUiMgr::ToggleHud	retained	Inferred	Retain reconstructed descriptive spelling; exact original spelling is not established.	src/Battlesport/hud.cpp:12285
recoil:function:0x413660	0x413660	HudUiMgr::SwitchActiveDialog	HudUiMgr::SwitchActiveDialog	retained	Inferred	Retain reconstructed descriptive spelling; exact original spelling is not established.	src/Battlesport/hud.cpp:12300
recoil:function:0x4136b0	0x4136b0	HudUiMgr::ApplyHudModeSwitch	HudUiMgr::ApplyHudModeSwitch	retained	Inferred	Retain reconstructed descriptive spelling; exact original spelling is not established.	src/Battlesport/hud.cpp:12328
recoil:function:0x4136f0	0x4136f0	HudUiSensorWindow::StaticInitAndRegisterAtExit	HudUiSensorWindow::StaticInitAndRegisterAtExit	retained	Inferred	Retain reconstructed descriptive spelling; exact original spelling is not established.	src/Battlesport/hud.cpp:12356
recoil:function:0x413700	0x413700	HudUiSensorWindow::StaticInit	HudUiSensorWindow::StaticInit	retained	Inferred	Retain reconstructed descriptive spelling; exact original spelling is not established.	src/Battlesport/hud.cpp:12367
recoil:function:0x413710	0x413710	HudUiSensorWindow::RegisterAtExit	HudUiSensorWindow::RegisterAtExit	retained	Inferred	Retain reconstructed descriptive spelling; exact original spelling is not established.	src/Battlesport/hud.cpp:12378
recoil:function:0x413720	0x413720	HudUiSensorWindow::AtExitDestructor	HudUiSensorWindow::AtExitDestructor	retained	Inferred	Retain reconstructed descriptive spelling; exact original spelling is not established.	src/Battlesport/hud.cpp:12388
recoil:function:0x413730	0x413730	HudUiMgr::DestroySensorWindow	HudUiMgr::DestroySensorWindow	retained	Inferred	Retain reconstructed descriptive spelling; exact original spelling is not established.	src/Battlesport/hud.cpp:12399
recoil:function:0x413770	0x413770	HudUiMgr::SetFloatTimerVisible	HudUiMgr::SetFloatTimerVisible	retained	Inferred	Retain reconstructed descriptive spelling; exact original spelling is not established.	src/Battlesport/hud.cpp:12423
recoil:function:0x4137a0	0x4137a0	HudUiMgr::SetAuxOverlayVisible	HudUiMgr::SetAuxOverlayVisible	retained	Inferred	Retain reconstructed descriptive spelling; exact original spelling is not established.	src/Battlesport/hud.cpp:12443
recoil:function:0x4137c0	0x4137c0	HudUiAuxOverlay::ClearSensorOverlayTextLines	HudUiAuxOverlay::ClearTextLines	renamed	Inferred	Synchronize current defining source name; descriptive reconstruction, not recovered original spelling.	src/Battlesport/hud.cpp:12460
recoil:function:0x4137f0	0x4137f0	HudUiAuxOverlay::ApplyTextLineOp	HudUiAuxOverlay::UpdateTextLine	renamed	Inferred	Synchronize current defining source name; descriptive reconstruction, not recovered original spelling.	src/Battlesport/hud.cpp:12474
recoil:function:0x4138d0	0x4138d0	HudUi::ShowTopMessageLine	HudUi::ShowTopMessageLine	retained	Inferred	Retain reconstructed descriptive spelling; exact original spelling is not established.	src/Battlesport/hud.cpp:12510
recoil:function:0x4138f0	0x4138f0	HudUi::ShowChatLine	HudUi::ShowChatLine	retained	Inferred	Retain reconstructed descriptive spelling; exact original spelling is not established.	src/Battlesport/hud.cpp:12526
recoil:function:0x413910	0x413910	HudUiMgr::EnableTopAndChatStacks	HudUiMgr::EnableTopAndChatStacks	retained	Inferred	Retain reconstructed descriptive spelling; exact original spelling is not established.	src/Battlesport/hud.cpp:12543
recoil:function:0x413950	0x413950	HudUiMgr::DisableTopAndChatStacks	HudUiMgr::DisableTopAndChatStacks	retained	Inferred	Retain reconstructed descriptive spelling; exact original spelling is not established.	src/Battlesport/hud.cpp:12557
recoil:function:0x413990	0x413990	HudUiLayoutNode::ApplyTextLabel	HudUiLayoutNode::ApplyTextLabel	retained	Inferred	Retain reconstructed descriptive spelling; exact original spelling is not established.	src/Battlesport/hud.cpp:12572
recoil:function:0x413a10	0x413a10	HudUiLayoutNode::ReadRectOffsetAndSize	HudUiLayoutNode::ReadRectOffsetAndSize	retained	Inferred	Retain reconstructed descriptive spelling; exact original spelling is not established.	src/Battlesport/hud.cpp:12609
recoil:function:0x413aa0	0x413aa0	HudUiLayoutNode::ReadRect	HudUiLayoutNode::ReadRect	retained	Inferred	Retain reconstructed descriptive spelling; exact original spelling is not established.	src/Battlesport/hud.cpp:12652
recoil:function:0x413ad0	0x413ad0	HudUiLayoutNode::ReadInt3	HudUiLayoutNode::ReadInt3	retained	Inferred	Retain reconstructed descriptive spelling; exact original spelling is not established.	src/Battlesport/hud.cpp:12676
recoil:function:0x413b10	0x413b10	HudUiLayoutNode::ApplyCornerTextQuad	HudUiLayoutNode::ApplyCornerTextQuad	retained	Inferred	Retain reconstructed descriptive spelling; exact original spelling is not established.	src/Battlesport/hud.cpp:12708
recoil:function:0x413c10	0x413c10	HudUiLayoutNode::ApplyMeterQuad	HudUiLayoutNode::ApplyMeterQuad	retained	Inferred	Retain reconstructed descriptive spelling; exact original spelling is not established.	src/Battlesport/hud.cpp:12756
recoil:function:0x413d30	0x413d30	HudUiLayoutNode::ApplyImageWidget	HudUiLayoutNode::ApplyImageWidget	retained	Inferred	Retain reconstructed descriptive spelling; exact original spelling is not established.	src/Battlesport/hud.cpp:12811
recoil:function:0x413ec0	0x413ec0	HudUiMessage::LoadWeaponLayoutFromNode	HudUiMessage::LoadWeaponLayoutFromNode	retained	Inferred	Retain reconstructed descriptive spelling; exact original spelling is not established.	src/Battlesport/hud.cpp:12885
recoil:function:0x413ff0	0x413ff0	HudUiMessage::ReleaseImages	HudUiMessage::ReleaseImages	retained	Inferred	Retain reconstructed descriptive spelling; exact original spelling is not established.	src/Battlesport/hud.cpp:12941
recoil:function:0x414070	0x414070	HudUiMessage::RebuildWeaponLayout	HudUiMessage::RebuildWeaponLayout	retained	Inferred	Retain reconstructed descriptive spelling; exact original spelling is not established.	src/Battlesport/hud.cpp:12965
recoil:function:0x414180	0x414180	HudUiLoadingCheckpoint::AdvanceAndLog	HudUiLoadingCheckpoint::AdvanceAndLog	retained	Inferred	Retain reconstructed descriptive spelling; exact original spelling is not established.	src/Battlesport/hud.cpp:13006
recoil:function:0x414210	0x414210	HudUiLoadingCheckpoint::InitTable	HudUiLoadingCheckpoint::InitTable	retained	Inferred	Retain reconstructed descriptive spelling; exact original spelling is not established.	src/Battlesport/hud.cpp:13042
recoil:function:0x414300	0x414300	HudUiMgrSensor::GetFxRect	HudUiMgrSensor::GetFxRect	retained	Inferred	Retain reconstructed descriptive spelling; exact original spelling is not established.	src/Battlesport/hud.cpp:13175
recoil:function:0x414330	0x414330	GameNet::ShowPlayerKillMessage	GameNet::ShowPlayerKillMessage	retained	Inferred	Retain reconstructed descriptive spelling; exact original spelling is not established.	src/Battlesport/hud.cpp:13189
recoil:function:0x414390	0x414390	GameNet::RefreshPlayerListMenu	GameNet::RefreshPlayerListMenu	retained	Inferred	Retain reconstructed descriptive spelling; exact original spelling is not established.	src/Battlesport/hud.cpp:13219
recoil:function:0x4143a0	0x4143a0	HudUiMgr::IsLocalPlayerFirstInStatsList	HudUiMgr::IsLocalPlayerFirstInStatsList	retained	Inferred	Retain reconstructed descriptive spelling; exact original spelling is not established.	src/Battlesport/hud.cpp:13233
recoil:function:0x4143b0	0x4143b0	HudUi::RefreshScoreboardEntryRow	HudUi::RefreshScoreboardEntryRow	retained	Inferred	Retain reconstructed descriptive spelling; exact original spelling is not established.	src/Battlesport/hud.cpp:13245
recoil:function:0x4143c0	0x4143c0	HudUi::RemoveScoreboardEntryRow	HudUi::RemoveScoreboardEntryRow	retained	Inferred	Retain reconstructed descriptive spelling; exact original spelling is not established.	src/Battlesport/hud.cpp:13257
recoil:function:0x4143d0	0x4143d0	GameNet::BeginChatCompose	GameNet::BeginChatCompose	retained	Inferred	Retain reconstructed descriptive spelling; exact original spelling is not established.	src/Battlesport/hud.cpp:13271
recoil:function:0x414550	0x414550	GameNet::ChatComposeKeyCallback	GameNet::ChatComposeKeyCallback	retained	Inferred	Retain reconstructed descriptive spelling; exact original spelling is not established.	src/Battlesport/hud.cpp:13308
recoil:function:0x414590	0x414590	GameNet::EndChatComposeAndSend	GameNet::EndChatComposeAndSend	retained	Inferred	Retain reconstructed descriptive spelling; exact original spelling is not established.	src/Battlesport/hud.cpp:13329
recoil:function:0x414710	0x414710	HudUiListMenuEntry::SortRange	HudUiListMenuEntry::SortRange	retained	Inferred	Retain reconstructed descriptive spelling; exact original spelling is not established.	src/Battlesport/hud.cpp:13368
recoil:function:0x414930	0x414930	HudUiListMenuEntry::InsertPivotIntoSortedPrefix	HudUiListMenuEntry::InsertPivotIntoSortedPrefix	retained	Inferred	Retain reconstructed descriptive spelling; exact original spelling is not established.	src/Battlesport/hud.cpp:13414
recoil:function:0x414980	0x414980	HudUiListMenuEntry::InsertionSortRange	HudUiListMenuEntry::InsertionSortRange	retained	Inferred	Retain reconstructed descriptive spelling; exact original spelling is not established.	src/Battlesport/hud.cpp:13435
recoil:function:0x414a60	0x414a60	zInterp_GlobalContext::StaticInitAndRegisterAtExit	CRecoilInterp::StaticInitAndRegisterAtExit	renamed	Inferred	Synchronize current defining source name; descriptive reconstruction, not recovered original spelling.	src/Battlesport/hud.cpp:13485
recoil:function:0x414a70	0x414a70	zInterp_GlobalContext::StaticInit	CRecoilInterp::StaticInit	renamed	Inferred	Synchronize current defining source name; descriptive reconstruction, not recovered original spelling.	src/Battlesport/hud.cpp:13496
recoil:function:0x414a80	0x414a80	zInterp_GlobalContext::RegisterAtExit	CRecoilInterp::RegisterAtExit	renamed	Inferred	Synchronize current defining source name; descriptive reconstruction, not recovered original spelling.	src/Battlesport/hud.cpp:13506
recoil:function:0x414a90	0x414a90	zInterp_GlobalContext::AtExitDestructor	CRecoilInterp::AtExitDestructor	renamed	Inferred	Synchronize current defining source name; descriptive reconstruction, not recovered original spelling.	src/Battlesport/hud.cpp:13516
recoil:function:0x414aa0	0x414aa0	zInterp_GlobalContext::DestructorThunk	CRecoilInterp::DestructorThunk	renamed	Inferred	Synchronize renamed source identifier within existing physical/compiler projection label.	
recoil:function:0x414ab0	0x414ab0	zInterp_GlobalContext::Constructor	CRecoilInterp::CRecoilInterp	renamed	Inferred	Synchronize current defining source name; descriptive reconstruction, not recovered original spelling.	src/Battlesport/hud.cpp:13527
recoil:function:0x414ad0	0x414ad0	zInterp_Command::WeaponSetMaxTetherAltitude	CRecoilInterp::DispatchHook	renamed	Inferred	Synchronize current defining source name; descriptive reconstruction, not recovered original spelling.	src/Battlesport/hud.cpp:13541
recoil:function:0x414b60	0x414b60	HudUiMainMenuDialog::CanLoadGame	HudUiMainMenuDialog::CanLoadGame	retained	Inferred	Retain reconstructed descriptive spelling; exact original spelling is not established.	src/Battlesport/hud.cpp:13664
recoil:function:0x414b90	0x414b90	HudUiMainMenuDialog::CanSaveGame	HudUiMainMenuDialog::CanSaveGame	retained	Inferred	Retain reconstructed descriptive spelling; exact original spelling is not established.	src/Battlesport/hud.cpp:13688
recoil:function:0x414bc0	0x414bc0	HudUiMainMenuDialog::Constructor	HudUiMainMenuDialog::HudUiMainMenuDialog	renamed	Inferred	Synchronize current defining source name; descriptive reconstruction, not recovered original spelling.	src/Battlesport/hud.cpp:13712
recoil:function:0x414f40	0x414f40	HudUiMainMenuDialog_CreditsButton::OnActivate	CHudUiMainMenuDialogCreditsButton::OnActivate	renamed	Inferred	Synchronize current defining source name; descriptive reconstruction, not recovered original spelling.	src/Battlesport/hud.cpp:13790
recoil:function:0x414f60	0x414f60	HudUiMainMenuDialog_SaveButton::OnActivate	CHudUiMainMenuDialogSaveButton::OnActivate	renamed	Inferred	Synchronize current defining source name; descriptive reconstruction, not recovered original spelling.	src/Battlesport/hud.cpp:13801
recoil:function:0x414f80	0x414f80	HudUiMainMenuDialog_NewGameButton::OnActivate	CHudUiMainMenuDialogNewGameButton::OnActivate	renamed	Inferred	Synchronize current defining source name; descriptive reconstruction, not recovered original spelling.	src/Battlesport/hud.cpp:13814
recoil:function:0x414fa0	0x414fa0	HudUiMenuBackButton::OnActivate	HudUiMenuBackButton::OnActivate	retained	Inferred	Retain reconstructed descriptive spelling; exact original spelling is not established.	src/Battlesport/hud.cpp:13825
recoil:function:0x414fc0	0x414fc0	HudUiMainMenuDialog_OptionsButton::OnActivate	CHudUiMainMenuDialogOptionsButton::OnActivate	renamed	Inferred	Synchronize current defining source name; descriptive reconstruction, not recovered original spelling.	src/Battlesport/hud.cpp:13837
recoil:function:0x414fe0	0x414fe0	HudUiMainMenuDialog_QuitButton::OnActivate	CHudUiMainMenuDialogQuitButton::OnActivate	renamed	Inferred	Synchronize current defining source name; descriptive reconstruction, not recovered original spelling.	src/Battlesport/hud.cpp:13848
recoil:function:0x415000	0x415000	HudUiMainMenuDialog_ControlsButton::OnActivate	CHudUiMainMenuDialogControlsButton::OnActivate	renamed	Inferred	Synchronize current defining source name; descriptive reconstruction, not recovered original spelling.	src/Battlesport/hud.cpp:13859
recoil:function:0x415020	0x415020	HudUiMainMenuDialog::ScalarDeletingDestructor	HudUiMainMenuDialog::ScalarDeletingDestructor	retained	Inferred	Retain physical/compiler projection label; no unique attached defining function body in the source inventory.	
recoil:function:0x415040	0x415040	HudUiMainMenuDialog::Destructor	HudUiMainMenuDialog::Destructor	retained	Inferred	Retain physical/compiler projection label; no unique attached defining function body in the source inventory.	
recoil:function:0x415100	0x415100	RecoilStateMainMenuTransition::StaticInitAndRegisterAtExit	RecoilStateMainMenuTransition::StaticInitAndRegisterAtExit	retained	Inferred	Retain reconstructed descriptive spelling; exact original spelling is not established.	src/Battlesport/hud.cpp:13934
recoil:function:0x415110	0x415110	RecoilStateMainMenuTransition::StaticInit	RecoilStateMainMenuTransition::StaticInit	retained	Inferred	Retain reconstructed descriptive spelling; exact original spelling is not established.	src/Battlesport/hud.cpp:13946
recoil:function:0x415120	0x415120	RecoilStateMainMenuTransition::RegisterAtExit	RecoilStateMainMenuTransition::RegisterAtExit	retained	Inferred	Retain reconstructed descriptive spelling; exact original spelling is not established.	src/Battlesport/hud.cpp:13957
recoil:function:0x415130	0x415130	RecoilStateMainMenuTransition::AtExitDestructor	RecoilStateMainMenuTransition::AtExitDestructor	retained	Inferred	Retain reconstructed descriptive spelling; exact original spelling is not established.	src/Battlesport/hud.cpp:13968
recoil:function:0x415140	0x415140	HudUiMainMenuDialog_LoadButton::OnActivate	CHudUiMainMenuDialogLoadButton::OnActivate	renamed	Inferred	Synchronize current defining source name; descriptive reconstruction, not recovered original spelling.	src/Battlesport/hud.cpp:13986
recoil:function:0x415170	0x415170	RecoilStateMainMenuTransition::Constructor	RecoilStateMainMenuTransition::RecoilStateMainMenuTransition	renamed	Inferred	Synchronize current defining source name; descriptive reconstruction, not recovered original spelling.	src/Battlesport/hud.cpp:14003
recoil:function:0x415190	0x415190	RecoilStateMainMenuTransition::ScalarDeletingDestructor	RecoilStateMainMenuTransition::ScalarDeletingDestructor	retained	Inferred	Retain physical/compiler projection label; no unique attached defining function body in the source inventory.	
recoil:function:0x4151b0	0x4151b0	RecoilStateMainMenuTransition::Destructor	RecoilStateMainMenuTransition::~RecoilStateMainMenuTransition	renamed	Inferred	Synchronize current defining source name; descriptive reconstruction, not recovered original spelling.	src/Battlesport/hud.cpp:14017
recoil:function:0x415220	0x415220	RecoilStateMainMenuTransition::OnTryBecomeCurrent	RecoilStateMainMenuTransition::OnTryBecomeCurrent	retained	Inferred	Retain reconstructed descriptive spelling; exact original spelling is not established.	src/Battlesport/hud.cpp:14062
recoil:function:0x415370	0x415370	RecoilStateMainMenuTransition::OnResume	RecoilStateMainMenuTransition::OnResume	retained	Inferred	Retain reconstructed descriptive spelling; exact original spelling is not established.	src/Battlesport/hud.cpp:14142
recoil:function:0x4153d0	0x4153d0	RecoilStateMainMenuTransition::OnDeactivate	RecoilStateMainMenuTransition::OnDeactivate	retained	Inferred	Retain reconstructed descriptive spelling; exact original spelling is not established.	src/Battlesport/hud.cpp:14232
recoil:function:0x415630	0x415630	RecoilStateMainMenuTransition::ClearPausedAudioSnapshot	RecoilStateMainMenuTransition::ClearPausedAudioSnapshot	retained	Inferred	Retain reconstructed descriptive spelling; exact original spelling is not established.	src/Battlesport/hud.cpp:14321
recoil:function:0x415650	0x415650	RecoilStateMainMenuTransition::QueueEnter	RecoilStateMainMenuTransition::QueueEnter	retained	Inferred	Retain reconstructed descriptive spelling; exact original spelling is not established.	src/Battlesport/hud.cpp:14338
recoil:function:0x415670	0x415670	RecoilStateMainMenuTransition::SetDeferredVideoModeIndex	RecoilStateMainMenuTransition::SetDeferredVideoModeIndex	retained	Inferred	Retain reconstructed descriptive spelling; exact original spelling is not established.	src/Battlesport/hud.cpp:14353
recoil:function:0x415680	0x415680	HudUiBackgroundConfirmQuit::Constructor	HudUiBackgroundConfirmQuit::HudUiBackgroundConfirmQuit	renamed	Inferred	Synchronize current defining source name; descriptive reconstruction, not recovered original spelling.	src/Battlesport/hud.cpp:14365
recoil:function:0x415740	0x415740	HudUiConfirmQuitOkButton::OnActivate	HudUiConfirmQuitOkButton::OnActivate	retained	Inferred	Retain reconstructed descriptive spelling; exact original spelling is not established.	src/Battlesport/hud.cpp:14393
recoil:function:0x415790	0x415790	HudUiBackgroundConfirmQuit::ScalarDeletingDestructor	HudUiBackgroundConfirmQuit::ScalarDeletingDestructor	retained	Inferred	Retain physical/compiler projection label; no unique attached defining function body in the source inventory.	
recoil:function:0x4157b0	0x4157b0	HudUiBackgroundConfirmQuit::Destructor	HudUiBackgroundConfirmQuit::Destructor	retained	Inferred	Retain physical/compiler projection label; no unique attached defining function body in the source inventory.	
recoil:function:0x415810	0x415810	RecoilStateConfirmQuit::StaticInitAndRegisterAtExit	RecoilStateConfirmQuit::StaticInitAndRegisterAtExit	retained	Inferred	Retain reconstructed descriptive spelling; exact original spelling is not established.	src/Battlesport/hud.cpp:14408
recoil:function:0x415820	0x415820	RecoilStateConfirmQuit::StaticInit	RecoilStateConfirmQuit::StaticInit	retained	Inferred	Retain reconstructed descriptive spelling; exact original spelling is not established.	src/Battlesport/hud.cpp:14419
recoil:function:0x415830	0x415830	RecoilStateConfirmQuit::RegisterAtExit	RecoilStateConfirmQuit::RegisterAtExit	retained	Inferred	Retain reconstructed descriptive spelling; exact original spelling is not established.	src/Battlesport/hud.cpp:14429
recoil:function:0x415840	0x415840	RecoilStateConfirmQuit::AtExitDestructor	RecoilStateConfirmQuit::AtExitDestructor	retained	Inferred	Retain reconstructed descriptive spelling; exact original spelling is not established.	src/Battlesport/hud.cpp:14439
recoil:function:0x415850	0x415850	RecoilStateConfirmQuit::Constructor	RecoilStateConfirmQuit::RecoilStateConfirmQuit	renamed	Inferred	Synchronize current defining source name; descriptive reconstruction, not recovered original spelling.	src/Battlesport/hud.cpp:14449
recoil:function:0x415860	0x415860	RecoilStateConfirmQuit::ScalarDeletingDestructor	RecoilStateConfirmQuit::ScalarDeletingDestructor	retained	Inferred	Retain physical/compiler projection label; no unique attached defining function body in the source inventory.	
recoil:function:0x415880	0x415880	RecoilStateConfirmQuit::Destructor	RecoilStateConfirmQuit::~RecoilStateConfirmQuit	renamed	Inferred	Synchronize current defining source name; descriptive reconstruction, not recovered original spelling.	src/Battlesport/hud.cpp:14459
recoil:function:0x4158f0	0x4158f0	RecoilStateConfirmQuit::OnTryBecomeCurrent	RecoilStateConfirmQuit::OnTryBecomeCurrent	retained	Inferred	Retain reconstructed descriptive spelling; exact original spelling is not established.	src/Battlesport/hud.cpp:14479
recoil:function:0x415960	0x415960	RecoilStateConfirmQuit::OnDeactivate	RecoilStateConfirmQuit::OnDeactivate	retained	Inferred	Retain reconstructed descriptive spelling; exact original spelling is not established.	src/Battlesport/hud.cpp:14496
recoil:function:0x4159b0	0x4159b0	RecoilStateConfirmQuit::QueueEnter	RecoilStateConfirmQuit::QueueEnter	retained	Inferred	Retain reconstructed descriptive spelling; exact original spelling is not established.	src/Battlesport/hud.cpp:14524
recoil:function:0x4159d0	0x4159d0	zFMV_Action::NoOpUpdate	zFMV_Action::Update	renamed	Inferred	Synchronize current defining source name; descriptive reconstruction, not recovered original spelling.	src/Battlesport/hud.cpp:14535
recoil:function:0x4159e0	0x4159e0	zFMV_Action::RunBlockingTimed	zFMV_Action::RunBlockingTimed	retained	Inferred	Retain reconstructed descriptive spelling; exact original spelling is not established.	src/Battlesport/hud.cpp:14550
recoil:function:0x415a80	0x415a80	zFMV_ActionBase::ScalarDeletingDestructor	zFMV_ActionBase::ScalarDeletingDestructor	retained	Inferred	Retain physical/compiler projection label; no unique attached defining function body in the source inventory.	
recoil:function:0x415ab0	0x415ab0	HudSensorMapNode::Init	HudSensorMapNode::Init	retained	Inferred	Retain reconstructed descriptive spelling; exact original spelling is not established.	src/Battlesport/map.cpp:581
recoil:function:0x415ac0	0x415ac0	HudSensorMapNode::FreePointArray	HudSensorMapNode::FreePointArray	retained	Inferred	Retain reconstructed descriptive spelling; exact original spelling is not established.	src/Battlesport/map.cpp:593
recoil:function:0x415ae0	0x415ae0	HudSensorMapNode::SetEnabled	HudSensorMapNode::SetEnabled	retained	Inferred	Retain reconstructed descriptive spelling; exact original spelling is not established.	src/Battlesport/map.cpp:606
recoil:function:0x415b10	0x415b10	HudSensorMapNode::SelectPoint	HudSensorMapNode::SelectPoint	retained	Inferred	Retain reconstructed descriptive spelling; exact original spelling is not established.	src/Battlesport/map.cpp:626
recoil:function:0x415b40	0x415b40	HudSensorMapNode::InitDefaults	HudSensorMapNode::InitDefaults	retained	Inferred	Retain reconstructed descriptive spelling; exact original spelling is not established.	src/Battlesport/map.cpp:643
recoil:function:0x415b70	0x415b70	HudSensorMapNode::SetColorRgb	HudSensorMapNode::SetColorRgb	retained	Inferred	Retain reconstructed descriptive spelling; exact original spelling is not established.	src/Battlesport/map.cpp:663
recoil:function:0x415bd0	0x415bd0	HudSensorMapNode::LoadFromStream	HudSensorMapNode::LoadFromStream	retained	Inferred	Retain reconstructed descriptive spelling; exact original spelling is not established.	src/Battlesport/map.cpp:692
recoil:function:0x415c90	0x415c90	HudSensorMapNode::GetOrRecomputeCachedBounds	HudSensorMapNode::UpdateCachedBounds	renamed	Inferred	Synchronize current defining source name; descriptive reconstruction, not recovered original spelling.	src/Battlesport/map.cpp:729
recoil:function:0x415d30	0x415d30	HudSensorMapNode::DrawOnTracker	HudSensorMapNode::DrawOnTracker	retained	Inferred	Retain reconstructed descriptive spelling; exact original spelling is not established.	src/Battlesport/map.cpp:773
recoil:function:0x415f40	0x415f40	HudSensorTracker::DrawDiamondMarker	HudSensorTracker::DrawDiamondMarker	retained	Inferred	Retain reconstructed descriptive spelling; exact original spelling is not established.	src/Battlesport/map.cpp:865
recoil:function:0x415fb0	0x415fb0	HudRectI::ClipOrSplitSegment	HudRectI::ClipOrSplitSegment	retained	Inferred	Retain reconstructed descriptive spelling; exact original spelling is not established.	src/Battlesport/map.cpp:894
recoil:function:0x416240	0x416240	HudRectI::CalcOutcode	HudRectI::CalcOutcode	retained	Inferred	Retain reconstructed descriptive spelling; exact original spelling is not established.	src/Battlesport/map.cpp:1005
recoil:function:0x416290	0x416290	HudRectI::IsCornerOutcode	HudRectI::IsCornerOutcode	retained	Inferred	Retain reconstructed descriptive spelling; exact original spelling is not established.	src/Battlesport/map.cpp:1031
recoil:function:0x4162b0	0x4162b0	HudRectI::SegmentIntersectsEdge	HudRectI::SegmentIntersectsEdge	retained	Inferred	Retain reconstructed descriptive spelling; exact original spelling is not established.	src/Battlesport/map.cpp:1042
recoil:function:0x416390	0x416390	HudGeom2D::ClassifyPointAgainstSegment	HudGeom2D::ClassifyPointAgainstSegment	retained	Inferred	Retain reconstructed descriptive spelling; exact original spelling is not established.	src/Battlesport/map.cpp:1100
recoil:function:0x416480	0x416480	HudSensorMapNode::DrawProjectedPath	HudSensorMapNode::DrawProjectedPath	retained	Inferred	Retain reconstructed descriptive spelling; exact original spelling is not established.	src/Battlesport/map.cpp:1134
recoil:function:0x416650	0x416650	HudSensorTracker::InitNoBounds	HudSensorTracker::InitNoBounds	retained	Inferred	Retain reconstructed descriptive spelling; exact original spelling is not established.	src/Battlesport/map.cpp:1201
recoil:function:0x416660	0x416660	HudSensorTracker::Init	HudSensorTracker::Init	retained	Inferred	Retain reconstructed descriptive spelling; exact original spelling is not established.	src/Battlesport/map.cpp:1213
recoil:function:0x4166e0	0x4166e0	HudSensorTracker::SetBounds	HudSensorTracker::SetBounds	retained	Inferred	Retain reconstructed descriptive spelling; exact original spelling is not established.	src/Battlesport/map.cpp:1244
recoil:function:0x416790	0x416790	HudSensorTracker::MapShutdownAndResetThunk	HudSensorTracker::MapShutdownAndResetThunk	retained	Inferred	Retain reconstructed descriptive spelling; exact original spelling is not established.	src/Battlesport/map.cpp:1277
recoil:function:0x4167a0	0x4167a0	HudSensorTracker::MapShutdownAndReset	HudSensorTracker::MapShutdownAndReset	retained	Inferred	Retain reconstructed descriptive spelling; exact original spelling is not established.	src/Battlesport/map.cpp:1288
recoil:function:0x4167e0	0x4167e0	HudSensorTracker::MapRemoveNode	HudSensorTracker::MapRemoveNode	retained	Inferred	Retain reconstructed descriptive spelling; exact original spelling is not established.	src/Battlesport/map.cpp:1307
recoil:function:0x416840	0x416840	HudSensorTracker::MapInsertNodeAndGrowBounds	HudSensorTracker::MapInsertNodeAndGrowBounds	retained	Inferred	Retain reconstructed descriptive spelling; exact original spelling is not established.	src/Battlesport/map.cpp:1347
recoil:function:0x4168d0	0x4168d0	HudSensorTracker::LoadMapFromStream	HudSensorTracker::LoadMapFromStream	retained	Inferred	Retain reconstructed descriptive spelling; exact original spelling is not established.	src/Battlesport/map.cpp:1381
recoil:function:0x4169d0	0x4169d0	HudSensorTracker::LoadMapFromPath	HudSensorTracker::LoadMapFromPath	retained	Inferred	Retain reconstructed descriptive spelling; exact original spelling is not established.	src/Battlesport/map.cpp:1427
recoil:function:0x416a30	0x416a30	HudSensorTracker::MapOverlayBeginShow	HudSensorTracker::MapOverlayBeginShow	retained	Inferred	Retain reconstructed descriptive spelling; exact original spelling is not established.	src/Battlesport/map.cpp:1450
recoil:function:0x416ad0	0x416ad0	HudSensorTracker::MapOverlayEndShow	HudSensorTracker::MapOverlayEndShow	retained	Inferred	Retain reconstructed descriptive spelling; exact original spelling is not established.	src/Battlesport/map.cpp:1479
recoil:function:0x416b30	0x416b30	HudSensorTracker::MapOverlayRefToggle	HudSensorTracker::MapOverlayRefToggle	retained	Inferred	Retain reconstructed descriptive spelling; exact original spelling is not established.	src/Battlesport/map.cpp:1505
recoil:function:0x416b80	0x416b80	HudSensorTracker::MapZoomIn	HudSensorTracker::MapZoomIn	retained	Inferred	Retain reconstructed descriptive spelling; exact original spelling is not established.	src/Battlesport/map.cpp:1529
recoil:function:0x416bb0	0x416bb0	HudSensorTracker::MapZoomOut	HudSensorTracker::MapZoomOut	retained	Inferred	Retain reconstructed descriptive spelling; exact original spelling is not established.	src/Battlesport/map.cpp:1541
recoil:function:0x416be0	0x416be0	HudSensorTracker::UpdateMapScaleLerp	HudSensorTracker::UpdateMapScaleLerp	retained	Inferred	Retain reconstructed descriptive spelling; exact original spelling is not established.	src/Battlesport/map.cpp:1553
recoil:function:0x416c90	0x416c90	HudSensorTracker::ProjectWorldPointsToOverlay	HudSensorTracker::ProjectWorldPointsToOverlay	retained	Inferred	Retain reconstructed descriptive spelling; exact original spelling is not established.	src/Battlesport/map.cpp:1575
recoil:function:0x416d50	0x416d50	HudSensorTracker::DrawTrackedSaveStateMarker	HudSensorTracker::DrawTrackedSaveStateMarker	retained	Inferred	Retain reconstructed descriptive spelling; exact original spelling is not established.	src/Battlesport/map.cpp:1606
recoil:function:0x416dd0	0x416dd0	HudSensorTracker::DrawMarkerCross	HudSensorTracker::DrawMarkerCross	retained	Inferred	Retain reconstructed descriptive spelling; exact original spelling is not established.	src/Battlesport/map.cpp:1638
recoil:function:0x416e50	0x416e50	HudSensorTracker::GetSaveStateRelativeVectorLen	HudSensorTracker::GetSaveStateRelativeVectorLen	retained	Inferred	Retain reconstructed descriptive spelling; exact original spelling is not established.	src/Battlesport/map.cpp:1667
recoil:function:0x416ef0	0x416ef0	HudSensorTracker::SetSaveStateMarkerMaxDistance	HudSensorTracker::SetSaveStateMarkerMaxDistance	retained	Inferred	Retain reconstructed descriptive spelling; exact original spelling is not established.	src/Battlesport/map.cpp:1697
recoil:function:0x416f10	0x416f10	HudSensorTracker::DrawSaveStateMarker	HudSensorTracker::DrawSaveStateMarker	retained	Inferred	Retain reconstructed descriptive spelling; exact original spelling is not established.	src/Battlesport/map.cpp:1709
recoil:function:0x417130	0x417130	HudSensorTracker::Update	HudSensorTracker::Update	retained	Inferred	Retain reconstructed descriptive spelling; exact original spelling is not established.	src/Battlesport/map.cpp:1773
recoil:function:0x417220	0x417220	HudSensorTracker::SetTrackedSaveState	HudSensorTracker::SetTrackedSaveState	retained	Inferred	Retain reconstructed descriptive spelling; exact original spelling is not established.	src/Battlesport/map.cpp:1820
recoil:function:0x417260	0x417260	HudSensorTracker::LoadMissionMapAndSfx	HudSensorTracker::LoadMissionMapAndSfx	retained	Inferred	Retain reconstructed descriptive spelling; exact original spelling is not established.	src/Battlesport/map.cpp:1844
recoil:function:0x4172c0	0x4172c0	HudSensorTracker::SetObjectiveMarkerEnabledAndColor	HudSensorTracker::SetObjectiveMarkerEnabledAndColor	retained	Inferred	Retain reconstructed descriptive spelling; exact original spelling is not established.	src/Battlesport/map.cpp:1864
recoil:function:0x417300	0x417300	HudSensorTracker::SetObjectiveMarkerColorBlink	HudSensorTracker::SetObjectiveMarkerColorBlink	retained	Inferred	Retain reconstructed descriptive spelling; exact original spelling is not established.	src/Battlesport/map.cpp:1887
recoil:function:0x417350	0x417350	Mission::InitObjectives	Mission::InitObjectives	retained	Inferred	Retain physical/compiler projection label; no unique attached defining function body in the source inventory.	
recoil:function:0x417360	0x417360	HudSensorTracker::ConstructGlobal	HudSensorTracker::ConstructGlobal	retained	Inferred	Retain physical/compiler projection label; no unique attached defining function body in the source inventory.	
recoil:function:0x417370	0x417370	HudSensorTracker::RegisterGlobalOnExit	HudSensorTracker::RegisterGlobalOnExit	retained	Inferred	Retain physical/compiler projection label; no unique attached defining function body in the source inventory.	
recoil:function:0x417380	0x417380	HudSensorTracker::ShutdownGlobal	HudSensorTracker::ShutdownGlobal	retained	Inferred	Retain physical/compiler projection label; no unique attached defining function body in the source inventory.	
recoil:function:0x417390	0x417390	HudSensorTracker::Constructor	HudSensorTracker::Constructor	retained	Inferred	Retain physical/compiler projection label; no unique attached defining function body in the source inventory.	
recoil:function:0x417430	0x417430	HudSensorTracker::WriteMissionDataSection	HudSensorTracker::WriteMissionDataSection	retained	Inferred	Retain physical/compiler projection label; no unique attached defining function body in the source inventory.	
recoil:function:0x4174f0	0x4174f0	HudSensorTracker::ApplyMissionDataAndReload	HudSensorTracker::ApplyMissionDataAndReload	retained	Inferred	Retain physical/compiler projection label; no unique attached defining function body in the source inventory.	
recoil:function:0x417640	0x417640	HudSensorTracker::RegisterMissionSectionHandlers	HudSensorTracker::RegisterMissionSectionHandlers	retained	Inferred	Retain physical/compiler projection label; no unique attached defining function body in the source inventory.	
recoil:function:0x417680	0x417680	HudSensorTracker::ZarMission_SaveCallback	HudSensorTracker::ZarMissionSaveCallback	renamed	Inferred	Synchronize renamed source identifier within existing physical/compiler projection label.	
recoil:function:0x417690	0x417690	HudSensorTracker::ZarMission_RestoreCallback	HudSensorTracker::ZarMissionRestoreCallback	renamed	Inferred	Synchronize renamed source identifier within existing physical/compiler projection label.	
recoil:function:0x4176b0	0x4176b0	HudSensorTracker::ZarMissionLate_SaveCallback	HudSensorTracker::ZarMissionLateSaveCallback	renamed	Inferred	Synchronize renamed source identifier within existing physical/compiler projection label.	
recoil:function:0x4176d0	0x4176d0	HudSensorTracker::ZarMissionLate_RestoreCallback	HudSensorTracker::ZarMissionLateRestoreCallback	renamed	Inferred	Synchronize renamed source identifier within existing physical/compiler projection label.	
recoil:function:0x4176f0	0x4176f0	HudSensorTracker::ResetMissionState	HudSensorTracker::ResetMissionState	retained	Inferred	Retain physical/compiler projection label; no unique attached defining function body in the source inventory.	
recoil:function:0x417770	0x417770	HudSensorTracker::InitMissionIdAndFlags	HudSensorTracker::InitMissionIdAndFlags	retained	Inferred	Retain physical/compiler projection label; no unique attached defining function body in the source inventory.	
recoil:function:0x4177a0	0x4177a0	HudSensorTracker::SetMissionId	HudSensorTracker::SetMissionId	retained	Inferred	Retain physical/compiler projection label; no unique attached defining function body in the source inventory.	
recoil:function:0x4177d0	0x4177d0	HudSensorTracker::SetZbdPath	HudSensorTracker::SetZbdPath	retained	Inferred	Retain physical/compiler projection label; no unique attached defining function body in the source inventory.	
recoil:function:0x417800	0x417800	HudSensorTracker::GetMissionId	HudSensorTracker::GetMissionId	retained	Inferred	Retain physical/compiler projection label; no unique attached defining function body in the source inventory.	
recoil:function:0x417810	0x417810	HudSensorTracker::LoadMissionCoreResources	HudSensorTracker::LoadMissionCoreResources	retained	Inferred	Retain physical/compiler projection label; no unique attached defining function body in the source inventory.	
recoil:function:0x417a00	0x417a00	HudSensorTracker::InitMissionGameplaySystems	HudSensorTracker::InitMissionGameplaySystems	retained	Inferred	Retain physical/compiler projection label; no unique attached defining function body in the source inventory.	
recoil:function:0x417ca0	0x417ca0	HudSensorTracker::OnObjectiveCommand	HudSensorTracker::OnObjectiveCommand	retained	Inferred	Retain physical/compiler projection label; no unique attached defining function body in the source inventory.	
recoil:function:0x417d40	0x417d40	HudSensorTracker::ShutdownMissionGameplaySystems	HudSensorTracker::ShutdownMissionGameplaySystems	retained	Inferred	Retain physical/compiler projection label; no unique attached defining function body in the source inventory.	
recoil:function:0x417ee0	0x417ee0	HudSensorTracker::UnloadObjectives	HudSensorTracker::UnloadObjectives	retained	Inferred	Retain physical/compiler projection label; no unique attached defining function body in the source inventory.	
recoil:function:0x417f60	0x417f60	HudSensorObjectiveSlot::Reset	HudSensorObjectiveSlot::Reset	retained	Inferred	Retain physical/compiler projection label; no unique attached defining function body in the source inventory.	
recoil:function:0x417f90	0x417f90	HudSensorTracker::LoadObjectivesFromPath	HudSensorTracker::LoadObjectivesFromPath	retained	Inferred	Retain physical/compiler projection label; no unique attached defining function body in the source inventory.	
recoil:function:0x418230	0x418230	HudSensorTracker::LoadObjectivesFromZrd	HudSensorTracker::LoadObjectivesFromZrd	retained	Inferred	Retain physical/compiler projection label; no unique attached defining function body in the source inventory.	
recoil:function:0x4184e0	0x4184e0	HudSensorTracker::AdvanceObjectiveState	HudSensorTracker::AdvanceObjectiveState	retained	Inferred	Retain physical/compiler projection label; no unique attached defining function body in the source inventory.	
recoil:function:0x418620	0x418620	HudSensorTracker::SetObjectiveReviewVisible	HudSensorTracker::SetObjectiveReviewVisible	retained	Inferred	Retain physical/compiler projection label; no unique attached defining function body in the source inventory.	
recoil:function:0x4186f0	0x4186f0	HudSensorTracker::GetObjectiveBriefingStringsAndImageRef	HudSensorTracker::GetObjectiveBriefingStringsAndImageRef	retained	Inferred	Retain physical/compiler projection label; no unique attached defining function body in the source inventory.	
recoil:function:0x418730	0x418730	HudSensorTracker::Command_ToggleObjectivePanel	HudSensorTracker::CommandToggleObjectivePanel	renamed	Inferred	Synchronize renamed source identifier within existing physical/compiler projection label.	
recoil:function:0x418760	0x418760	HudSensorTracker::SetObjectivePanelVisible	HudSensorTracker::SetObjectivePanelVisible	retained	Inferred	Retain physical/compiler projection label; no unique attached defining function body in the source inventory.	
recoil:function:0x4188f0	0x4188f0	HudSensorTracker::Command_ShowObjectivePickupInfo	HudSensorTracker::CommandShowObjectivePickupInfo	renamed	Inferred	Synchronize renamed source identifier within existing physical/compiler projection label.	
recoil:function:0x418940	0x418940	HudSensorTracker::ShowObjectivePickupInfo	HudSensorTracker::ShowObjectivePickupInfo	retained	Inferred	Retain physical/compiler projection label; no unique attached defining function body in the source inventory.	
recoil:function:0x418c30	0x418c30	HudSensorTracker::FindAndHighlightFirstIncompleteObjective	HudSensorTracker::FindAndHighlightFirstIncompleteObjective	retained	Inferred	Retain physical/compiler projection label; no unique attached defining function body in the source inventory.	
recoil:function:0x418c70	0x418c70	HudSensorTracker::ResetHudForMissionStart	HudSensorTracker::ResetHudForMissionStart	retained	Inferred	Retain physical/compiler projection label; no unique attached defining function body in the source inventory.	
recoil:function:0x418d40	0x418d40	HudSensorTracker::UpdateObjectiveFlow	HudSensorTracker::UpdateObjectiveFlow	retained	Inferred	Retain physical/compiler projection label; no unique attached defining function body in the source inventory.	
recoil:function:0x418fb0	0x418fb0	HudSensorTracker::SaveAndQueueMissionState	HudSensorTracker::SaveAndQueueMissionState	retained	Inferred	Retain physical/compiler projection label; no unique attached defining function body in the source inventory.	
recoil:function:0x419010	0x419010	HudSensorTracker::QueueMissionFmvStateForMissionId	HudSensorTracker::QueueMissionFmvStateForMissionId	retained	Inferred	Retain physical/compiler projection label; no unique attached defining function body in the source inventory.	
recoil:function:0x419050	0x419050	HudSensorTracker::LoadMissionWeatherFx	HudSensorTracker::LoadMissionWeatherFx	retained	Inferred	Retain physical/compiler projection label; no unique attached defining function body in the source inventory.	
recoil:function:0x4192d0	0x4192d0	HudSensorTracker::RunStartAnimsFromZrd	HudSensorTracker::RunStartAnimsFromZrd	retained	Inferred	Retain physical/compiler projection label; no unique attached defining function body in the source inventory.	
recoil:function:0x419380	0x419380	HudSensorTracker::OnObjectiveReadSoundEvent	HudSensorTracker::OnObjectiveReadSoundEvent	retained	Inferred	Retain physical/compiler projection label; no unique attached defining function body in the source inventory.	
recoil:function:0x4193c0	0x4193c0	HudSensorTracker::LoadRaceCheckpointMeta	HudSensorTracker::LoadRaceCheckpointMeta	retained	Inferred	Retain physical/compiler projection label; no unique attached defining function body in the source inventory.	
recoil:function:0x419470	0x419470	HudSensorTracker::SetRuntimeTimerSecAndGoalValue	HudSensorTracker::SetRuntimeTimerSecAndGoalValue	retained	Inferred	Retain physical/compiler projection label; no unique attached defining function body in the source inventory.	
recoil:function:0x419490	0x419490	HudSensorTracker::Shutdown	HudSensorTracker::Shutdown	retained	Inferred	Retain physical/compiler projection label; no unique attached defining function body in the source inventory.	
recoil:function:0x419500	0x419500	HudUiMpExitDialog::LoadLayout	HudUiMpExitDialog::LoadLayout	retained	Inferred	Retain physical/compiler projection label; no unique attached defining function body in the source inventory.	
recoil:function:0x419650	0x419650	HudUiMpExitDialog::UnloadLayout	HudUiMpExitDialog::UnloadLayout	retained	Inferred	Retain physical/compiler projection label; no unique attached defining function body in the source inventory.	
recoil:function:0x419690	0x419690	HudUiMpExitDialog::Update	HudUiMpExitDialog::Update	retained	Inferred	Retain physical/compiler projection label; no unique attached defining function body in the source inventory.	
recoil:function:0x419740	0x419740	RecoilApp_MpExitDialogState::OnEnter	RecoilApp_MpExitDialogState::OnEnter	retained	Inferred	Retain physical/compiler projection label; no unique attached defining function body in the source inventory.	
recoil:function:0x419800	0x419800	HudUiMpExitDialog_MpNewGameButton::OnActivate	HudUiMpExitDialog_MpNewGameButton::OnActivate	retained	Inferred	Retain physical/compiler projection label; no unique attached defining function body in the source inventory.	
recoil:function:0x419830	0x419830	HudUiMpExitDialog_MpExitButton::OnActivate	HudUiMpExitDialog_MpExitButton::OnActivate	retained	Inferred	Retain physical/compiler projection label; no unique attached defining function body in the source inventory.	
recoil:function:0x419850	0x419850	HudUiMpExitDialog::ScalarDeletingDestructorThunk	HudUiMpExitDialog::ScalarDeletingDestructorThunk	retained	Inferred	Retain physical/compiler projection label; no unique attached defining function body in the source inventory.	
recoil:function:0x419870	0x419870	HudUiMpExitDialog::Destructor	HudUiMpExitDialog::Destructor	retained	Inferred	Retain physical/compiler projection label; no unique attached defining function body in the source inventory.	
recoil:function:0x4198d0	0x4198d0	RecoilApp_MpExitDialogState::OnTryBecomeCurrent	RecoilApp_MpExitDialogState::OnTryBecomeCurrent	retained	Inferred	Retain physical/compiler projection label; no unique attached defining function body in the source inventory.	
recoil:function:0x419940	0x419940	RecoilApp_MpExitDialogState::OnDeactivate	RecoilApp_MpExitDialogState::OnDeactivate	retained	Inferred	Retain physical/compiler projection label; no unique attached defining function body in the source inventory.	
recoil:function:0x419990	0x419990	RecoilApp_MpExitDialogState::OnUpdateShouldQuit	RecoilApp_MpExitDialogState::OnUpdateShouldQuit	retained	Inferred	Retain physical/compiler projection label; no unique attached defining function body in the source inventory.	
recoil:function:0x419aa0	0x419aa0	HudUiNetGameSetupPanel::Constructor	HudUiNetGameSetupPanel::Constructor	retained	Inferred	Retain physical/compiler projection label; no unique attached defining function body in the source inventory.	
recoil:function:0x41a160	0x41a160	HudUiNetGameSetupPanel_CancelButton::OnActivate	HudUiNetGameSetupPanel_CancelButton::OnActivate	retained	Inferred	Retain physical/compiler projection label; no unique attached defining function body in the source inventory.	
recoil:function:0x41a190	0x41a190	HudUiNumericTextInput::Constructor	HudUiNetGameSetupTextInput::HudUiNetGameSetupTextInput	renamed	Inferred	Synchronize current defining source name; descriptive reconstruction, not recovered original spelling.	src/Battlesport/mission.cpp:2264
recoil:function:0x41a200	0x41a200	HudUiClampedIntTextInput::Constructor	HudUiClampedIntTextInput::Constructor	retained	Inferred	Retain physical/compiler projection label; no unique attached defining function body in the source inventory.	
recoil:function:0x41a290	0x41a290	HudUiNumericTextInput::OnAcceptForwardToCommit	HudUiNumericTextInput::OnAcceptForwardToCommit	retained	Inferred	Retain physical/compiler projection label; no unique attached defining function body in the source inventory.	
recoil:function:0x41a2a0	0x41a2a0	HudUiClampedIntTextInput::OnRawKeyboardDigitOnly	HudUiNumericTextInput::CommitAndGetValue	renamed	Inferred	Synchronize current defining source name; descriptive reconstruction, not recovered original spelling.	src/GameZRecoil/zUI/zui.cpp:3636
recoil:function:0x41a2d0	0x41a2d0	HudUiClampedIntTextInput::CommitAndGetValue	HudUiClampedIntTextInput::CommitAndGetValue	retained	Inferred	Retain physical/compiler projection label; no unique attached defining function body in the source inventory.	
recoil:function:0x41a350	0x41a350	HudUiClampedIntStepButton::OnActivate	HudUiClampedIntStepButton::OnActivate	retained	Inferred	Retain physical/compiler projection label; no unique attached defining function body in the source inventory.	
recoil:function:0x41a3d0	0x41a3d0	HudUiNetGameSetupPanel::ScalarDeletingDestructor	HudUiNetGameSetupPanel::ScalarDeletingDestructor	retained	Inferred	Retain physical/compiler projection label; no unique attached defining function body in the source inventory.	
recoil:function:0x41a3f0	0x41a3f0	HudUiNumericTextInput::DestructorThunk	HudUiNumericTextInput::DestructorThunk	retained	Inferred	Retain physical/compiler projection label; no unique attached defining function body in the source inventory.	
recoil:function:0x41a400	0x41a400	HudUiNetGameSetupPanel::Destructor	HudUiNetGameSetupPanel::Destructor	retained	Inferred	Retain physical/compiler projection label; no unique attached defining function body in the source inventory.	
recoil:function:0x41a570	0x41a570	HudUiCycleSelectorWidget::ScalarDeletingDestructorThunk	HudUiCycleSelectorWidget::ScalarDeletingDestructorThunk	retained	Inferred	Retain physical/compiler projection label; no unique attached defining function body in the source inventory.	
recoil:function:0x41a590	0x41a590	HudUiCheckToggleWidget::ScalarDeletingDestructorThunk	HudUiCheckToggleWidget::ScalarDeletingDestructorThunk	retained	Inferred	Retain physical/compiler projection label; no unique attached defining function body in the source inventory.	
recoil:function:0x41a5b0	0x41a5b0	HudUiNetGameSetupPanel_LaunchButton::OnActivate	HudUiNetGameSetupPanel_LaunchButton::OnActivate	retained	Inferred	Retain physical/compiler projection label; no unique attached defining function body in the source inventory.	
recoil:function:0x41a7b0	0x41a7b0	HudUiNetGameSetupTextInput::OnActivateFocusAndCursor	HudUiNetGameSetupTextInput::OnActivateFocusAndCursor	retained	Inferred	Retain physical/compiler projection label; no unique attached defining function body in the source inventory.	
recoil:function:0x41a820	0x41a820	HudUiNetGameSetupPanel_NextWorldButton::OnActivate	HudUiNetGameSetupPanel_NextWorldButton::OnActivate	retained	Inferred	Retain physical/compiler projection label; no unique attached defining function body in the source inventory.	
recoil:function:0x41a9c0	0x41a9c0	HudUiNetGameSetupPanel_PrevWorldButton::OnActivate	HudUiNetGameSetupPanel_PrevWorldButton::OnActivate	retained	Inferred	Retain physical/compiler projection label; no unique attached defining function body in the source inventory.	
recoil:function:0x41ab60	0x41ab60	HudUiNetGameSetupOverlayOwner::StaticInitAndRegisterAtExit	HudUiNetGameSetupOverlayOwner::StaticInitAndRegisterAtExit	retained	Inferred	Retain physical/compiler projection label; no unique attached defining function body in the source inventory.	
recoil:function:0x41ab70	0x41ab70	HudUiNetGameSetupOverlayOwner::StaticInit	HudUiNetGameSetupOverlayOwner::StaticInit	retained	Inferred	Retain physical/compiler projection label; no unique attached defining function body in the source inventory.	
recoil:function:0x41ab80	0x41ab80	HudUiNetGameSetupOverlayOwner::RegisterAtExit	HudUiNetGameSetupOverlayOwner::RegisterAtExit	retained	Inferred	Retain physical/compiler projection label; no unique attached defining function body in the source inventory.	
recoil:function:0x41ab90	0x41ab90	HudUiNetGameSetupOverlayOwner::AtExitDestructor	HudUiNetGameSetupOverlayOwner::AtExitDestructor	retained	Inferred	Retain physical/compiler projection label; no unique attached defining function body in the source inventory.	
recoil:function:0x41aba0	0x41aba0	HudUiNetGameSetupOverlayOwner::Constructor	HudUiNetGameSetupOverlayOwner::HudUiNetGameSetupOverlayOwner	renamed	Inferred	Synchronize current defining source name; descriptive reconstruction, not recovered original spelling.	src/Battlesport/mission.cpp:2543
recoil:function:0x41abc0	0x41abc0	HudUiNetGameSetupOverlayOwner::ScalarDeletingDestructor	HudUiNetGameSetupOverlayOwner::ScalarDeletingDestructor	retained	Inferred	Retain physical/compiler projection label; no unique attached defining function body in the source inventory.	
recoil:function:0x41abe0	0x41abe0	HudUiNetGameSetupOverlayOwner::Destructor	HudUiNetGameSetupOverlayOwner::~HudUiNetGameSetupOverlayOwner	renamed	Inferred	Synchronize current defining source name; descriptive reconstruction, not recovered original spelling.	src/Battlesport/mission.cpp:2555
recoil:function:0x41ac50	0x41ac50	HudUiNetGameSetupOverlayOwner::OnTryBecomeCurrent	HudUiNetGameSetupOverlayOwner::OnTryBecomeCurrent	retained	Inferred	Retain physical/compiler projection label; no unique attached defining function body in the source inventory.	
recoil:function:0x41ad20	0x41ad20	HudUiNetGameSetupOverlayOwner::OnDeactivate	HudUiNetGameSetupOverlayOwner::OnDeactivate	retained	Inferred	Retain physical/compiler projection label; no unique attached defining function body in the source inventory.	
recoil:function:0x41ad80	0x41ad80	HudUiNetGameSetupOverlayOwner::QueueEnterWithReconfigureFlag	HudUiNetGameSetupOverlayOwner::QueueEnterWithReconfigureFlag	retained	Inferred	Retain physical/compiler projection label; no unique attached defining function body in the source inventory.	
recoil:function:0x41ada0	0x41ada0	NetSessionBrowserDialog::Constructor	NetSessionBrowserDialog::Constructor	retained	Inferred	Retain physical/compiler projection label; no unique attached defining function body in the source inventory.	
recoil:function:0x41ae90	0x41ae90	NetSessionBrowserDialog::ScalarDeletingDestructor	NetSessionBrowserDialog::ScalarDeletingDestructor	retained	Inferred	Retain physical/compiler projection label; no unique attached defining function body in the source inventory.	
recoil:function:0x41aeb0	0x41aeb0	NetSessionBrowserDialog::Destructor	NetSessionBrowserDialog::Destructor	retained	Inferred	Retain physical/compiler projection label; no unique attached defining function body in the source inventory.	
recoil:function:0x41af50	0x41af50	NetSessionBrowserDialog::DoDataExchange	NetSessionBrowserDialog::DoDataExchange	retained	Inferred	Retain physical/compiler projection label; no unique attached defining function body in the source inventory.	
recoil:function:0x41afd0	0x41afd0	NetSessionBrowserDialog::GetMessageMap	NetSessionBrowserDialog::GetMessageMap	retained	Inferred	Retain physical/compiler projection label; no unique attached defining function body in the source inventory.	
recoil:function:0x41afe0	0x41afe0	NetSessionBrowserDialog::OnInitDialog	NetSessionBrowserDialog::OnInitDialog	retained	Inferred	Retain physical/compiler projection label; no unique attached defining function body in the source inventory.	
recoil:function:0x41b150	0x41b150	NetSessionBrowserDialog::RefreshSessionList	NetSessionBrowserDialog::RefreshSessionList	retained	Inferred	Retain physical/compiler projection label; no unique attached defining function body in the source inventory.	
recoil:function:0x41b2f0	0x41b2f0	NetSessionBrowserDialog::ConnectSelectedProvider	NetSessionBrowserDialog::ConnectSelectedProvider	retained	Inferred	Retain physical/compiler projection label; no unique attached defining function body in the source inventory.	
recoil:function:0x41b510	0x41b510	NetSessionBrowserDialog::OnOK	NetSessionBrowserDialog::OnOK	retained	Inferred	Retain physical/compiler projection label; no unique attached defining function body in the source inventory.	
recoil:function:0x41b5a0	0x41b5a0	NetSessionBrowserDialog::OnCreateSession	NetSessionBrowserDialog::OnCreateSession	retained	Inferred	Retain physical/compiler projection label; no unique attached defining function body in the source inventory.	
recoil:function:0x41b660	0x41b660	NetSessionBrowserDialog::OnTimer	NetSessionBrowserDialog::OnTimer	retained	Inferred	Retain physical/compiler projection label; no unique attached defining function body in the source inventory.	
recoil:function:0x41b680	0x41b680	NetSessionBrowserDialog::OnDestroy	NetSessionBrowserDialog::OnDestroy	retained	Inferred	Retain physical/compiler projection label; no unique attached defining function body in the source inventory.	
recoil:function:0x41b6a0	0x41b6a0	NetSessionBrowserDialog::ValidatePlayerName	NetSessionBrowserDialog::ValidatePlayerName	retained	Inferred	Retain physical/compiler projection label; no unique attached defining function body in the source inventory.	
recoil:function:0x41b780	0x41b780	NetSessionBrowserDialog::OnHelpDocs	NetSessionBrowserDialog::OnHelpDocs	retained	Inferred	Retain reconstructed descriptive spelling; exact original spelling is not established.	src/Battlesport/mission.cpp:3481
recoil:function:0x41b950	0x41b950	Player::TickRemoteNetworkPlayer	Player::TickRemoteNetworkPlayer	retained	Inferred	Retain physical/compiler projection label; no unique attached defining function body in the source inventory.	
recoil:function:0x41bab0	0x41bab0	Player::UpdateGunDispatchRequestsFromTriggerLatches	Player::UpdateGunDispatchRequestsFromTriggerLatches	retained	Inferred	Retain physical/compiler projection label; no unique attached defining function body in the source inventory.	
recoil:function:0x41bb30	0x41bb30	Player::DestroyedStateRespawnCallback	Player::DestroyedStateRespawnCallback	retained	Inferred	Retain physical/compiler projection label; no unique attached defining function body in the source inventory.	
recoil:function:0x41bbf0	0x41bbf0	Player::DestroyedStateResetCallback	Player::DestroyedStateResetCallback	retained	Inferred	Retain physical/compiler projection label; no unique attached defining function body in the source inventory.	
recoil:function:0x41bca0	0x41bca0	Player::DestroyedStateResetFinalizeCallback	Player::DestroyedStateResetFinalizeCallback	retained	Inferred	Retain physical/compiler projection label; no unique attached defining function body in the source inventory.	
recoil:function:0x41bd10	0x41bd10	Player::ClearRespawnTransitionFlagCallback	Player::ClearRespawnTransitionFlagCallback	retained	Inferred	Retain physical/compiler projection label; no unique attached defining function body in the source inventory.	
recoil:function:0x41bd20	0x41bd20	Player::DestroyedStateResetLocalFinalize	Player::DestroyedStateResetLocalFinalize	retained	Inferred	Retain physical/compiler projection label; no unique attached defining function body in the source inventory.	
recoil:function:0x41bd80	0x41bd80	HudUiNetExitPanel::Constructor	HudUiNetExitPanel::HudUiNetExitPanel	renamed	Inferred	Synchronize current defining source name; descriptive reconstruction, not recovered original spelling.	src/Battlesport/mission.cpp:3822
recoil:function:0x41be70	0x41be70	HudUiNetExitPanel_ExitButton::OnActivate	HudUiNetExitPanel_ExitButton::OnActivate	retained	Inferred	Retain physical/compiler projection label; no unique attached defining function body in the source inventory.	
recoil:function:0x41be90	0x41be90	HudUiNetExitPanel::ScalarDeletingDestructor	HudUiNetExitPanel::ScalarDeletingDestructor	retained	Inferred	Retain physical/compiler projection label; no unique attached defining function body in the source inventory.	
recoil:function:0x41beb0	0x41beb0	HudUiNetExitPanel::Destructor	HudUiNetExitPanel::Destructor	retained	Inferred	Retain physical/compiler projection label; no unique attached defining function body in the source inventory.	
recoil:function:0x41bf10	0x41bf10	HudUiNetExitPanel_ResumeWidget::OnActivate	CHudUiNetExitPanelResumeWidget::OnActivate	renamed	Inferred	Synchronize renamed source identifier within existing physical/compiler projection label.	
recoil:function:0x41bf40	0x41bf40	HudUiNetExitPanel_ResumeWidget::OnShowPreview	CHudUiNetExitPanelResumeWidget::OnShowPreview	renamed	Inferred	Synchronize renamed source identifier within existing physical/compiler projection label.	
recoil:function:0x41bfa0	0x41bfa0	HudUiNetExitPanel_ResumeWidget::OnHidePreview	CHudUiNetExitPanelResumeWidget::OnHidePreview	renamed	Inferred	Synchronize renamed source identifier within existing physical/compiler projection label.	
recoil:function:0x41c000	0x41c000	HudUiNetExitPanel::CreateGlobal	HudUiNetExitPanel::CreateGlobal	retained	Inferred	Retain reconstructed descriptive spelling; exact original spelling is not established.	src/Battlesport/mission.cpp:3933
recoil:function:0x41c070	0x41c070	HudUiNetExitPanel::Show	HudUiNetExitPanel::Show	retained	Inferred	Retain physical/compiler projection label; no unique attached defining function body in the source inventory.	
recoil:function:0x41c080	0x41c080	HudUiNetExitPanel::Tick	HudUiNetExitPanel::Tick	retained	Inferred	Retain physical/compiler projection label; no unique attached defining function body in the source inventory.	
recoil:function:0x41c0a0	0x41c0a0	HudUiNetExitPanel::DestroyGlobal	HudUiNetExitPanel::DestroyGlobal	retained	Inferred	Retain physical/compiler projection label; no unique attached defining function body in the source inventory.	
recoil:function:0x41c0c0	0x41c0c0	AiPropertyDlg::OnDestroy	AiPropertyDlg::OnDestroy	retained	Inferred	Retain physical/compiler projection label; no unique attached defining function body in the source inventory.	
recoil:function:0x41c130	0x41c130	AiPropertyDlg::OnSelChange	AiPropertyDlg::OnSelChange	retained	Inferred	Retain physical/compiler projection label; no unique attached defining function body in the source inventory.	
recoil:function:0x41c170	0x41c170	AiPropertyDlg::UpdatePropertyLabels	AiPropertyDlg::UpdatePropertyLabels	retained	Inferred	Retain physical/compiler projection label; no unique attached defining function body in the source inventory.	
recoil:function:0x41c270	0x41c270	HudUiNewGamePanel_StartButton::OnActivate	HudUiNewGamePanel_StartButton::OnActivate	retained	Inferred	Retain physical/compiler projection label; no unique attached defining function body in the source inventory.	
recoil:function:0x41c290	0x41c290	HudUiNewGamePanel::Constructor	HudUiNewGamePanel::Constructor	retained	Inferred	Retain physical/compiler projection label; no unique attached defining function body in the source inventory.	
recoil:function:0x41c3b0	0x41c3b0	HudUiNewGamePanel_NameInput::OnActivate	HudUiNewGamePanel_NameInput::OnActivate	retained	Inferred	Retain physical/compiler projection label; no unique attached defining function body in the source inventory.	
recoil:function:0x41c3e0	0x41c3e0	HudUiNewGamePanel::ScalarDeletingDestructor	HudUiNewGamePanel::ScalarDeletingDestructor	retained	Inferred	Retain physical/compiler projection label; no unique attached defining function body in the source inventory.	
recoil:function:0x41c400	0x41c400	HudUiNewGamePanel::Destructor	HudUiNewGamePanel::Destructor	retained	Inferred	Retain physical/compiler projection label; no unique attached defining function body in the source inventory.	
recoil:function:0x41c480	0x41c480	HudUiZrdWidget::ScalarDeletingDestructorThunk	HudUiZrdWidget::ScalarDeletingDestructorThunk	retained	Inferred	Retain physical/compiler projection label; no unique attached defining function body in the source inventory.	
recoil:function:0x41c4a0	0x41c4a0	HudUiNumericTextInput::ScalarDeletingDestructorThunk	HudUiNumericTextInput::ScalarDeletingDestructorThunk	retained	Inferred	Retain physical/compiler projection label; no unique attached defining function body in the source inventory.	
recoil:function:0x41c4c0	0x41c4c0	HudUiOptionSelectorWidget::ScalarDeletingDestructorThunk	HudUiOptionSelectorWidget::ScalarDeletingDestructorThunk	retained	Inferred	Retain physical/compiler projection label; no unique attached defining function body in the source inventory.	
recoil:function:0x41c4e0	0x41c4e0	HudUiNewGamePanel::SyncIntensityFromDifficulty	HudUiNewGamePanel::SyncIntensityFromDifficulty	retained	Inferred	Retain physical/compiler projection label; no unique attached defining function body in the source inventory.	
recoil:function:0x41c500	0x41c500	HudUiNewGamePanel::StartGameFromFields	HudUiNewGamePanel::StartGameFromFields	retained	Inferred	Retain physical/compiler projection label; no unique attached defining function body in the source inventory.	
recoil:function:0x41c560	0x41c560	HudUiNewGamePanelOverlayOwner::OnTryBecomeCurrent	HudUiNewGamePanelOverlayOwner::OnTryBecomeCurrent	retained	Inferred	Retain physical/compiler projection label; no unique attached defining function body in the source inventory.	
recoil:function:0x41c5e0	0x41c5e0	HudUiNewGamePanelOverlayOwner::StaticInitAndRegisterAtExit	HudUiNewGamePanelOverlayOwner::StaticInitAndRegisterAtExit	retained	Inferred	Retain physical/compiler projection label; no unique attached defining function body in the source inventory.	
recoil:function:0x41c5f0	0x41c5f0	HudUiNewGamePanelOverlayOwner::StaticInit	HudUiNewGamePanelOverlayOwner::StaticInit	retained	Inferred	Retain physical/compiler projection label; no unique attached defining function body in the source inventory.	
recoil:function:0x41c610	0x41c610	HudUiNewGamePanelOverlayOwner::ScalarDeletingDestructor	HudUiNewGamePanelOverlayOwner::ScalarDeletingDestructor	retained	Inferred	Retain physical/compiler projection label; no unique attached defining function body in the source inventory.	
recoil:function:0x41c630	0x41c630	HudUiNewGamePanelOverlayOwner::Destructor	HudUiNewGamePanelOverlayOwner::Destructor	retained	Inferred	Retain physical/compiler projection label; no unique attached defining function body in the source inventory.	
recoil:function:0x41c6a0	0x41c6a0	HudUiNewGamePanelOverlayOwner::RegisterAtExit	HudUiNewGamePanelOverlayOwner::RegisterAtExit	retained	Inferred	Retain physical/compiler projection label; no unique attached defining function body in the source inventory.	
recoil:function:0x41c6b0	0x41c6b0	HudUiNewGamePanelOverlayOwner::AtExitDestructor	HudUiNewGamePanelOverlayOwner::AtExitDestructor	retained	Inferred	Retain physical/compiler projection label; no unique attached defining function body in the source inventory.	
recoil:function:0x41c6c0	0x41c6c0	HudUiNewGamePanelOverlayOwner::QueueEnter	HudUiNewGamePanelOverlayOwner::QueueEnter	retained	Inferred	Retain physical/compiler projection label; no unique attached defining function body in the source inventory.	
recoil:function:0x41c6e0	0x41c6e0	NetSessionConfigDialog::Constructor	NetSessionConfigDialog::Constructor	retained	Inferred	Retain physical/compiler projection label; no unique attached defining function body in the source inventory.	
recoil:function:0x41c7d0	0x41c7d0	NetSessionConfigDialog::ScalarDeletingDestructor	NetSessionConfigDialog::ScalarDeletingDestructor	retained	Inferred	Retain physical/compiler projection label; no unique attached defining function body in the source inventory.	
recoil:function:0x41c7f0	0x41c7f0	NetSessionConfigDialog::Destructor	NetSessionConfigDialog::Destructor	retained	Inferred	Retain physical/compiler projection label; no unique attached defining function body in the source inventory.	
recoil:function:0x41c880	0x41c880	NetSessionConfigDialog::DoDataExchange	NetSessionConfigDialog::DoDataExchange	retained	Inferred	Retain physical/compiler projection label; no unique attached defining function body in the source inventory.	
recoil:function:0x41c970	0x41c970	NetSessionConfigDialog::GetMessageMap	NetSessionConfigDialog::GetMessageMap	retained	Inferred	Retain physical/compiler projection label; no unique attached defining function body in the source inventory.	
recoil:function:0x41ca30	0x41ca30	NetSessionConfigDialog::OnInitDialog	NetSessionConfigDialog::OnInitDialog	retained	Inferred	Retain physical/compiler projection label; no unique attached defining function body in the source inventory.	
recoil:function:0x41cb50	0x41cb50	NetSessionConfigDialog::OnDestroy	NetSessionConfigDialog::OnDestroy	retained	Inferred	Retain physical/compiler projection label; no unique attached defining function body in the source inventory.	
recoil:function:0x41cb90	0x41cb90	NetSessionConfigDialog::OnMapChanged	NetSessionConfigDialog::OnMapChanged	retained	Inferred	Retain physical/compiler projection label; no unique attached defining function body in the source inventory.	
recoil:function:0x41cc10	0x41cc10	PickupSpawnList::Primary_Init	PickupSpawnList::PrimaryInit	renamed	Inferred	Synchronize current defining source name; descriptive reconstruction, not recovered original spelling.	src/Battlesport/pickup.cpp:741
recoil:function:0x41cc40	0x41cc40	PickupSpawnList::NetCopy_Init	PickupSpawnList::NetCopyInit	renamed	Inferred	Synchronize current defining source name; descriptive reconstruction, not recovered original spelling.	src/Battlesport/pickup.cpp:753
recoil:function:0x41cc70	0x41cc70	PickupRespawnQueue::Init	PickupRespawnQueue::Init	retained	Inferred	Retain reconstructed descriptive spelling; exact original spelling is not established.	src/Battlesport/pickup.cpp:765
recoil:function:0x41cca0	0x41cca0	PickupTypeTable::FreeOptMeta	PickupTypeTable::FreeOptMeta	retained	Inferred	Retain reconstructed descriptive spelling; exact original spelling is not established.	src/Battlesport/pickup.cpp:777
recoil:function:0x41ccd0	0x41ccd0	Pickup::Shutdown	Pickup::Shutdown	retained	Inferred	Retain reconstructed descriptive spelling; exact original spelling is not established.	src/Battlesport/pickup.cpp:797
recoil:function:0x41ccf0	0x41ccf0	Pickup::Init	Pickup::Init	retained	Inferred	Retain reconstructed descriptive spelling; exact original spelling is not established.	src/Battlesport/pickup.cpp:808
recoil:function:0x41ceb0	0x41ceb0	zClass_Node::ClearPickupFlagsRecursive	zClass_Node::ClearPickupFlagsRecursive	retained	Inferred	Retain reconstructed descriptive spelling; exact original spelling is not established.	src/Battlesport/pickup.cpp:897
recoil:function:0x41cef0	0x41cef0	zClass_Node::SetPickupFlagsRecursive	zClass_Node::SetPickupFlagsRecursive	retained	Inferred	Retain reconstructed descriptive spelling; exact original spelling is not established.	src/Battlesport/pickup.cpp:916
recoil:function:0x41cf30	0x41cf30	Pickup::ResolveOwnerFromBvolHit	Pickup::ResolveOwnerFromBvolHit	retained	Inferred	Retain reconstructed descriptive spelling; exact original spelling is not established.	src/Battlesport/pickup.cpp:935
recoil:function:0x41cf50	0x41cf50	Pickup::RemoveObject	Pickup::RemoveObject	retained	Inferred	Retain reconstructed descriptive spelling; exact original spelling is not established.	src/Battlesport/pickup.cpp:954
recoil:function:0x41d0c0	0x41d0c0	Pickup::OnCollected	Pickup::OnCollected	retained	Inferred	Retain reconstructed descriptive spelling; exact original spelling is not established.	src/Battlesport/pickup.cpp:1037
recoil:function:0x41d220	0x41d220	Pickup::ApplyEffect	Pickup::ApplyEffect	retained	Inferred	Retain reconstructed descriptive spelling; exact original spelling is not established.	src/Battlesport/pickup.cpp:1096
recoil:function:0x41d650	0x41d650	Pickup::GrantAmmoOrWeapon	Pickup::GrantAmmoOrWeapon	retained	Inferred	Retain reconstructed descriptive spelling; exact original spelling is not established.	src/Battlesport/pickup.cpp:1250
recoil:function:0x41d8a0	0x41d8a0	PickupSpawnList::RemoveAndFreeNode	PickupSpawnList::RemoveAndFreeNode	retained	Inferred	Retain reconstructed descriptive spelling; exact original spelling is not established.	src/Battlesport/pickup.cpp:1361
recoil:function:0x41d920	0x41d920	Pickup::CreateSpawnDefAndLink	Pickup::CreateSpawnDefAndLink	retained	Inferred	Retain reconstructed descriptive spelling; exact original spelling is not established.	src/Battlesport/pickup.cpp:1408
recoil:function:0x41da20	0x41da20	Pickup::SpawnAt	Pickup::SpawnAt	retained	Inferred	Retain reconstructed descriptive spelling; exact original spelling is not established.	src/Battlesport/pickup.cpp:1470
recoil:function:0x41dab0	0x41dab0	Pickup::CreateObjectInstance	Pickup::CreateObjectInstance	retained	Inferred	Retain reconstructed descriptive spelling; exact original spelling is not established.	src/Battlesport/pickup.cpp:1500
recoil:function:0x41db40	0x41db40	PickupType::GetByIndex_Pure	PickupType::GetByIndexPure	renamed	Inferred	Synchronize current defining source name; descriptive reconstruction, not recovered original spelling.	src/Battlesport/pickup.cpp:1543
recoil:function:0x41db60	0x41db60	Pickup::AssignBvolGroupAndId	Pickup::AssignBvolGroupAndId	retained	Inferred	Retain reconstructed descriptive spelling; exact original spelling is not established.	src/Battlesport/pickup.cpp:1558
recoil:function:0x41dc30	0x41dc30	Pickup::SpawnFromParsedZrdEntry	Pickup::SpawnFromParsedZrdEntry	retained	Inferred	Retain reconstructed descriptive spelling; exact original spelling is not established.	src/Battlesport/pickup.cpp:1601
recoil:function:0x41dc60	0x41dc60	Pickup::SpawnWithAirdropChute	Pickup::SpawnWithAirdropChute	retained	Inferred	Retain reconstructed descriptive spelling; exact original spelling is not established.	src/Battlesport/pickup.cpp:1623
recoil:function:0x41dcf0	0x41dcf0	Pickup::RegisterExistingObject	Pickup::RegisterExistingObject	retained	Inferred	Retain reconstructed descriptive spelling; exact original spelling is not established.	src/Battlesport/pickup.cpp:1670
recoil:function:0x41dd60	0x41dd60	PickupType::FindByLogicalName	PickupType::FindByLogicalName	retained	Inferred	Retain reconstructed descriptive spelling; exact original spelling is not established.	src/Battlesport/pickup.cpp:1692
recoil:function:0x41ddf0	0x41ddf0	Pickup::SelectPuppiesZrdByDifficulty	Pickup::SelectPuppiesZrdByDifficulty	retained	Inferred	Retain reconstructed descriptive spelling; exact original spelling is not established.	src/Battlesport/pickup.cpp:1713
recoil:function:0x41de30	0x41de30	Net::IsOptEntryActiveInAnySlot	Net::IsOptEntryActiveInAnySlot	retained	Inferred	Retain reconstructed descriptive spelling; exact original spelling is not established.	src/Battlesport/pickup.cpp:1738
recoil:function:0x41de70	0x41de70	Pickup::InitAndLoadPuppySpawns	Pickup::InitAndLoadPuppySpawns	retained	Inferred	Retain reconstructed descriptive spelling; exact original spelling is not established.	src/Battlesport/pickup.cpp:1762
recoil:function:0x41e1a0	0x41e1a0	PickupTypeMeta::FindByName	PickupTypeMeta::FindByName	retained	Inferred	Retain reconstructed descriptive spelling; exact original spelling is not established.	src/Battlesport/pickup.cpp:1888
recoil:function:0x41e1c0	0x41e1c0	PickupType::GetByIndex	PickupType::GetByIndex	retained	Inferred	Retain reconstructed descriptive spelling; exact original spelling is not established.	src/Battlesport/pickup.cpp:1906
recoil:function:0x41e1e0	0x41e1e0	PickupTypeKeyTable::FindIndex	PickupTypeKeyTable::FindIndex	retained	Inferred	Retain reconstructed descriptive spelling; exact original spelling is not established.	src/Battlesport/pickup.cpp:1921
recoil:function:0x41e240	0x41e240	PickupSpawnList::Clear	PickupSpawnList::Clear	retained	Inferred	Retain reconstructed descriptive spelling; exact original spelling is not established.	src/Battlesport/pickup.cpp:1941
recoil:function:0x41e270	0x41e270	PickupRespawnQueue::ClearAndFree	PickupRespawnQueue::ClearAndFree	retained	Inferred	Retain reconstructed descriptive spelling; exact original spelling is not established.	src/Battlesport/pickup.cpp:1959
recoil:function:0x41e2f0	0x41e2f0	Pickup::RemoveOtherSpawnsWithSameOptEntry	Pickup::RemoveOtherSpawnsWithSameOptEntry	retained	Inferred	Retain reconstructed descriptive spelling; exact original spelling is not established.	src/Battlesport/pickup.cpp:2003
recoil:function:0x41e330	0x41e330	Pickup::SetVariantFromTerrain	Pickup::SetVariantFromTerrain	retained	Inferred	Retain reconstructed descriptive spelling; exact original spelling is not established.	src/Battlesport/pickup.cpp:2022
recoil:function:0x41e430	0x41e430	Pickup::SpawnListHasEntryNearXZ	Pickup::SpawnListHasEntryNearXZ	retained	Inferred	Retain reconstructed descriptive spelling; exact original spelling is not established.	src/Battlesport/pickup.cpp:2078
recoil:function:0x41e480	0x41e480	Pickup::SelectNextVTOLSpawnTypeIndex	Pickup::SelectNextVTOLSpawnTypeIndex	retained	Inferred	Retain reconstructed descriptive spelling; exact original spelling is not established.	src/Battlesport/pickup.cpp:2099
recoil:function:0x41e540	0x41e540	Pickup::MapVTOLDropGroupVariantToTypeIndex	Pickup::MapVTOLDropGroupVariantToTypeIndex	retained	Inferred	Retain reconstructed descriptive spelling; exact original spelling is not established.	src/Battlesport/pickup.cpp:2141
recoil:function:0x41e5d0	0x41e5d0	PickupRespawnQueue::Update	PickupRespawnQueue::Update	retained	Inferred	Retain reconstructed descriptive spelling; exact original spelling is not established.	src/Battlesport/pickup.cpp:2157
recoil:function:0x41e6c0	0x41e6c0	Pickup::RespawnSpawnDef	Pickup::RespawnSpawnDef	retained	Inferred	Retain reconstructed descriptive spelling; exact original spelling is not established.	src/Battlesport/pickup.cpp:2210
recoil:function:0x41e780	0x41e780	Pickup::ArchiveWriteAll	Pickup::ArchiveWriteAll	retained	Inferred	Retain reconstructed descriptive spelling; exact original spelling is not established.	src/Battlesport/pickup.cpp:2244
recoil:function:0x41e840	0x41e840	Pickup::ArchiveReadRecord	Pickup::ArchiveReadRecord	retained	Inferred	Retain reconstructed descriptive spelling; exact original spelling is not established.	src/Battlesport/pickup.cpp:2281
recoil:function:0x41e890	0x41e890	Pickup::ReconcilePrimaryAndNetworkCopySpawnLists	Pickup::ReconcilePrimaryAndNetworkCopySpawnLists	retained	Inferred	Retain reconstructed descriptive spelling; exact original spelling is not established.	src/Battlesport/pickup.cpp:2319
recoil:function:0x41e900	0x41e900	Pickup::SpawnListContainsPickupId	Pickup::SpawnListContainsPickupId	retained	Inferred	Retain reconstructed descriptive spelling; exact original spelling is not established.	src/Battlesport/pickup.cpp:2345
recoil:function:0x41e930	0x41e930	Pickup::FindSpawnByPickupId	Pickup::FindSpawnByPickupId	retained	Inferred	Retain reconstructed descriptive spelling; exact original spelling is not established.	src/Battlesport/pickup.cpp:2376
recoil:function:0x41e950	0x41e950	Pickup::GetSpawnDefFromNode	Pickup::GetSpawnDefFromNode	retained	Inferred	Retain reconstructed descriptive spelling; exact original spelling is not established.	src/Battlesport/pickup.cpp:2399
recoil:function:0x41e960	0x41e960	Pickup::SetNextPickupId	Pickup::SetNextPickupId	retained	Inferred	Retain reconstructed descriptive spelling; exact original spelling is not established.	src/Battlesport/pickup.cpp:2412
recoil:function:0x41e970	0x41e970	Pickup::GetNextPickupId	Pickup::GetNextPickupId	retained	Inferred	Retain reconstructed descriptive spelling; exact original spelling is not established.	src/Battlesport/pickup.cpp:2427
recoil:function:0x41e980	0x41e980	Pickup::FindDroppableTypeForPlayerCurrentWeapon	Pickup::FindDroppableTypeForPlayerCurrentWeapon	retained	Inferred	Retain reconstructed descriptive spelling; exact original spelling is not established.	src/Battlesport/pickup.cpp:2436
recoil:function:0x41ea00	0x41ea00	Pickup::FindOptMetaImageByOptEntry	Pickup::FindOptMetaImageByOptEntry	retained	Inferred	Retain reconstructed descriptive spelling; exact original spelling is not established.	src/Battlesport/pickup.cpp:2457
recoil:function:0x41ea30	0x41ea30	Pickup::SpawnAtCarrierNodeByName	Pickup::SpawnAtCarrierNodeByName	retained	Inferred	Retain reconstructed descriptive spelling; exact original spelling is not established.	src/Battlesport/pickup.cpp:2478
recoil:function:0x41ea90	0x41ea90	Player::InitMasterCommonDataList	Player::InitMasterCommonDataList	retained	Inferred	Retain physical/compiler projection label; no unique attached defining function body in the source inventory.	
recoil:function:0x41eac0	0x41eac0	Player::InitMasterModalDataList	Player::InitMasterModalDataList	retained	Inferred	Retain physical/compiler projection label; no unique attached defining function body in the source inventory.	
recoil:function:0x41eaf0	0x41eaf0	Player::InitAndRegisterUnderwaterFxPass3UiSingleton	Player::InitAndRegisterUnderwaterFxPass3UiSingleton	retained	Inferred	Retain physical/compiler projection label; no unique attached defining function body in the source inventory.	
recoil:function:0x41eb00	0x41eb00	Player::InitUnderwaterFxPass3UiSingleton	Player::InitUnderwaterFxPass3UiSingleton	retained	Inferred	Retain physical/compiler projection label; no unique attached defining function body in the source inventory.	
recoil:function:0x41eb10	0x41eb10	Player::RegisterUnderwaterFxPass3UiOnExit	Player::RegisterUnderwaterFxPass3UiOnExit	retained	Inferred	Retain physical/compiler projection label; no unique attached defining function body in the source inventory.	
recoil:function:0x41eb20	0x41eb20	Player::ResetUnderwaterFxPass3UiSingleton	Player::ResetUnderwaterFxPass3UiSingleton	retained	Inferred	Retain physical/compiler projection label; no unique attached defining function body in the source inventory.	
recoil:function:0x41eb30	0x41eb30	Player_UnderwaterFxPass3Ui::Constructor	CPlayerUnderwaterFxPass3Ui::CPlayerUnderwaterFxPass3Ui	renamed	Inferred	Synchronize current defining source name; descriptive reconstruction, not recovered original spelling.	src/Battlesport/player.cpp:2736
recoil:function:0x41eb50	0x41eb50	Player::InitAndRegisterProjectileCameraFxPass3UiSingleton	Player::InitAndRegisterProjectileCameraFxPass3UiSingleton	retained	Inferred	Retain physical/compiler projection label; no unique attached defining function body in the source inventory.	
recoil:function:0x41eb60	0x41eb60	Player::InitProjectileCameraFxPass3UiSingleton	Player::InitProjectileCameraFxPass3UiSingleton	retained	Inferred	Retain physical/compiler projection label; no unique attached defining function body in the source inventory.	
recoil:function:0x41eb70	0x41eb70	Player::RegisterProjectileCameraFxPass3UiCleanup	Player::RegisterProjectileCameraFxPass3UiCleanup	retained	Inferred	Retain physical/compiler projection label; no unique attached defining function body in the source inventory.	
recoil:function:0x41eb80	0x41eb80	Player::ResetProjectileCameraFxPass3UiSingleton	Player::ResetProjectileCameraFxPass3UiSingleton	retained	Inferred	Retain physical/compiler projection label; no unique attached defining function body in the source inventory.	
recoil:function:0x41eb90	0x41eb90	Player_ProjectileCameraFxPass3Ui::Constructor	CPlayerProjectileCameraFxPass3Ui::CPlayerProjectileCameraFxPass3Ui	renamed	Inferred	Synchronize current defining source name; descriptive reconstruction, not recovered original spelling.	src/Battlesport/player.cpp:2755
recoil:function:0x41ebb0	0x41ebb0	HudUiElement::SharedScalarDeletingDestructorThunk	HudUiElement::SharedScalarDeletingDestructorThunk	retained	Inferred	Retain physical/compiler projection label; no unique attached defining function body in the source inventory.	
recoil:function:0x41ebd0	0x41ebd0	HudUiMgrSensor::TrackList_Reset	HudUiMgrSensor::TrackList_Reset	retained	Inferred	Retain physical/compiler projection label; no unique attached defining function body in the source inventory.	
recoil:function:0x41ec00	0x41ec00	Player::InitSaveStateList	Player::InitSaveStateList	retained	Inferred	Retain physical/compiler projection label; no unique attached defining function body in the source inventory.	
recoil:function:0x41ec30	0x41ec30	Player::InitAndRegisterTopMsgPanel1	Player::InitAndRegisterTopMsgPanel1	retained	Inferred	Retain physical/compiler projection label; no unique attached defining function body in the source inventory.	
recoil:function:0x41ec40	0x41ec40	Player_TopMsgPanel1::Constructor	Player_TopMsgPanel1::Constructor	retained	Inferred	Retain physical/compiler projection label; no unique attached defining function body in the source inventory.	
recoil:function:0x41ec60	0x41ec60	Player::RegisterTopMsgPanel1OnExit	Player::RegisterTopMsgPanel1OnExit	retained	Inferred	Retain physical/compiler projection label; no unique attached defining function body in the source inventory.	
recoil:function:0x41ec70	0x41ec70	Player_TopMsgPanel1::Destructor	Player_TopMsgPanel1::Destructor	retained	Inferred	Retain physical/compiler projection label; no unique attached defining function body in the source inventory.	
recoil:function:0x41ec80	0x41ec80	Player::InitAndRegisterTopMsgPanel2	Player::InitAndRegisterTopMsgPanel2	retained	Inferred	Retain physical/compiler projection label; no unique attached defining function body in the source inventory.	
recoil:function:0x41ec90	0x41ec90	Player_TopMsgPanel2::Constructor	Player_TopMsgPanel2::Constructor	retained	Inferred	Retain physical/compiler projection label; no unique attached defining function body in the source inventory.	
recoil:function:0x41ecb0	0x41ecb0	Player::RegisterTopMsgPanel2Cleanup	Player::RegisterTopMsgPanel2Cleanup	retained	Inferred	Retain physical/compiler projection label; no unique attached defining function body in the source inventory.	
recoil:function:0x41ecc0	0x41ecc0	Player_TopMsgPanel2::Destructor	Player_TopMsgPanel2::Destructor	retained	Inferred	Retain physical/compiler projection label; no unique attached defining function body in the source inventory.	
recoil:function:0x41ecd0	0x41ecd0	Player::RecordNodeFlagsForRestore	Player::RecordNodeFlagsForRestore	retained	Inferred	Retain reconstructed descriptive spelling; exact original spelling is not established.	src/Battlesport/player.cpp:2806
recoil:function:0x41efa0	0x41efa0	Player::RestoreRecordedNodeFlags	Player::RestoreRecordedNodeFlags	retained	Inferred	Retain reconstructed descriptive spelling; exact original spelling is not established.	src/Battlesport/player.cpp:2830
recoil:function:0x41f010	0x41f010	Player::BuildMissionSaveData	Player::BuildMissionSaveData	retained	Inferred	Retain reconstructed descriptive spelling; exact original spelling is not established.	src/Battlesport/player.cpp:2855
recoil:function:0x41f1d0	0x41f1d0	Player::ApplyMissionSaveData	Player::ApplyMissionSaveData	retained	Inferred	Retain reconstructed descriptive spelling; exact original spelling is not established.	src/Battlesport/player.cpp:2927
recoil:function:0x41f5b0	0x41f5b0	Player::ZAR_RegisterSections	Player::zZarRegisterSections	renamed	Inferred	Synchronize current defining source name; descriptive reconstruction, not recovered original spelling.	src/Battlesport/player.cpp:3089
recoil:function:0x41f5f0	0x41f5f0	Player::ZAR_WriteMissionSaveDataSection	Player::zZarWriteMissionSaveDataSection	renamed	Inferred	Synchronize current defining source name; descriptive reconstruction, not recovered original spelling.	src/Battlesport/player.cpp:3118
recoil:function:0x41f640	0x41f640	Player::ZAR_ReadMissionSaveDataSection	Player::zZarReadMissionSaveDataSection	renamed	Inferred	Synchronize current defining source name; descriptive reconstruction, not recovered original spelling.	src/Battlesport/player.cpp:3146
recoil:function:0x41f6a0	0x41f6a0	Player::ZAR_WriteVehicleListSection	Player::zZarWriteVehicleListSection	renamed	Inferred	Synchronize current defining source name; descriptive reconstruction, not recovered original spelling.	src/Battlesport/player.cpp:3181
recoil:function:0x41f850	0x41f850	Player::ZAR_ReadVehicleListSection	Player::zZarReadVehicleListSection	renamed	Inferred	Synchronize current defining source name; descriptive reconstruction, not recovered original spelling.	src/Battlesport/player.cpp:3239
recoil:function:0x41fb80	0x41fb80	Player::ShutdownMissionRuntime	Player::ShutdownMissionRuntime	retained	Inferred	Retain reconstructed descriptive spelling; exact original spelling is not established.	src/Battlesport/player.cpp:3364
recoil:function:0x41fd20	0x41fd20	Player::DestroySaveGameState	Player::DestroySaveGameState	retained	Inferred	Retain reconstructed descriptive spelling; exact original spelling is not established.	src/Battlesport/player.cpp:3427
recoil:function:0x41fe40	0x41fe40	Player::GetAivZrdPath	Player::GetAivZrdPath	retained	Inferred	Retain reconstructed descriptive spelling; exact original spelling is not established.	src/Battlesport/player.cpp:3473
recoil:function:0x41fe50	0x41fe50	zVehicle::SelectZrdByDifficulty	zVehicle::SelectZrdByDifficulty	retained	Inferred	Retain reconstructed descriptive spelling; exact original spelling is not established.	src/Battlesport/player.cpp:3484
recoil:function:0x41fe90	0x41fe90	Player::InitMissionRuntimeFromWorldAndCamera	Player::InitMissionRuntimeFromWorldAndCamera	retained	Inferred	Retain reconstructed descriptive spelling; exact original spelling is not established.	src/Battlesport/player.cpp:3516
recoil:function:0x420be0	0x420be0	zReader::LoadMoversFromZrd	zReader::LoadMoversFromZrd	retained	Inferred	Retain physical/compiler projection label; no unique attached defining function body in the source inventory.	
recoil:function:0x420c60	0x420c60	Checkpoint::InstantiateNamedObjects	Checkpoint::InstantiateNamedObjects	retained	Inferred	Retain reconstructed descriptive spelling; exact original spelling is not established.	src/Battlesport/player.cpp:3957
recoil:function:0x420d10	0x420d10	Player::InitStateFromNameAndMasterCommonData	Player::InitStateFromNameAndMasterCommonData	retained	Inferred	Retain reconstructed descriptive spelling; exact original spelling is not established.	src/Battlesport/player.cpp:3990
recoil:function:0x421470	0x421470	Player::BindModalStateFromMasterModalData	Player::BindModalStateFromMasterModalData	retained	Inferred	Retain reconstructed descriptive spelling; exact original spelling is not established.	src/Battlesport/player.cpp:4262
recoil:function:0x421790	0x421790	Player::InitSpawnStateFromPrimaryModalData	Player::InitSpawnStateFromPrimaryModalData	retained	Inferred	Retain reconstructed descriptive spelling; exact original spelling is not established.	src/Battlesport/player.cpp:4358
recoil:function:0x421830	0x421830	Player::SampleGroundAndAlignRootToSurface	Player::SampleGroundAndAlignRootToSurface	retained	Inferred	Retain reconstructed descriptive spelling; exact original spelling is not established.	src/Battlesport/player.cpp:4395
recoil:function:0x421a40	0x421a40	Player::CloneType6NodeFromTemplateAndRename	Player::CloneType6NodeFromTemplateAndRename	retained	Inferred	Retain reconstructed descriptive spelling; exact original spelling is not established.	src/Battlesport/player.cpp:4490
recoil:function:0x421ab0	0x421ab0	Player::CreateFromNamesAtPose	Player::CreateFromNamesAtPose	retained	Inferred	Retain reconstructed descriptive spelling; exact original spelling is not established.	src/Battlesport/player.cpp:4534
recoil:function:0x421d60	0x421d60	zClass_Node::MaskExtraFlagsRecursive	zClass_Node::MaskExtraFlagsRecursive	retained	Inferred	Retain physical/compiler projection label; no unique attached defining function body in the source inventory.	
recoil:function:0x421da0	0x421da0	zClass_Node::PropagateExtraFlagsRecursive	zClass_Node::PropagateExtraFlagsRecursive	retained	Inferred	Retain physical/compiler projection label; no unique attached defining function body in the source inventory.	
recoil:function:0x421de0	0x421de0	zClass_Node::PropagateFlagsRecursive	zClass_Node::PropagateFlagsRecursive	retained	Inferred	Retain physical/compiler projection label; no unique attached defining function body in the source inventory.	
recoil:function:0x421e20	0x421e20	zReader::BuildResolvedParentDir	zReader::BuildResolvedParentDir	retained	Inferred	Retain physical/compiler projection label; no unique attached defining function body in the source inventory.	
recoil:function:0x421ea0	0x421ea0	Player::CreateFromNamesAtPoseGetState	Player::CreateFromNamesAtPoseGetState	retained	Inferred	Retain reconstructed descriptive spelling; exact original spelling is not established.	src/Battlesport/player.cpp:4732
recoil:function:0x421ed0	0x421ed0	Player::BuildCollisionPointsFromModel	Player::BuildCollisionPointsFromModel	retained	Inferred	Retain reconstructed descriptive spelling; exact original spelling is not established.	src/Battlesport/player.cpp:4757
recoil:function:0x4220f0	0x4220f0	Player::BuildSupportPointsFromModel	Player::BuildSupportPointsFromModel	retained	Inferred	Retain reconstructed descriptive spelling; exact original spelling is not established.	src/Battlesport/player.cpp:4810
recoil:function:0x422170	0x422170	Player::LoadMasterCommonDataFromNode	Player::LoadMasterCommonDataFromNode	retained	Inferred	Retain reconstructed descriptive spelling; exact original spelling is not established.	src/Battlesport/player.cpp:4850
recoil:function:0x4226d0	0x4226d0	Player::LoadMasterModalDataFromNode	Player::LoadMasterModalDataFromNode	retained	Inferred	Retain reconstructed descriptive spelling; exact original spelling is not established.	src/Battlesport/player.cpp:5031
recoil:function:0x423150	0x423150	Player::ExtractVehicleNameFromAivName	Player::ExtractVehicleNameFromAivName	retained	Inferred	Retain reconstructed descriptive spelling; exact original spelling is not established.	src/Battlesport/player.cpp:5256
recoil:function:0x4231b0	0x4231b0	Player::RefreshHudFromState	Player::RefreshHudFromState	retained	Inferred	Retain reconstructed descriptive spelling; exact original spelling is not established.	src/Battlesport/player.cpp:5287
recoil:function:0x423380	0x423380	Player::IsMissionProbeType1EnabledById	Player::IsMissionProbeType1EnabledById	retained	Inferred	Retain reconstructed descriptive spelling; exact original spelling is not established.	src/Battlesport/player.cpp:5366
recoil:function:0x423440	0x423440	Player_UnderwaterFxPass3Ui::ApplyBlueTint	CPlayerUnderwaterFxPass3Ui::ApplyBlueTint	renamed	Inferred	Synchronize renamed source identifier within existing physical/compiler projection label.	
recoil:function:0x423450	0x423450	Player_ProjectileCameraFxPass3Ui::ApplyGreenMask	CPlayerProjectileCameraFxPass3Ui::ApplyGreenMask	renamed	Inferred	Synchronize renamed source identifier within existing physical/compiler projection label.	
recoil:function:0x423460	0x423460	Player::ProcessPendingContactQueues	Player::ProcessPendingContactQueues	retained	Inferred	Retain reconstructed descriptive spelling; exact original spelling is not established.	src/Battlesport/player.cpp:5394
recoil:function:0x423530	0x423530	Player::ClearPendingContactQueues	Player::ClearPendingContactQueues	retained	Inferred	Retain reconstructed descriptive spelling; exact original spelling is not established.	src/Battlesport/player.cpp:5450
recoil:function:0x4236b0	0x4236b0	Player::BuildPendingContactQueues	Player::BuildPendingContactQueues	retained	Inferred	Retain reconstructed descriptive spelling; exact original spelling is not established.	src/Battlesport/player.cpp:5470
recoil:function:0x423b10	0x423b10	Player::CollectPendingContactsForSegments	Player::CollectPendingContactsForSegments	retained	Inferred	Retain reconstructed descriptive spelling; exact original spelling is not established.	src/Battlesport/player.cpp:5612
recoil:function:0x423c20	0x423c20	Player::ClassifyPendingContactsForSegment	Player::ClassifyPendingContactsForSegment	retained	Inferred	Retain reconstructed descriptive spelling; exact original spelling is not established.	src/Battlesport/player.cpp:5662
recoil:function:0x423fc0	0x423fc0	Player::SelectAndResolvePreferredPendingCollisionContact	Player::SelectAndResolvePreferredPendingCollisionContact	retained	Inferred	Retain reconstructed descriptive spelling; exact original spelling is not established.	src/Battlesport/player.cpp:5752
recoil:function:0x424010	0x424010	PlayerPendingContact::SelectPreferred	PlayerPendingContact::SelectPreferred	retained	Inferred	Retain reconstructed descriptive spelling; exact original spelling is not established.	src/Battlesport/player.cpp:5774
recoil:function:0x424110	0x424110	Player::ResolvePendingWorldCollisionContact	Player::ResolvePendingWorldCollisionContact	retained	Inferred	Retain reconstructed descriptive spelling; exact original spelling is not established.	src/Battlesport/player.cpp:5797
recoil:function:0x424150	0x424150	PlayerPickupContact::PassesCollectionTest	PlayerPickupContact::PassesCollectionTest	retained	Inferred	Retain reconstructed descriptive spelling; exact original spelling is not established.	src/Battlesport/player.cpp:5817
recoil:function:0x424210	0x424210	Player::ProcessPendingPickupContacts	Player::ProcessPendingPickupContacts	retained	Inferred	Retain reconstructed descriptive spelling; exact original spelling is not established.	src/Battlesport/player.cpp:5870
recoil:function:0x424270	0x424270	Player::ResolvePendingCollisionContact	Player::ResolvePendingCollisionContact	retained	Inferred	Retain reconstructed descriptive spelling; exact original spelling is not established.	src/Battlesport/player.cpp:5900
recoil:function:0x4248e0	0x4248e0	Player::PreparePendingWorldCollisionResponse	Player::PreparePendingWorldCollisionResponse	retained	Inferred	Retain reconstructed descriptive spelling; exact original spelling is not established.	src/Battlesport/player.cpp:6056
recoil:function:0x424ac0	0x424ac0	Player::ResolvePendingPlayerCollisionContact	Player::ResolvePendingPlayerCollisionContact	retained	Inferred	Retain reconstructed descriptive spelling; exact original spelling is not established.	src/Battlesport/player.cpp:6120
recoil:function:0x424bf0	0x424bf0	Player::Vec3_FastNormalize	Player::Vec3FastNormalize	renamed	Inferred	Synchronize current defining source name; descriptive reconstruction, not recovered original spelling.	src/Battlesport/player.cpp:6178
recoil:function:0x424c90	0x424c90	Player::ConstrainToUnitDistanceFrom	Player::ConstrainToUnitDistanceFrom	retained	Inferred	Retain reconstructed descriptive spelling; exact original spelling is not established.	src/Battlesport/player.cpp:6213
recoil:function:0x424d00	0x424d00	Player::ProcessTransferContactQueue	Player::ProcessTransferContactQueue	retained	Inferred	Retain reconstructed descriptive spelling; exact original spelling is not established.	src/Battlesport/player.cpp:6235
recoil:function:0x424ed0	0x424ed0	Player::TryResolvePendingCollisionProbeSweep	Player::TryResolvePendingCollisionProbeSweep	retained	Inferred	Retain reconstructed descriptive spelling; exact original spelling is not established.	src/Battlesport/player.cpp:6282
recoil:function:0x425060	0x425060	HudSensorTracker::ParseCheckpointNumberFromNode	HudSensorTracker::ParseCheckpointNumberFromNode	retained	Inferred	Retain reconstructed descriptive spelling; exact original spelling is not established.	src/Battlesport/player.cpp:6321
recoil:function:0x425150	0x425150	Checkpoint::UpdatePlayerLapProgressAndNotifyNet	Checkpoint::UpdatePlayerLapProgressAndNotifyNet	retained	Inferred	Retain reconstructed descriptive spelling; exact original spelling is not established.	src/Battlesport/player.cpp:6353
recoil:function:0x4251f0	0x4251f0	Player::CollectPendingCollisionContactsForQuadProbe	Player::CollectPendingCollisionContactsForQuadProbe	retained	Inferred	Retain reconstructed descriptive spelling; exact original spelling is not established.	src/Battlesport/player.cpp:6398
recoil:function:0x425770	0x425770	Player::ApplyPendingCollisionProbeVelocity	Player::ApplyPendingCollisionProbeVelocity	retained	Inferred	Retain reconstructed descriptive spelling; exact original spelling is not established.	src/Battlesport/player.cpp:6459
recoil:function:0x425920	0x425920	Player::RegisterGameplayCommandCallbacksAndCreateFfEffects	Player::RegisterGameplayCommandCallbacksAndCreateFfEffects	retained	Inferred	Retain reconstructed descriptive spelling; exact original spelling is not established.	src/Battlesport/player.cpp:6520
recoil:function:0x425a20	0x425a20	Player::TickLocalPlayerControls	Player::TickLocalPlayerControls	retained	Inferred	Retain reconstructed descriptive spelling; exact original spelling is not established.	src/Battlesport/player.cpp:6559
recoil:function:0x426150	0x426150	HudUi::HandleHotkeyCommand	HudUi::HandleHotkeyCommand	retained	Inferred	Retain physical/compiler projection label; no unique attached defining function body in the source inventory.	
recoil:function:0x426330	0x426330	Player::ResetMouseControlStateAndRecenterCursor	Player::ResetMouseControlStateAndRecenterCursor	retained	Inferred	Retain reconstructed descriptive spelling; exact original spelling is not established.	src/Battlesport/player.cpp:6871
recoil:function:0x426350	0x426350	Player::FloatSign	Player::FloatSign	retained	Inferred	Retain reconstructed descriptive spelling; exact original spelling is not established.	src/Battlesport/player.cpp:6888
recoil:function:0x426390	0x426390	PlayerMgr::TickAllPlayers	PlayerMgr::TickAllPlayers	retained	Inferred	Retain physical/compiler projection label; no unique attached defining function body in the source inventory.	
recoil:function:0x4266b0	0x4266b0	Player::TickMasterTypeAndForceFeedback	Player::TickMasterTypeAndForceFeedback	retained	Inferred	Retain reconstructed descriptive spelling; exact original spelling is not established.	src/Battlesport/player.cpp:7060
recoil:function:0x426770	0x426770	Player::UpdateMasterTypeTrack	Player::UpdateMasterTypeTrack	retained	Inferred	Retain reconstructed descriptive spelling; exact original spelling is not established.	src/Battlesport/player.cpp:7116
recoil:function:0x427140	0x427140	Player::UpdateMasterTypeHover	Player::UpdateMasterTypeHover	retained	Inferred	Retain reconstructed descriptive spelling; exact original spelling is not established.	src/Battlesport/player.cpp:7394
recoil:function:0x427440	0x427440	Player::UpdateMasterTypeHover_FromModalProbe	Player::UpdateMasterTypeHoverFromModalProbe	renamed	Inferred	Synchronize current defining source name; descriptive reconstruction, not recovered original spelling.	src/Battlesport/player.cpp:7493
recoil:function:0x4279f0	0x4279f0	Player::UpdateMasterTypeAmphib	Player::UpdateMasterTypeAmphib	retained	Inferred	Retain reconstructed descriptive spelling; exact original spelling is not established.	src/Battlesport/player.cpp:7665
recoil:function:0x427ec0	0x427ec0	Player::UpdateMasterTypeAmphib_FromModalProbe	Player::UpdateMasterTypeAmphibFromModalProbe	renamed	Inferred	Synchronize current defining source name; descriptive reconstruction, not recovered original spelling.	src/Battlesport/player.cpp:7818
recoil:function:0x428120	0x428120	Player::UpdateMasterTypeBasic	Player::UpdateMasterTypeBasic	retained	Inferred	Retain reconstructed descriptive spelling; exact original spelling is not established.	src/Battlesport/player.cpp:7906
recoil:function:0x428350	0x428350	Player::UpdateMasterTypeBasicOrTrack_FromModalProbe	Player::UpdateMasterTypeBasicOrTrackFromModalProbe	renamed	Inferred	Synchronize current defining source name; descriptive reconstruction, not recovered original spelling.	src/Battlesport/player.cpp:7993
recoil:function:0x4283f0	0x4283f0	Player::UpdateBankVelocityFromSteerInput	Player::UpdateBankVelocityFromSteerInput	retained	Inferred	Retain reconstructed descriptive spelling; exact original spelling is not established.	src/Battlesport/player.cpp:8041
recoil:function:0x428490	0x428490	Player::IntegrateYawAndWrapFromYawVelocity	Player::IntegrateYawAndWrapFromYawVelocity	retained	Inferred	Retain reconstructed descriptive spelling; exact original spelling is not established.	src/Battlesport/player.cpp:8070
recoil:function:0x428520	0x428520	Player::UpdateMasterTypeSub	Player::UpdateMasterTypeSub	retained	Inferred	Retain reconstructed descriptive spelling; exact original spelling is not established.	src/Battlesport/player.cpp:8103
recoil:function:0x4289f0	0x4289f0	Player::UpdateSubModeWaterProbeState	Player::UpdateSubModeWaterProbeState	retained	Inferred	Retain reconstructed descriptive spelling; exact original spelling is not established.	src/Battlesport/player.cpp:8220
recoil:function:0x428c20	0x428c20	Player::UpdateSubVerticalDamping	Player::UpdateSubVerticalDamping	retained	Inferred	Retain reconstructed descriptive spelling; exact original spelling is not established.	src/Battlesport/player.cpp:8319
recoil:function:0x428d60	0x428d60	Player::ProbeModalSampleHeights	Player::ProbeModalSampleHeights	retained	Inferred	Retain reconstructed descriptive spelling; exact original spelling is not established.	src/Battlesport/player.cpp:8369
recoil:function:0x4290f0	0x4290f0	Player::SelectProbeSampleHeightFromCandidates	Player::SelectProbeSampleHeightFromCandidates	retained	Inferred	Retain reconstructed descriptive spelling; exact original spelling is not established.	src/Battlesport/player.cpp:8500
recoil:function:0x429240	0x429240	Player::ApplyAmphibSpeedOscillation	Player::ApplyAmphibSpeedOscillation	retained	Inferred	Retain reconstructed descriptive spelling; exact original spelling is not established.	src/Battlesport/player.cpp:8572
recoil:function:0x429430	0x429430	Player::ApplyPitchRollVelocityImpulseFromDirection	Player::ApplyPitchRollVelocityImpulseFromDirection	retained	Inferred	Retain reconstructed descriptive spelling; exact original spelling is not established.	src/Battlesport/player.cpp:8635
recoil:function:0x4294d0	0x4294d0	Player::RebuildSteerBasisFromMotionBasis	Player::RebuildSteerBasisFromMotionBasis	retained	Inferred	Retain reconstructed descriptive spelling; exact original spelling is not established.	src/Battlesport/player.cpp:8668
recoil:function:0x429560	0x429560	Player::RebuildSteerBasisFromMotionAxes	Player::RebuildSteerBasisFromMotionAxes	retained	Inferred	Retain reconstructed descriptive spelling; exact original spelling is not established.	src/Battlesport/player.cpp:8694
recoil:function:0x429750	0x429750	Player::UpdateAutoTurnAndSteerFromTarget	Player::UpdateAutoTurnAndSteerFromTarget	retained	Inferred	Retain reconstructed descriptive spelling; exact original spelling is not established.	src/Battlesport/player.cpp:8777
recoil:function:0x429870	0x429870	Player::UpdateYawVelocityFromSteerInput	Player::UpdateYawVelocityFromSteerInput	retained	Inferred	Retain reconstructed descriptive spelling; exact original spelling is not established.	src/Battlesport/player.cpp:8820
recoil:function:0x429b40	0x429b40	Player::UpdateBankAndTurnDynamics	Player::UpdateBankAndTurnDynamics	retained	Inferred	Retain reconstructed descriptive spelling; exact original spelling is not established.	src/Battlesport/player.cpp:8930
recoil:function:0x429d30	0x429d30	Player::ComputeTurnSlipDelta	Player::ComputeTurnSlipDelta	retained	Inferred	Retain reconstructed descriptive spelling; exact original spelling is not established.	src/Battlesport/player.cpp:8984
recoil:function:0x429ed0	0x429ed0	Player::StartSlipSfx	Player::StartSlipSfx	retained	Inferred	Retain reconstructed descriptive spelling; exact original spelling is not established.	src/Battlesport/player.cpp:9039
recoil:function:0x429ef0	0x429ef0	Player::StopSlipSfx	Player::StopSlipSfx	retained	Inferred	Retain reconstructed descriptive spelling; exact original spelling is not established.	src/Battlesport/player.cpp:9056
recoil:function:0x429f80	0x429f80	zInput::BindGroupList_Clear	zInput::BindGroupListClear	renamed	Inferred	Synchronize renamed source identifier within existing physical/compiler projection label.	
recoil:function:0x42a000	0x42a000	zInput_BindGroupInfo::Destroy	CZInputBindGroupInfo::Destroy	renamed	Inferred	Synchronize renamed source identifier within existing physical/compiler projection label.	
recoil:function:0x42a070	0x42a070	zInput::BindGroupList_AddGroup	zInput::BindGroupListAddGroup	renamed	Inferred	Synchronize renamed source identifier within existing physical/compiler projection label.	
recoil:function:0x42a2c0	0x42a2c0	zInput::BindGroupList_AddCommandToGroup	zInput::BindGroupListAddCommandToGroup	renamed	Inferred	Synchronize renamed source identifier within existing physical/compiler projection label.	
recoil:function:0x42a480	0x42a480	zInput::BindGroupList_GetCount	zInput::BindGroupListGetCount	renamed	Inferred	Synchronize renamed source identifier within existing physical/compiler projection label.	
recoil:function:0x42a4a0	0x42a4a0	zInput::BindGroupList_GetGroupTitle	zInput::BindGroupListGetGroupTitle	renamed	Inferred	Synchronize renamed source identifier within existing physical/compiler projection label.	
recoil:function:0x42a4b0	0x42a4b0	zInput::BindGroupList_GetGroupCommandCount	zInput::BindGroupListGetGroupCommandCount	renamed	Inferred	Synchronize renamed source identifier within existing physical/compiler projection label.	
recoil:function:0x42a4d0	0x42a4d0	zInput::BindGroupList_GetGroupCommandId	zInput::BindGroupListGetGroupCommandId	renamed	Inferred	Synchronize renamed source identifier within existing physical/compiler projection label.	
recoil:function:0x42a4e0	0x42a4e0	zInput::BindMap_GetCommandLabel	zInput::BindMapGetCommandLabel	renamed	Inferred	Synchronize renamed source identifier within existing physical/compiler projection label.	
recoil:function:0x42a4f0	0x42a4f0	zInput::BindMap_GetCommandHint	zInput::BindMapGetCommandHint	renamed	Inferred	Synchronize renamed source identifier within existing physical/compiler projection label.	
recoil:function:0x42a500	0x42a500	zInput::BindMap_AddDefaultBinding	zInput::BindMapAddDefaultBinding	renamed	Inferred	Synchronize renamed source identifier within existing physical/compiler projection label.	
recoil:function:0x42a550	0x42a550	zInput::BindMap_InitDefaultBindings	zInput::BindMapInitDefaultBindings	renamed	Inferred	Synchronize renamed source identifier within existing physical/compiler projection label.	
recoil:function:0x42a9f0	0x42a9f0	Player::AddScaledHudCounterValue	Player::AddScaledHudCounterValue	retained	Inferred	Retain reconstructed descriptive spelling; exact original spelling is not established.	src/Battlesport/player.cpp:9297
recoil:function:0x42aa40	0x42aa40	Player::GetSaveStateListHead	Player::GetSaveStateListHead	retained	Inferred	Retain reconstructed descriptive spelling; exact original spelling is not established.	src/Battlesport/player.cpp:9320
recoil:function:0x42aa50	0x42aa50	Player::UpdateDebugOverlayHud	Player::UpdateDebugOverlayHud	retained	Inferred	Retain reconstructed descriptive spelling; exact original spelling is not established.	src/Battlesport/player.cpp:9332
recoil:function:0x42ac90	0x42ac90	Player::TransitionToMasterTypeTrack	Player::TransitionToMasterTypeTrack	retained	Inferred	Retain reconstructed descriptive spelling; exact original spelling is not established.	src/Battlesport/player.cpp:9447
recoil:function:0x42aeb0	0x42aeb0	Player::TransitionToMasterTypeAmphib	Player::TransitionToMasterTypeAmphib	retained	Inferred	Retain reconstructed descriptive spelling; exact original spelling is not established.	src/Battlesport/player.cpp:9565
recoil:function:0x42b0f0	0x42b0f0	Player::TransitionToMasterTypeHover	Player::TransitionToMasterTypeHover	retained	Inferred	Retain reconstructed descriptive spelling; exact original spelling is not established.	src/Battlesport/player.cpp:9673
recoil:function:0x42b2a0	0x42b2a0	Player::TransitionToMasterTypeSub	Player::TransitionToMasterTypeSub	retained	Inferred	Retain reconstructed descriptive spelling; exact original spelling is not established.	src/Battlesport/player.cpp:9755
recoil:function:0x42b4a0	0x42b4a0	Player::StopBftBubbleFxHandle	Player::StopBftBubbleFxHandle	retained	Inferred	Retain reconstructed descriptive spelling; exact original spelling is not established.	src/Battlesport/player.cpp:9865
recoil:function:0x42b4c0	0x42b4c0	Player::TransitionToMasterTypeFly	Player::TransitionToMasterTypeFly	retained	Inferred	Retain reconstructed descriptive spelling; exact original spelling is not established.	src/Battlesport/player.cpp:9889
recoil:function:0x42b520	0x42b520	Player::ApplyMasterTypeTransition	Player::ApplyMasterTypeTransition	retained	Inferred	Retain reconstructed descriptive spelling; exact original spelling is not established.	src/Battlesport/player.cpp:9926
recoil:function:0x42b5a0	0x42b5a0	Player::ReactivateCopterSndNodesIfHealthy	Player::ReactivateCopterSndNodesIfHealthy	retained	Inferred	Retain reconstructed descriptive spelling; exact original spelling is not established.	src/Battlesport/player.cpp:9957
recoil:function:0x42b630	0x42b630	Player::CacheDisableCopterSndNodesAndStopSample	Player::CacheDisableCopterSndNodesAndStopSample	retained	Inferred	Retain reconstructed descriptive spelling; exact original spelling is not established.	src/Battlesport/player.cpp:10010
recoil:function:0x42b6e0	0x42b6e0	Player::FindNearestThirdPersonCameraProbePoint	Player::FindNearestThirdPersonCameraProbePoint	retained	Inferred	Retain reconstructed descriptive spelling; exact original spelling is not established.	src/Battlesport/player.cpp:10057
recoil:function:0x42b810	0x42b810	Player::SyncLocalPoseFromRootNode	Player::SyncLocalPoseFromRootNode	retained	Inferred	Retain reconstructed descriptive spelling; exact original spelling is not established.	src/Battlesport/player.cpp:10116
recoil:function:0x42b8c0	0x42b8c0	Player::RebuildSteerBasisRawFromRef	Player::RebuildSteerBasisRawFromRef	retained	Inferred	Retain reconstructed descriptive spelling; exact original spelling is not established.	src/Battlesport/player.cpp:10153
recoil:function:0x42b970	0x42b970	Player::RebuildMotionBasisFromSteerBasis	Player::RebuildMotionBasisFromSteerBasis	retained	Inferred	Retain reconstructed descriptive spelling; exact original spelling is not established.	src/Battlesport/player.cpp:10179
recoil:function:0x42ba50	0x42ba50	zClass_cls_di::SnapProbePointYToBestCandidate	zClass_cls_di::SnapProbePointYToBestCandidate	retained	Inferred	Retain physical/compiler projection label; no unique attached defining function body in the source inventory.	
recoil:function:0x42bab0	0x42bab0	Player::SetAutoTurnTargetDirFromWorldPoint	Player::SetAutoTurnTargetDirFromWorldPoint	retained	Inferred	Retain reconstructed descriptive spelling; exact original spelling is not established.	src/Battlesport/player.cpp:10247
recoil:function:0x42bb30	0x42bb30	Player::AsyncCommandCallback	Player::AsyncCommandCallback	retained	Inferred	Retain reconstructed descriptive spelling; exact original spelling is not established.	src/Battlesport/player.cpp:10272
recoil:function:0x42be00	0x42be00	Player::SetWorldPoseAndRestartAnchor	Player::SetWorldPoseAndRestartAnchor	retained	Inferred	Retain reconstructed descriptive spelling; exact original spelling is not established.	src/Battlesport/player.cpp:10415
recoil:function:0x42be70	0x42be70	Player::CaptureCurrentObjectPoseAsRestartAnchor	Player::CaptureCurrentObjectPoseAsRestartAnchor	retained	Inferred	Retain reconstructed descriptive spelling; exact original spelling is not established.	src/Battlesport/player.cpp:10445
recoil:function:0x42bed0	0x42bed0	Player::ResetMotionTransientState	Player::ResetMotionTransientState	retained	Inferred	Retain reconstructed descriptive spelling; exact original spelling is not established.	src/Battlesport/player.cpp:10474
recoil:function:0x42bf40	0x42bf40	HudUi::PlayPowerupSfx	HudUi::PlayPowerupSfx	retained	Inferred	Retain physical/compiler projection label; no unique attached defining function body in the source inventory.	
recoil:function:0x42bf90	0x42bf90	Player::UpdatePostMoveEnvironment	Player::UpdatePostMoveEnvironment	retained	Inferred	Retain reconstructed descriptive spelling; exact original spelling is not established.	src/Battlesport/player.cpp:10524
recoil:function:0x42c0d0	0x42c0d0	Player::ProcessEnvProbeResults	Player::ProcessEnvProbeResults	retained	Inferred	Retain reconstructed descriptive spelling; exact original spelling is not established.	src/Battlesport/player.cpp:10581
recoil:function:0x42c2e0	0x42c2e0	Player::UpdateVerticalVelocityAndTransform	Player::UpdateVerticalVelocityAndTransform	retained	Inferred	Retain reconstructed descriptive spelling; exact original spelling is not established.	src/Battlesport/player.cpp:10670
recoil:function:0x42c420	0x42c420	Player::AccumulateSlopeForces	Player::AccumulateSlopeForces	retained	Inferred	Retain reconstructed descriptive spelling; exact original spelling is not established.	src/Battlesport/player.cpp:10721
recoil:function:0x42c520	0x42c520	Player::ComputeSurfaceFrom1Probe	Player::ComputeSurfaceFrom1Probe	retained	Inferred	Retain reconstructed descriptive spelling; exact original spelling is not established.	src/Battlesport/player.cpp:10753
recoil:function:0x42c640	0x42c640	Player::ComputeSurfaceFrom2Probes	Player::ComputeSurfaceFrom2Probes	retained	Inferred	Retain reconstructed descriptive spelling; exact original spelling is not established.	src/Battlesport/player.cpp:10791
recoil:function:0x42c8d0	0x42c8d0	Player::ApplyTerrainTilt	Player::ApplyTerrainTilt	retained	Inferred	Retain reconstructed descriptive spelling; exact original spelling is not established.	src/Battlesport/player.cpp:10857
recoil:function:0x42ca40	0x42ca40	Player::ComputeSurfaceFrom3Probes	Player::ComputeSurfaceFrom3Probes	retained	Inferred	Retain reconstructed descriptive spelling; exact original spelling is not established.	src/Battlesport/player.cpp:10907
recoil:function:0x42cb50	0x42cb50	Player::ResetTerrainContactImpulsesAndPlayImpactSfx	Player::ResetTerrainContactImpulsesAndPlayImpactSfx	retained	Inferred	Retain reconstructed descriptive spelling; exact original spelling is not established.	src/Battlesport/player.cpp:10943
recoil:function:0x42cbd0	0x42cbd0	Player::CheckProbeSampleMaskOverlap	Player::CheckProbeSampleMaskOverlap	retained	Inferred	Retain reconstructed descriptive spelling; exact original spelling is not established.	src/Battlesport/player.cpp:10971
recoil:function:0x42cc00	0x42cc00	Player::SelectBestProbesByDotProduct	Player::SelectBestProbesByDotProduct	retained	Inferred	Retain reconstructed descriptive spelling; exact original spelling is not established.	src/Battlesport/player.cpp:10989
recoil:function:0x42cde0	0x42cde0	Player::SolveHeightOnSurface	Player::SolveHeightOnSurface	retained	Inferred	Retain reconstructed descriptive spelling; exact original spelling is not established.	src/Battlesport/player.cpp:11070
recoil:function:0x42ce50	0x42ce50	Player::ComputeTriangleNormal	Player::ComputeTriangleNormal	retained	Inferred	Retain reconstructed descriptive spelling; exact original spelling is not established.	src/Battlesport/player.cpp:11093
recoil:function:0x42cf60	0x42cf60	Player::RebuildAboveGroundIndices	Player::RebuildAboveGroundIndices	retained	Inferred	Retain reconstructed descriptive spelling; exact original spelling is not established.	src/Battlesport/player.cpp:11132
recoil:function:0x42cf90	0x42cf90	Player::BuildEnvironmentProbeResult	Player::BuildEnvironmentProbeResult	retained	Inferred	Retain reconstructed descriptive spelling; exact original spelling is not established.	src/Battlesport/player.cpp:11150
recoil:function:0x42d320	0x42d320	Player::FindThirdProbeAndComputeNormal	Player::FindThirdProbeAndComputeNormal	retained	Inferred	Retain reconstructed descriptive spelling; exact original spelling is not established.	src/Battlesport/player.cpp:11281
recoil:function:0x42d560	0x42d560	zMath::Vec3Midpoint	zMath::Vec3Midpoint	retained	Inferred	Retain physical/compiler projection label; no unique attached defining function body in the source inventory.	
recoil:function:0x42d5c0	0x42d5c0	Player::ApplyEnvironmentProbeResult	Player::ApplyEnvironmentProbeResult	retained	Inferred	Retain reconstructed descriptive spelling; exact original spelling is not established.	src/Battlesport/player.cpp:11381
recoil:function:0x42da40	0x42da40	Player::RebuildOrientationFromNormal	Player::RebuildOrientationFromNormal	retained	Inferred	Retain reconstructed descriptive spelling; exact original spelling is not established.	src/Battlesport/player.cpp:11542
recoil:function:0x42dda0	0x42dda0	WestwoodOnlineUpgradeApiInitState::Init	WestwoodOnlineUpgradeApiInitState::Init	retained	Inferred	Retain physical/compiler projection label; no unique attached defining function body in the source inventory.	
recoil:function:0x42de10	0x42de10	RecoilApp::GetMessageMap	RecoilApp::GetMessageMap	retained	Inferred	Retain physical/compiler projection label; no unique attached defining function body in the source inventory.	
recoil:function:0x42de20	0x42de20	RecoilApp::StaticInitAndRegisterAtExit	RecoilApp::StaticInitAndRegisterAtExit	retained	Inferred	Retain physical/compiler projection label; no unique attached defining function body in the source inventory.	
recoil:function:0x42de30	0x42de30	RecoilApp::StaticInit	RecoilApp::StaticInit	retained	Inferred	Retain physical/compiler projection label; no unique attached defining function body in the source inventory.	
recoil:function:0x42de40	0x42de40	RecoilApp::RegisterAtExit	RecoilApp::RegisterAtExit	retained	Inferred	Retain physical/compiler projection label; no unique attached defining function body in the source inventory.	
recoil:function:0x42de50	0x42de50	RecoilApp::AtExitDestructor	RecoilApp::AtExitDestructor	retained	Inferred	Retain physical/compiler projection label; no unique attached defining function body in the source inventory.	
recoil:function:0x42de60	0x42de60	RecoilApp::Destructor	RecoilApp::Destructor	retained	Inferred	Retain physical/compiler projection label; no unique attached defining function body in the source inventory.	
recoil:function:0x42df10	0x42df10	RecoilApp_AttractFmvState::Destructor	CRecoilAppAttractFmvState::Destructor	renamed	Inferred	Synchronize renamed source identifier within existing physical/compiler projection label.	
recoil:function:0x42df50	0x42df50	RecoilApp_IntroFmvState::Destructor	CRecoilAppIntroFmvState::Destructor	renamed	Inferred	Synchronize renamed source identifier within existing physical/compiler projection label.	
recoil:function:0x42df90	0x42df90	RecoilApp_IState::Destructor	RecoilApp_IState::Destructor	retained	Inferred	Retain physical/compiler projection label; no unique attached defining function body in the source inventory.	
recoil:function:0x42dfa0	0x42dfa0	RecoilApp::Constructor	RecoilApp::Constructor	retained	Inferred	Retain physical/compiler projection label; no unique attached defining function body in the source inventory.	
recoil:function:0x42e070	0x42e070	RecoilApp_MissionFmvState::Destructor	RecoilApp_MissionFmvState::Destructor	retained	Inferred	Retain physical/compiler projection label; no unique attached defining function body in the source inventory.	
recoil:function:0x42e0b0	0x42e0b0	RecoilApp::ScalarDeletingDestructor	RecoilApp::ScalarDeletingDestructor	retained	Inferred	Retain physical/compiler projection label; no unique attached defining function body in the source inventory.	
recoil:function:0x42e0d0	0x42e0d0	RecoilApp_IntroFmvState::ScalarDeletingDestructor	CRecoilAppIntroFmvState::ScalarDeletingDestructor	renamed	Inferred	Synchronize renamed source identifier within existing physical/compiler projection label.	
recoil:function:0x42e0f0	0x42e0f0	RecoilApp_IState::ScalarDeletingDestructor	RecoilApp_IState::ScalarDeletingDestructor	retained	Inferred	Retain physical/compiler projection label; no unique attached defining function body in the source inventory.	
recoil:function:0x42e110	0x42e110	RecoilApp::CreateMainWnd	RecoilApp::CreateMainWnd	retained	Inferred	Retain physical/compiler projection label; no unique attached defining function body in the source inventory.	
recoil:function:0x42e170	0x42e170	zInput::DI_SetJoystickEnabled	zInput::DISetJoystickEnabled	renamed	Inferred	Synchronize renamed source identifier within existing physical/compiler projection label.	
recoil:function:0x42e220	0x42e220	RecoilApp::StartEngine	RecoilApp::StartEngine	retained	Inferred	Retain physical/compiler projection label; no unique attached defining function body in the source inventory.	
recoil:function:0x42e330	0x42e330	RecoilApp::InitializeDisplay	RecoilApp::InitializeDisplay	retained	Inferred	Retain physical/compiler projection label; no unique attached defining function body in the source inventory.	
recoil:function:0x42e430	0x42e430	RecoilApp::ShutdownEngine	RecoilApp::ShutdownEngine	retained	Inferred	Retain physical/compiler projection label; no unique attached defining function body in the source inventory.	
recoil:function:0x42e490	0x42e490	RecoilApp::LoadZbdAndStartEngine	RecoilApp::LoadZbdAndStartEngine	retained	Inferred	Retain physical/compiler projection label; no unique attached defining function body in the source inventory.	
recoil:function:0x42e4d0	0x42e4d0	RecoilApp::LoadZbdAndSetupSensorTracker	RecoilApp::LoadZbdAndSetupSensorTracker	retained	Inferred	Retain physical/compiler projection label; no unique attached defining function body in the source inventory.	
recoil:function:0x42e520	0x42e520	RecoilApp::InitInstance	RecoilApp::InitInstance	retained	Inferred	Retain physical/compiler projection label; no unique attached defining function body in the source inventory.	
recoil:function:0x42e930	0x42e930	RecoilApp::ExitInstance	RecoilApp::ExitInstance	retained	Inferred	Retain physical/compiler projection label; no unique attached defining function body in the source inventory.	
recoil:function:0x42e990	0x42e990	RecoilApp::ActivateExistingInstance	RecoilApp::ActivateExistingInstance	retained	Inferred	Retain physical/compiler projection label; no unique attached defining function body in the source inventory.	
recoil:function:0x42e9f0	0x42e9f0	RecoilApp::PreTranslateMessage	RecoilApp::PreTranslateMessage	retained	Inferred	Retain physical/compiler projection label; no unique attached defining function body in the source inventory.	
recoil:function:0x42ea20	0x42ea20	RecoilApp_IntroFmvState::OnTryBecomeCurrent	CRecoilAppIntroFmvState::OnTryBecomeCurrent	renamed	Inferred	Synchronize renamed source identifier within existing physical/compiler projection label.	
recoil:function:0x42eac0	0x42eac0	RecoilApp_IntroFmvState::OnUpdateShouldQuit	CRecoilAppIntroFmvState::OnUpdateShouldQuit	renamed	Inferred	Synchronize renamed source identifier within existing physical/compiler projection label.	
recoil:function:0x42eb00	0x42eb00	RecoilApp_FmvState::OnIdleOrDispatch	RecoilApp_FmvState::OnIdleOrDispatch	retained	Inferred	Retain physical/compiler projection label; no unique attached defining function body in the source inventory.	
recoil:function:0x42eb10	0x42eb10	RecoilApp_IntroFmvState::OnDeactivate	CRecoilAppIntroFmvState::OnDeactivate	renamed	Inferred	Synchronize renamed source identifier within existing physical/compiler projection label.	
recoil:function:0x42eb20	0x42eb20	RecoilApp_MainMenuPrepState::OnTryBecomeCurrent	RecoilApp_MainMenuPrepState::OnTryBecomeCurrent	retained	Inferred	Retain physical/compiler projection label; no unique attached defining function body in the source inventory.	
recoil:function:0x42eb60	0x42eb60	RecoilApp_MainMenuPrepState::OnUpdateShouldQuit	RecoilApp_MainMenuPrepState::OnUpdateShouldQuit	retained	Inferred	Retain physical/compiler projection label; no unique attached defining function body in the source inventory.	
recoil:function:0x42eb70	0x42eb70	RecoilApp_AttractFmvState::Constructor	CRecoilAppAttractFmvState::Constructor	renamed	Inferred	Synchronize renamed source identifier within existing physical/compiler projection label.	
recoil:function:0x42ebd0	0x42ebd0	RecoilApp_AttractFmvState::ScalarDeletingDestructor	CRecoilAppAttractFmvState::ScalarDeletingDestructor	renamed	Inferred	Synchronize renamed source identifier within existing physical/compiler projection label.	
recoil:function:0x42ebf0	0x42ebf0	RecoilApp_AttractFmvState::OnTryBecomeCurrent	CRecoilAppAttractFmvState::OnTryBecomeCurrent	renamed	Inferred	Synchronize renamed source identifier within existing physical/compiler projection label.	
recoil:function:0x42ec80	0x42ec80	RecoilApp_AttractFmvState::OnUpdateShouldQuit	CRecoilAppAttractFmvState::OnUpdateShouldQuit	renamed	Inferred	Synchronize renamed source identifier within existing physical/compiler projection label.	
recoil:function:0x42eca0	0x42eca0	RecoilApp_AttractFmvState::OnDeactivate	CRecoilAppAttractFmvState::OnDeactivate	renamed	Inferred	Synchronize renamed source identifier within existing physical/compiler projection label.	
recoil:function:0x42ecb0	0x42ecb0	zUtil::SetMissionZrdrPathsAndMountZbd	zUtil::SetMissionZrdrPathsAndMountZbd	retained	Inferred	Retain physical/compiler projection label; no unique attached defining function body in the source inventory.	
recoil:function:0x42ed30	0x42ed30	RecoilApp_MissionFmvState::Constructor	RecoilApp_MissionFmvState::Constructor	retained	Inferred	Retain physical/compiler projection label; no unique attached defining function body in the source inventory.	
recoil:function:0x42ed90	0x42ed90	RecoilApp_MissionFmvState::ScalarDeletingDestructor	RecoilApp_MissionFmvState::ScalarDeletingDestructor	retained	Inferred	Retain physical/compiler projection label; no unique attached defining function body in the source inventory.	
recoil:function:0x42edb0	0x42edb0	RecoilApp_MissionFmvState::OnTryBecomeCurrent	RecoilApp_MissionFmvState::OnTryBecomeCurrent	retained	Inferred	Retain physical/compiler projection label; no unique attached defining function body in the source inventory.	
recoil:function:0x42ee40	0x42ee40	HudUiBackgroundContainer::SetEnabled	HudUiBackgroundContainer::SetEnabled	retained	Inferred	Retain physical/compiler projection label; no unique attached defining function body in the source inventory.	
recoil:function:0x42ee50	0x42ee50	RecoilApp_MissionFmvState::OnDeactivate	RecoilApp_MissionFmvState::OnDeactivate	retained	Inferred	Retain physical/compiler projection label; no unique attached defining function body in the source inventory.	
recoil:function:0x42ee70	0x42ee70	RecoilApp_MissionFmvState::OnUpdateShouldQuit	RecoilApp_MissionFmvState::OnUpdateShouldQuit	retained	Inferred	Retain physical/compiler projection label; no unique attached defining function body in the source inventory.	
recoil:function:0x42eea0	0x42eea0	RecoilApp_PlayState::Constructor	CRecoilAppPlayState::Constructor	renamed	Inferred	Synchronize renamed source identifier within existing physical/compiler projection label.	
recoil:function:0x42eec0	0x42eec0	RecoilApp_PlayState::OnWndActivate	CRecoilAppPlayState::OnWndActivate	renamed	Inferred	Synchronize renamed source identifier within existing physical/compiler projection label.	
recoil:function:0x42eed0	0x42eed0	RecoilApp_PlayState::OnTryBecomeCurrent	CRecoilAppPlayState::OnTryBecomeCurrent	renamed	Inferred	Synchronize renamed source identifier within existing physical/compiler projection label.	
recoil:function:0x42f280	0x42f280	RecoilApp_PlayState::TickAndRenderFrame	CRecoilAppPlayState::TickAndRenderFrame	renamed	Inferred	Synchronize renamed source identifier within existing physical/compiler projection label.	
recoil:function:0x42f5e0	0x42f5e0	RecoilApp_PlayState::OnUpdateShouldQuit	CRecoilAppPlayState::OnUpdateShouldQuit	renamed	Inferred	Synchronize renamed source identifier within existing physical/compiler projection label.	
recoil:function:0x42f8a0	0x42f8a0	RecoilApp_PlayState::OnResume	CRecoilAppPlayState::OnResume	renamed	Inferred	Synchronize renamed source identifier within existing physical/compiler projection label.	
recoil:function:0x42f8e0	0x42f8e0	RecoilApp_PlayState::OnDeactivate	CRecoilAppPlayState::OnDeactivate	renamed	Inferred	Synchronize renamed source identifier within existing physical/compiler projection label.	
recoil:function:0x42f9d0	0x42f9d0	RecoilApp_LeaveNetworkState::OnTryBecomeCurrent	RecoilApp_LeaveNetworkState::OnTryBecomeCurrent	retained	Inferred	Retain physical/compiler projection label; no unique attached defining function body in the source inventory.	
recoil:function:0x42f9f0	0x42f9f0	zInputDI::InitForceFeedbackEffectSet	zInputDI::InitForceFeedbackEffectSet	retained	Inferred	Retain physical/compiler projection label; no unique attached defining function body in the source inventory.	
recoil:function:0x42fa80	0x42fa80	zInputDI::IsForceFeedbackEnabled	zInputDIIsForceFeedbackEnabled	renamed	Inferred	Synchronize current defining source name; descriptive reconstruction, not recovered original spelling.	src/Battlesport/RecoilApp.cpp:1402
recoil:function:0x42faa0	0x42faa0	zInputDI::RestartPrimaryFireEffect	zInputDI::RestartPrimaryFireEffect	retained	Inferred	Retain physical/compiler projection label; no unique attached defining function body in the source inventory.	
recoil:function:0x42fac0	0x42fac0	zInputDI::PlayAltFireEffect	zInputDI::PlayAltFireEffect	retained	Inferred	Retain physical/compiler projection label; no unique attached defining function body in the source inventory.	
recoil:function:0x42fb50	0x42fb50	zInputDI::PlayCollisionImpactEffect	zInputDI::PlayCollisionImpactEffect	retained	Inferred	Retain physical/compiler projection label; no unique attached defining function body in the source inventory.	
recoil:function:0x42fc90	0x42fc90	zInputDI::PlayDamageHitEffect	zInputDI::PlayDamageHitEffect	retained	Inferred	Retain physical/compiler projection label; no unique attached defining function body in the source inventory.	
recoil:function:0x42fdc0	0x42fdc0	zInputDI::UpdateSteerAndPitchForceEffects	zInputDI::UpdateSteerAndPitchForceEffects	retained	Inferred	Retain physical/compiler projection label; no unique attached defining function body in the source inventory.	
recoil:function:0x42ffa0	0x42ffa0	zInputDI::CreateConstantForceEffectScaled	zInputDI::CreateConstantForceEffectScaled	retained	Inferred	Retain physical/compiler projection label; no unique attached defining function body in the source inventory.	
recoil:function:0x430070	0x430070	zInputDI::CreateConstantForceEffectWithDirection	zInputDI::CreateConstantForceEffectWithDirection	retained	Inferred	Retain physical/compiler projection label; no unique attached defining function body in the source inventory.	
recoil:function:0x430100	0x430100	zInputDI::CreateSineEffectScaled	zInputDI::CreateSineEffectScaled	retained	Inferred	Retain physical/compiler projection label; no unique attached defining function body in the source inventory.	
recoil:function:0x4301e0	0x4301e0	CZRecoilFrame::CreateObject	CZRecoilFrame::CreateObject	retained	Inferred	Retain physical/compiler projection label; no unique attached defining function body in the source inventory.	
recoil:function:0x430240	0x430240	CZRecoilFrame::GetRuntimeClass	CZRecoilFrame::GetRuntimeClass	retained	Inferred	Retain physical/compiler projection label; no unique attached defining function body in the source inventory.	
recoil:function:0x430250	0x430250	CZRecoilFrame::Constructor	CZRecoilFrame::Constructor	retained	Inferred	Retain physical/compiler projection label; no unique attached defining function body in the source inventory.	
recoil:function:0x4305f0	0x4305f0	CZRecoilFrame::ScalarDeletingDestructor	CZRecoilFrame::ScalarDeletingDestructor	retained	Inferred	Retain physical/compiler projection label; no unique attached defining function body in the source inventory.	
recoil:function:0x430610	0x430610	CZRecoilFrame::Destructor	CZRecoilFrame::Destructor	retained	Inferred	Retain physical/compiler projection label; no unique attached defining function body in the source inventory.	
recoil:function:0x430680	0x430680	CZRecoilFrame::SetMenuBarVisibility	CZRecoilFrame::SetMenuBarVisibility	retained	Inferred	Retain physical/compiler projection label; no unique attached defining function body in the source inventory.	
recoil:function:0x4306e0	0x4306e0	CZRecoilFrame::GetMessageMap	CZRecoilFrame::GetMessageMap	retained	Inferred	Retain physical/compiler projection label; no unique attached defining function body in the source inventory.	
recoil:function:0x4306f0	0x4306f0	CZRecoilFrame::BuildWindowTitle	CZRecoilFrame::BuildWindowTitle	retained	Inferred	Retain physical/compiler projection label; no unique attached defining function body in the source inventory.	
recoil:function:0x430740	0x430740	CZRecoilFrame::OnMenuStartSinglePlayer	CZRecoilFrame::OnMenuStartSinglePlayer	retained	Inferred	Retain physical/compiler projection label; no unique attached defining function body in the source inventory.	
recoil:function:0x430760	0x430760	CZRecoilFrame::OnMenuOpenCampaign	CZRecoilFrame::OnMenuOpenCampaign	retained	Inferred	Retain physical/compiler projection label; no unique attached defining function body in the source inventory.	
recoil:function:0x430770	0x430770	CZRecoilFrame::OnOpenFileDialog	CZRecoilFrame::OnOpenFileDialog	retained	Inferred	Retain physical/compiler projection label; no unique attached defining function body in the source inventory.	
recoil:function:0x4308a0	0x4308a0	CZRecoilFrame::OnMenuExitGame	CZRecoilFrame::OnMenuExitGame	retained	Inferred	Retain physical/compiler projection label; no unique attached defining function body in the source inventory.	
recoil:function:0x4308c0	0x4308c0	CZRecoilFrame::ConfigureModeFeatureFlags	CZRecoilFrame::ConfigureModeFeatureFlags	retained	Inferred	Retain physical/compiler projection label; no unique attached defining function body in the source inventory.	
recoil:function:0x4309b0	0x4309b0	CZRecoilFrame::OnMenuSetVideoMode2	CZRecoilFrame::OnMenuSetVideoMode2	retained	Inferred	Retain physical/compiler projection label; no unique attached defining function body in the source inventory.	
recoil:function:0x4309d0	0x4309d0	CZRecoilFrame::OnMenuSetVideoMode3	CZRecoilFrame::OnMenuSetVideoMode3	retained	Inferred	Retain physical/compiler projection label; no unique attached defining function body in the source inventory.	
recoil:function:0x4309f0	0x4309f0	CZRecoilFrame::OnMenuSetVideoMode4	CZRecoilFrame::OnMenuSetVideoMode4	retained	Inferred	Retain physical/compiler projection label; no unique attached defining function body in the source inventory.	
recoil:function:0x430a10	0x430a10	CZRecoilFrame::OnMenuSetVideoMode5	CZRecoilFrame::OnMenuSetVideoMode5	retained	Inferred	Retain physical/compiler projection label; no unique attached defining function body in the source inventory.	
recoil:function:0x430a30	0x430a30	CZRecoilFrame::OnMenuSetVideoMode6	CZRecoilFrame::OnMenuSetVideoMode6	retained	Inferred	Retain physical/compiler projection label; no unique attached defining function body in the source inventory.	
recoil:function:0x430a50	0x430a50	CZRecoilFrame::OnMenuSetVideoMode7	CZRecoilFrame::OnMenuSetVideoMode7	retained	Inferred	Retain physical/compiler projection label; no unique attached defining function body in the source inventory.	
recoil:function:0x430a70	0x430a70	CZRecoilFrame::OnMenuToggleHud	CZRecoilFrame::OnMenuToggleHud	retained	Inferred	Retain physical/compiler projection label; no unique attached defining function body in the source inventory.	
recoil:function:0x430a90	0x430a90	CZRecoilFrame::OnUpdateHudCmdUI	CZRecoilFrame::OnUpdateHudCmdUI	retained	Inferred	Retain physical/compiler projection label; no unique attached defining function body in the source inventory.	
recoil:function:0x430ab0	0x430ab0	CZRecoilFrame::OnMenuToggleFullscreen	CZRecoilFrame::OnMenuToggleFullscreen	retained	Inferred	Retain physical/compiler projection label; no unique attached defining function body in the source inventory.	
recoil:function:0x430ad0	0x430ad0	CZRecoilFrame::OnMenuOpenHelpDocs	CZRecoilFrame::OnMenuOpenHelpDocs	retained	Inferred	Retain physical/compiler projection label; no unique attached defining function body in the source inventory.	
recoil:function:0x430c30	0x430c30	CZRecoilFrame::OnMenuAbout	CZRecoilFrame::OnMenuAbout	retained	Inferred	Retain physical/compiler projection label; no unique attached defining function body in the source inventory.	
recoil:function:0x430c90	0x430c90	RecoilApp::FatalErrorAndExit	RecoilApp::FatalErrorAndExit	retained	Inferred	Retain physical/compiler projection label; no unique attached defining function body in the source inventory.	
recoil:function:0x430d80	0x430d80	CZRecoilFrame::OnMenuOpenMultiplayerSessionBrowser	CZRecoilFrame::OnMenuOpenMultiplayerSessionBrowser	retained	Inferred	Retain physical/compiler projection label; no unique attached defining function body in the source inventory.	
recoil:function:0x431270	0x431270	CZRecoilFrame::OnMenuStartMultiplayer	CZRecoilFrame::OnMenuStartMultiplayer	retained	Inferred	Retain physical/compiler projection label; no unique attached defining function body in the source inventory.	
recoil:function:0x431290	0x431290	CZRecoilFrame::OnMenuStartCampaignMode	CZRecoilFrame::OnMenuStartCampaignMode	retained	Inferred	Retain physical/compiler projection label; no unique attached defining function body in the source inventory.	
recoil:function:0x4312b0	0x4312b0	CZRecoilFrame::OnMenuStartCampaignMode2	CZRecoilFrame::OnMenuStartCampaignMode2	retained	Inferred	Retain physical/compiler projection label; no unique attached defining function body in the source inventory.	
recoil:function:0x4312d0	0x4312d0	CZRecoilFrame::OnMenuStartCampaignMode3	CZRecoilFrame::OnMenuStartCampaignMode3	retained	Inferred	Retain physical/compiler projection label; no unique attached defining function body in the source inventory.	
recoil:function:0x4312f0	0x4312f0	CZRecoilFrame::OnMenuStartCampaignMode4	CZRecoilFrame::OnMenuStartCampaignMode4	retained	Inferred	Retain physical/compiler projection label; no unique attached defining function body in the source inventory.	
recoil:function:0x431310	0x431310	CZRecoilFrame::OnMenuStartCampaignMode5	CZRecoilFrame::OnMenuStartCampaignMode5	retained	Inferred	Retain physical/compiler projection label; no unique attached defining function body in the source inventory.	
recoil:function:0x431330	0x431330	CZRecoilFrame::OnMenuToggleArchiveBanks	CZRecoilFrame::OnMenuToggleArchiveBanks	retained	Inferred	Retain physical/compiler projection label; no unique attached defining function body in the source inventory.	
recoil:function:0x431380	0x431380	CZRecoilFrame::OnMenuToggleTexturePacks	CZRecoilFrame::OnMenuToggleTexturePacks	retained	Inferred	Retain physical/compiler projection label; no unique attached defining function body in the source inventory.	
recoil:function:0x4313d0	0x4313d0	CZRecoilFrame::OnUpdateVideoMode2CmdUI	CZRecoilFrame::OnUpdateVideoMode2CmdUI	retained	Inferred	Retain physical/compiler projection label; no unique attached defining function body in the source inventory.	
recoil:function:0x431430	0x431430	CZRecoilFrame::OnUpdateVideoMode3CmdUI	CZRecoilFrame::OnUpdateVideoMode3CmdUI	retained	Inferred	Retain physical/compiler projection label; no unique attached defining function body in the source inventory.	
recoil:function:0x431490	0x431490	CZRecoilFrame::OnUpdateVideoMode4CmdUI	CZRecoilFrame::OnUpdateVideoMode4CmdUI	retained	Inferred	Retain physical/compiler projection label; no unique attached defining function body in the source inventory.	
recoil:function:0x4314f0	0x4314f0	CZRecoilFrame::OnUpdateVideoMode5CmdUI	CZRecoilFrame::OnUpdateVideoMode5CmdUI	retained	Inferred	Retain physical/compiler projection label; no unique attached defining function body in the source inventory.	
recoil:function:0x431550	0x431550	CZRecoilFrame::OnUpdateVideoMode6CmdUI	CZRecoilFrame::OnUpdateVideoMode6CmdUI	retained	Inferred	Retain physical/compiler projection label; no unique attached defining function body in the source inventory.	
recoil:function:0x4315b0	0x4315b0	CZRecoilFrame::OnUpdateVideoMode7CmdUI	CZRecoilFrame::OnUpdateVideoMode7CmdUI	retained	Inferred	Retain physical/compiler projection label; no unique attached defining function body in the source inventory.	
recoil:function:0x431610	0x431610	CZRecoilFrame::SetHwApiAndInitMode	CZRecoilFrame::SetHwApiAndInitMode	retained	Inferred	Retain physical/compiler projection label; no unique attached defining function body in the source inventory.	
recoil:function:0x431680	0x431680	CZRecoilFrame::InitFallbackMode	CZRecoilFrame::InitFallbackMode	retained	Inferred	Retain physical/compiler projection label; no unique attached defining function body in the source inventory.	
recoil:function:0x4316c0	0x4316c0	CZRecoilFrame::EnsureHwApiInitialized	CZRecoilFrame::EnsureHwApiInitialized	retained	Inferred	Retain physical/compiler projection label; no unique attached defining function body in the source inventory.	
recoil:function:0x431730	0x431730	CZRecoilFrame::InitStartupHwApiFromOptions	CZRecoilFrame::InitStartupHwApiFromOptions	retained	Inferred	Retain physical/compiler projection label; no unique attached defining function body in the source inventory.	
recoil:function:0x431790	0x431790	CZRecoilFrame::OnMenuSelectHwApi0	CZRecoilFrame::OnMenuSelectHwApi0	retained	Inferred	Retain physical/compiler projection label; no unique attached defining function body in the source inventory.	
recoil:function:0x4317a0	0x4317a0	CZRecoilFrame::OnMenuSelectHwApi1	CZRecoilFrame::OnMenuSelectHwApi1	retained	Inferred	Retain physical/compiler projection label; no unique attached defining function body in the source inventory.	
recoil:function:0x4317b0	0x4317b0	CZRecoilFrame::OnMenuSelectHwApi2	CZRecoilFrame::OnMenuSelectHwApi2	retained	Inferred	Retain physical/compiler projection label; no unique attached defining function body in the source inventory.	
recoil:function:0x4317c0	0x4317c0	CZRecoilFrame::OnMenuSelectHwApi3	CZRecoilFrame::OnMenuSelectHwApi3	retained	Inferred	Retain physical/compiler projection label; no unique attached defining function body in the source inventory.	
recoil:function:0x4317d0	0x4317d0	CZRecoilFrame::UpdateHwApiMenuItem	CZRecoilFrame::UpdateHwApiMenuItem	retained	Inferred	Retain physical/compiler projection label; no unique attached defining function body in the source inventory.	
recoil:function:0x431870	0x431870	CZRecoilFrame::OnUpdateHwApi0CmdUI	CZRecoilFrame::OnUpdateHwApi0CmdUI	retained	Inferred	Retain physical/compiler projection label; no unique attached defining function body in the source inventory.	
recoil:function:0x4318b0	0x4318b0	CZRecoilFrame::OnUpdateHwApi1CmdUI	CZRecoilFrame::OnUpdateHwApi1CmdUI	retained	Inferred	Retain physical/compiler projection label; no unique attached defining function body in the source inventory.	
recoil:function:0x4318c0	0x4318c0	CZRecoilFrame::OnUpdateHwApi2CmdUI	CZRecoilFrame::OnUpdateHwApi2CmdUI	retained	Inferred	Retain physical/compiler projection label; no unique attached defining function body in the source inventory.	
recoil:function:0x4318d0	0x4318d0	CZRecoilFrame::OnUpdateHwApi3CmdUI	CZRecoilFrame::OnUpdateHwApi3CmdUI	retained	Inferred	Retain physical/compiler projection label; no unique attached defining function body in the source inventory.	
recoil:function:0x4318e0	0x4318e0	CZRecoilFrame::OnUpdateFullscreenCmdUI	CZRecoilFrame::OnUpdateFullscreenCmdUI	retained	Inferred	Retain physical/compiler projection label; no unique attached defining function body in the source inventory.	
recoil:function:0x431900	0x431900	CZRecoilFrame::OnMenuToggleCDAudio	CZRecoilFrame::OnMenuToggleCDAudio	retained	Inferred	Retain physical/compiler projection label; no unique attached defining function body in the source inventory.	
recoil:function:0x431920	0x431920	CZRecoilFrame::OnUpdateCDAudioCmdUI	CZRecoilFrame::OnUpdateCDAudioCmdUI	retained	Inferred	Retain physical/compiler projection label; no unique attached defining function body in the source inventory.	
recoil:function:0x431950	0x431950	CZRecoilFrame::OnMenuToggleJoystick	CZRecoilFrame::OnMenuToggleJoystick	retained	Inferred	Retain physical/compiler projection label; no unique attached defining function body in the source inventory.	
recoil:function:0x431970	0x431970	CZRecoilFrame::OnUpdateJoystickCmdUI	CZRecoilFrame::OnUpdateJoystickCmdUI	retained	Inferred	Retain physical/compiler projection label; no unique attached defining function body in the source inventory.	
recoil:function:0x4319a0	0x4319a0	CZRecoilFrame::OnMenuWestwoodOnlineUpgrade	CZRecoilFrame::OnMenuWestwoodOnlineUpgrade	retained	Inferred	Retain physical/compiler projection label; no unique attached defining function body in the source inventory.	
recoil:function:0x431a80	0x431a80	MfcCmdUI::EnableAlways	MfcCmdUI::EnableAlways	retained	Inferred	Retain physical/compiler projection label; no unique attached defining function body in the source inventory.	
recoil:function:0x431a90	0x431a90	CZRecoilFrame::OnMenuSelectDirectSound	CZRecoilFrame::OnMenuSelectDirectSound	retained	Inferred	Retain physical/compiler projection label; no unique attached defining function body in the source inventory.	
recoil:function:0x431aa0	0x431aa0	CZRecoilFrame::OnUpdateDirectSoundCmdUI	CZRecoilFrame::OnUpdateDirectSoundCmdUI	retained	Inferred	Retain physical/compiler projection label; no unique attached defining function body in the source inventory.	
recoil:function:0x431ad0	0x431ad0	CZRecoilFrame::OnMenuSelectA3D	CZRecoilFrame::OnMenuSelectA3D	retained	Inferred	Retain physical/compiler projection label; no unique attached defining function body in the source inventory.	
recoil:function:0x431ae0	0x431ae0	CZRecoilFrame::OnUpdateA3DCmdUI	CZRecoilFrame::OnUpdateA3DCmdUI	retained	Inferred	Retain physical/compiler projection label; no unique attached defining function body in the source inventory.	
recoil:function:0x431b10	0x431b10	CZRecoilFrame::OnSize	CZRecoilFrame::OnSize	retained	Inferred	Retain physical/compiler projection label; no unique attached defining function body in the source inventory.	
recoil:function:0x431bf0	0x431bf0	GameNetSpawnPointList::InitGlobals	GameNetSpawnPointList::InitGlobals	retained	Inferred	Retain physical/compiler projection label; no unique attached defining function body in the source inventory.	
recoil:function:0x431c20	0x431c20	GameNetPlayerRowList::Reset	GameNetPlayerRowList::Reset	retained	Inferred	Retain physical/compiler projection label; no unique attached defining function body in the source inventory.	
recoil:function:0x431c50	0x431c50	GameNet::RegisterGameplayHandlersAndOptCatalogCallbacks	GameNet::RegisterGameplayHandlersAndOptCatalogCallbacks	retained	Inferred	Retain physical/compiler projection label; no unique attached defining function body in the source inventory.	
recoil:function:0x431dd0	0x431dd0	Net::InitFromZrd	Net::InitFromZrd	retained	Inferred	Retain physical/compiler projection label; no unique attached defining function body in the source inventory.	
recoil:function:0x4320b0	0x4320b0	GameNet::WaitForLocalPlayerColorIndex	GameNet::WaitForLocalPlayerColorIndex	retained	Inferred	Retain physical/compiler projection label; no unique attached defining function body in the source inventory.	
recoil:function:0x4320f0	0x4320f0	GameNet::ResetRemotePlayersAndSpawnLists	GameNet::ResetRemotePlayersAndSpawnLists	retained	Inferred	Retain reconstructed descriptive spelling; exact original spelling is not established.	src/Battlesport/RecoilApp.cpp:3288
recoil:function:0x4321b0	0x4321b0	GameNet::UnregisterGameplayPacketHandlers	GameNet::UnregisterGameplayPacketHandlers	retained	Inferred	Retain physical/compiler projection label; no unique attached defining function body in the source inventory.	
recoil:function:0x4322a0	0x4322a0	GameNet::ResetHudTimerPanelNetStateLongCountdown	GameNet::ResetHudTimerPanelNetStateLongCountdown	retained	Inferred	Retain reconstructed descriptive spelling; exact original spelling is not established.	src/Battlesport/RecoilApp.cpp:3373
recoil:function:0x432300	0x432300	GameNet::TickLocalPlayerPkt06ReplicationAndHudTimer	GameNet::TickLocalPlayerPkt06ReplicationAndHudTimer	retained	Inferred	Retain physical/compiler projection label; no unique attached defining function body in the source inventory.	
recoil:function:0x4327e0	0x4327e0	GameNet::HandlePkt06_PlayerStateSnapshot	GameNet::HandlePkt06PlayerStateSnapshot	renamed	Inferred	Synchronize renamed source identifier within existing physical/compiler projection label.	
recoil:function:0x432830	0x432830	GameNet::FindPlayerRowByKey	GameNet::FindPlayerRowByKey	retained	Inferred	Retain physical/compiler projection label; no unique attached defining function body in the source inventory.	
recoil:function:0x432860	0x432860	GameNet::SpawnRemotePlayerFromPkt06_PlayerStateSnapshot	GameNet::SpawnRemotePlayerFromPkt06PlayerStateSnapshot	renamed	Inferred	Synchronize renamed source identifier within existing physical/compiler projection label.	
recoil:function:0x432ae0	0x432ae0	GameNet::ApplyPkt06_PlayerStateSnapshotToRow	GameNet::ApplyPkt06PlayerStateSnapshotToRow	renamed	Inferred	Synchronize renamed source identifier within existing physical/compiler projection label.	
recoil:function:0x432d60	0x432d60	GameNet::UpdateRemotePlayerHudWidgetScreenPos	GameNet::UpdateRemotePlayerHudWidgetScreenPos	retained	Inferred	Retain physical/compiler projection label; no unique attached defining function body in the source inventory.	
recoil:function:0x432e70	0x432e70	GameNet::ReassignPlayerColorsAndRefreshRows	GameNet::ReassignPlayerColorsAndRefreshRows	retained	Inferred	Retain reconstructed descriptive spelling; exact original spelling is not established.	src/Battlesport/RecoilApp.cpp:3881
recoil:function:0x432ed0	0x432ed0	GameNet::HandlePkt03_RemoveRemotePlayer	GameNet::HandlePkt03RemoveRemotePlayer	renamed	Inferred	Synchronize renamed source identifier within existing physical/compiler projection label.	
recoil:function:0x433000	0x433000	GameNet::SendPkt08_PlayerKillEvent	GameNet::SendPkt08PlayerKillEvent	renamed	Inferred	Synchronize renamed source identifier within existing physical/compiler projection label.	
recoil:function:0x433060	0x433060	GameNet::HandlePkt08_PlayerKillEvent	GameNet::HandlePkt08PlayerKillEvent	renamed	Inferred	Synchronize renamed source identifier within existing physical/compiler projection label.	
recoil:function:0x4330f0	0x4330f0	GameNet::SendPkt0E_PlayerLapProgress	GameNet::SendPkt0EPlayerLapProgress	renamed	Inferred	Synchronize renamed source identifier within existing physical/compiler projection label.	
recoil:function:0x433170	0x433170	GameNet::HandlePkt0E_PlayerLapProgress	GameNet::HandlePkt0EPlayerLapProgress	renamed	Inferred	Synchronize renamed source identifier within existing physical/compiler projection label.	
recoil:function:0x433200	0x433200	GameNet::AreAllPlayersAtLapTarget	GameNet::AreAllPlayersAtLapTarget	retained	Inferred	Retain reconstructed descriptive spelling; exact original spelling is not established.	src/Battlesport/RecoilApp.cpp:4096
recoil:function:0x433250	0x433250	GameNet::HandlePkt0D_HudTimerPanelState	GameNet::HandlePkt0DHudTimerPanelState	renamed	Inferred	Synchronize renamed source identifier within existing physical/compiler projection label.	
recoil:function:0x433310	0x433310	GameNet::SendPkt0D_HudTimerPanelState	GameNet::SendPkt0DHudTimerPanelState	renamed	Inferred	Synchronize renamed source identifier within existing physical/compiler projection label.	
recoil:function:0x433390	0x433390	GameNet::SendPkt0C_HudTimerStatusBits	GameNet::SendPkt0CHudTimerStatusBits	renamed	Inferred	Synchronize renamed source identifier within existing physical/compiler projection label.	
recoil:function:0x433410	0x433410	GameNet::HandlePkt0C_HudTimerStatusBits	GameNet::HandlePkt0CHudTimerStatusBits	renamed	Inferred	Synchronize renamed source identifier within existing physical/compiler projection label.	
recoil:function:0x4334f0	0x4334f0	GameNet::SendPkt09_PlayerScoreboardSnapshot	GameNet::SendPkt09PlayerScoreboardSnapshot	renamed	Inferred	Synchronize current defining source name; descriptive reconstruction, not recovered original spelling.	src/Battlesport/RecoilApp.cpp:4274
recoil:function:0x4335b0	0x4335b0	GameNet::HandlePkt09_PlayerScoreboardSnapshot	GameNet::HandlePkt09PlayerScoreboardSnapshot	renamed	Inferred	Synchronize renamed source identifier within existing physical/compiler projection label.	
recoil:function:0x4336f0	0x4336f0	GameNet::GetLocalPlayerColorIndexOrZero	GameNet::GetLocalPlayerColorIndexOrZero	retained	Inferred	Retain physical/compiler projection label; no unique attached defining function body in the source inventory.	
recoil:function:0x433710	0x433710	GameNet::SetStatusBitsFromFlags	GameNet::SetStatusBitsFromFlags	retained	Inferred	Retain physical/compiler projection label; no unique attached defining function body in the source inventory.	
recoil:function:0x433730	0x433730	GameNet::GetStatusBitAllowMaps	GameNet::GetStatusBitAllowMaps	retained	Inferred	Retain physical/compiler projection label; no unique attached defining function body in the source inventory.	
recoil:function:0x433740	0x433740	GameNet::GetStatusBitNameTags	GameNet::GetStatusBitNameTags	retained	Inferred	Retain physical/compiler projection label; no unique attached defining function body in the source inventory.	
recoil:function:0x433750	0x433750	GameNet::SendPkt0B_ChatMessage	GameNet::SendPkt0BChatMessage	renamed	Inferred	Synchronize renamed source identifier within existing physical/compiler projection label.	
recoil:function:0x4337e0	0x4337e0	GameNet::HandlePkt0B_ChatMessage	GameNet::HandlePkt0BChatMessage	renamed	Inferred	Synchronize renamed source identifier within existing physical/compiler projection label.	
recoil:function:0x433840	0x433840	GameNet::RespawnPlayerAndDropWeaponPickupIfAllowed	GameNet::RespawnPlayerAndDropWeaponPickupIfAllowed	retained	Inferred	Retain physical/compiler projection label; no unique attached defining function body in the source inventory.	
recoil:function:0x4339d0	0x4339d0	GameNet::GetNearestOtherPlayerDistanceToSpawnPoint	GameNet::GetNearestOtherPlayerDistanceToSpawnPoint	retained	Inferred	Retain physical/compiler projection label; no unique attached defining function body in the source inventory.	
recoil:function:0x433a40	0x433a40	HudTimerPanelNetState::ClearTailFlagsLocal	HudTimerPanelNetState::ClearTailFlagsLocal	retained	Inferred	Retain physical/compiler projection label; no unique attached defining function body in the source inventory.	
recoil:function:0x433a50	0x433a50	GameNetPlayerRow::ApplyPlayerColorTint	GameNetPlayerRow::ApplyPlayerColorTint	retained	Inferred	Retain physical/compiler projection label; no unique attached defining function body in the source inventory.	
recoil:function:0x433ad0	0x433ad0	zDEClient_Crater::Execute	zDEClient_Crater::Execute	retained	Inferred	Retain physical/compiler projection label; no unique attached defining function body in the source inventory.	
recoil:function:0x433b70	0x433b70	zDEClient_Crater::NetRelayCallback	zDEClient_Crater::NetRelayCallback	retained	Inferred	Retain physical/compiler projection label; no unique attached defining function body in the source inventory.	
recoil:function:0x433c30	0x433c30	GameNet::HostSendPkt0F_CraterFeature	GameNet::HostSendPkt0FCraterFeature	renamed	Inferred	Synchronize renamed source identifier within existing physical/compiler projection label.	
recoil:function:0x433ca0	0x433ca0	GameNet::SendPkt10_QSandEvent	GameNet::SendPkt10QSandEvent	renamed	Inferred	Synchronize renamed source identifier within existing physical/compiler projection label.	
recoil:function:0x433d40	0x433d40	zDEClient_QSand::NetRelayCallback	zDEClient_QSand::NetRelayCallback	retained	Inferred	Retain physical/compiler projection label; no unique attached defining function body in the source inventory.	
recoil:function:0x433de0	0x433de0	GameNet::HostSendPkt10_QSandFeature	GameNet::HostSendPkt10QSandFeature	renamed	Inferred	Synchronize renamed source identifier within existing physical/compiler projection label.	
recoil:function:0x433e40	0x433e40	Pickup::SendPkt11_Flag2Delta	Pickup::SendPkt11Flag2Delta	renamed	Inferred	Synchronize current defining source name; descriptive reconstruction, not recovered original spelling.	src/Battlesport/pickup.cpp:2653
recoil:function:0x433e70	0x433e70	Pickup::SendPkt11_Flag8Delta	Pickup::SendPkt11Flag8Delta	renamed	Inferred	Synchronize current defining source name; descriptive reconstruction, not recovered original spelling.	src/Battlesport/pickup.cpp:2667
recoil:function:0x433ea0	0x433ea0	Pickup::SendPkt11_CreateDelta	Pickup::SendPkt11CreateDelta	renamed	Inferred	Synchronize current defining source name; descriptive reconstruction, not recovered original spelling.	src/Battlesport/pickup.cpp:2682
recoil:function:0x433f40	0x433f40	Pickup::HandlePkt11_SpawnDelta	Pickup::HandlePkt11SpawnDelta	renamed	Inferred	Synchronize current defining source name; descriptive reconstruction, not recovered original spelling.	src/Battlesport/pickup.cpp:2711
recoil:function:0x434050	0x434050	Pickup::SendPkt12_AirdropSpawnChuteRelay	Pickup::SendPkt12AirdropSpawnChuteRelay	renamed	Inferred	Synchronize current defining source name; descriptive reconstruction, not recovered original spelling.	src/Battlesport/pickup.cpp:2760
recoil:function:0x4340a0	0x4340a0	Pickup::HandlePkt12_AirdropSpawnChuteRelay	Pickup::HandlePkt12AirdropSpawnChuteRelay	renamed	Inferred	Synchronize current defining source name; descriptive reconstruction, not recovered original spelling.	src/Battlesport/pickup.cpp:2779
recoil:function:0x4340c0	0x4340c0	OptCatalog::AltGunDispatchAllocRuntimeGateCallback	OptCatalog::AltGunDispatchAllocRuntimeGateCallback	retained	Inferred	Retain reconstructed descriptive spelling; exact original spelling is not established.	src/GameZRecoil/zWeapon/zwep_init.c:709
recoil:function:0x434130	0x434130	GameNet::SendPkt07_AltGunDispatch	GameNet::SendPkt07_AltGunDispatch	retained	Inferred	Retain physical/compiler projection label; no unique attached defining function body in the source inventory.	
recoil:function:0x434190	0x434190	GameNet::HandlePkt07_AltGunDispatch	GameNet::HandlePkt07_AltGunDispatch	retained	Inferred	Retain physical/compiler projection label; no unique attached defining function body in the source inventory.	
recoil:function:0x434230	0x434230	GameNet::AltGunDispatchNoOpCallback	GameNet::AltGunDispatchNoOpCallback	retained	Inferred	Retain physical/compiler projection label; no unique attached defining function body in the source inventory.	
recoil:function:0x434240	0x434240	OptCatalog::SendPkt0A_RemoveRuntimeRelay	OptCatalog::SendPkt0ARemoveRuntimeRelay	renamed	Inferred	Synchronize current defining source name; descriptive reconstruction, not recovered original spelling.	src/GameZRecoil/zWeapon/zwep_init.c:749
recoil:function:0x4342d0	0x4342d0	OptCatalog::HandlePkt0A_RemoveRuntimeRelay	OptCatalog::HandlePkt0ARemoveRuntimeRelay	renamed	Inferred	Synchronize current defining source name; descriptive reconstruction, not recovered original spelling.	src/GameZRecoil/zWeapon/zwep_init.c:788
recoil:function:0x434370	0x434370	GameNet::SendPkt13_EffectAnimActivationRecord	GameNet::SendPkt13EffectAnimActivationRecord	renamed	Inferred	Synchronize renamed source identifier within existing physical/compiler projection label.	
recoil:function:0x4343f0	0x4343f0	GameNet::HandlePkt13_EffectAnimActivationRecord	GameNet::HandlePkt13EffectAnimActivationRecord	renamed	Inferred	Synchronize renamed source identifier within existing physical/compiler projection label.	
recoil:function:0x434430	0x434430	GameNet::SendAllPkt13_EffectAnimActivationRecords	GameNet::SendAllPkt13EffectAnimActivationRecords	renamed	Inferred	Synchronize renamed source identifier within existing physical/compiler projection label.	
recoil:function:0x434460	0x434460	GameNet::SendPkt14_HudTimerAndFlagsSync	GameNet::SendPkt14HudTimerAndFlagsSync	renamed	Inferred	Synchronize renamed source identifier within existing physical/compiler projection label.	
recoil:function:0x4344b0	0x4344b0	GameNet::HandlePkt14_HudTimerAndFlagsSync	GameNet::HandlePkt14HudTimerAndFlagsSync	renamed	Inferred	Synchronize renamed source identifier within existing physical/compiler projection label.	
recoil:function:0x434550	0x434550	GameNet::HostUpdateSessionDescStatusFields	GameNet::HostUpdateSessionDescStatusFields	retained	Inferred	Retain physical/compiler projection label; no unique attached defining function body in the source inventory.	
recoil:function:0x4345a0	0x4345a0	GameNetPlayerRowList::AppendNewRow	GameNetPlayerRowList::AppendNewRow	retained	Inferred	Retain physical/compiler projection label; no unique attached defining function body in the source inventory.	
recoil:function:0x434650	0x434650	GameNetPlayerRow::DestroyEmbeddedPanel	GameNetPlayerRow::DestroyEmbeddedPanel	retained	Inferred	Retain physical/compiler projection label; no unique attached defining function body in the source inventory.	
recoil:function:0x434660	0x434660	HudUiSaveLoadEntry::operator<	HudUiSaveLoadEntry::operator<	retained	Inferred	Retain physical/compiler projection label; no unique attached defining function body in the source inventory.	
recoil:function:0x434680	0x434680	HudUiSaveGameDialog::InitLayout	HudUiSaveGameDialog::InitLayout	retained	Inferred	Retain physical/compiler projection label; no unique attached defining function body in the source inventory.	
recoil:function:0x4348b0	0x4348b0	HudUiSaveLoadGameNameInput::OnActivate	HudUiSaveLoadGameNameInput::OnActivate	retained	Inferred	Retain physical/compiler projection label; no unique attached defining function body in the source inventory.	
recoil:function:0x4348f0	0x4348f0	HudUiSaveLoadGameNameInput::OnRawKeyboardEvent	HudUiSaveLoadGameNameInput::OnRawKeyboardEvent	retained	Inferred	Retain physical/compiler projection label; no unique attached defining function body in the source inventory.	
recoil:function:0x434920	0x434920	HudUiSaveLoadListItem::Constructor	HudUiSaveLoadListItem::Constructor	retained	Inferred	Retain physical/compiler projection label; no unique attached defining function body in the source inventory.	
recoil:function:0x434950	0x434950	HudUiSaveLoadListItem::Draw	HudUiSaveLoadListItem::Draw	retained	Inferred	Retain physical/compiler projection label; no unique attached defining function body in the source inventory.	
recoil:function:0x434970	0x434970	HudUiLoadGameDialog::OnPrimaryActionThunk	HudUiLoadGameDialog::OnPrimaryActionThunk	retained	Inferred	Retain physical/compiler projection label; no unique attached defining function body in the source inventory.	
recoil:function:0x434980	0x434980	HudUiSaveGameDialog::ScalarDeletingDestructor	HudUiSaveGameDialog::ScalarDeletingDestructor	retained	Inferred	Retain physical/compiler projection label; no unique attached defining function body in the source inventory.	
recoil:function:0x4349a0	0x4349a0	HudUiSaveLoadDialog::Destructor	HudUiSaveLoadDialog::Destructor	retained	Inferred	Retain physical/compiler projection label; no unique attached defining function body in the source inventory.	
recoil:function:0x434a80	0x434a80	HudUiSaveGameDialog::Destructor	HudUiSaveGameDialog::Destructor	retained	Inferred	Retain physical/compiler projection label; no unique attached defining function body in the source inventory.	
recoil:function:0x434b70	0x434b70	HudUiSaveLoadDialog::ScalarDeletingDestructor	HudUiSaveLoadDialog::ScalarDeletingDestructor	retained	Inferred	Retain physical/compiler projection label; no unique attached defining function body in the source inventory.	
recoil:function:0x434b90	0x434b90	HudUiSaveLoadDialog::Constructor	HudUiSaveLoadDialog::Constructor	retained	Inferred	Retain physical/compiler projection label; no unique attached defining function body in the source inventory.	
recoil:function:0x434dc0	0x434dc0	HudUiLoadGameDialog::ProcessDialogResult	HudUiLoadGameDialog::ProcessDialogResult	retained	Inferred	Retain physical/compiler projection label; no unique attached defining function body in the source inventory.	
recoil:function:0x434dd0	0x434dd0	HudUiLoadGameDialog::ScalarDeletingDestructor	HudUiLoadGameDialog::ScalarDeletingDestructor	retained	Inferred	Retain physical/compiler projection label; no unique attached defining function body in the source inventory.	
recoil:function:0x434df0	0x434df0	HudUiLoadGameDialog::Destructor	HudUiLoadGameDialog::Destructor	retained	Inferred	Retain physical/compiler projection label; no unique attached defining function body in the source inventory.	
recoil:function:0x434ee0	0x434ee0	HudUiSaveLoadDialog::InitializeFileEntries	HudUiSaveLoadDialog::InitializeFileEntries	retained	Inferred	Retain physical/compiler projection label; no unique attached defining function body in the source inventory.	
recoil:function:0x434fb0	0x434fb0	HudUiSaveLoadDialog::DeleteSaveFile	HudUiSaveLoadDialog::DeleteSaveFile	retained	Inferred	Retain physical/compiler projection label; no unique attached defining function body in the source inventory.	
recoil:function:0x435140	0x435140	HudUiSaveLoadDeleteButton::OnActivate	HudUiSaveLoadDeleteButton::OnActivate	retained	Inferred	Retain physical/compiler projection label; no unique attached defining function body in the source inventory.	
recoil:function:0x435160	0x435160	HudUiSaveLoadNextButton::OnActivate	HudUiSaveLoadNextButton::OnActivate	retained	Inferred	Retain physical/compiler projection label; no unique attached defining function body in the source inventory.	
recoil:function:0x4351b0	0x4351b0	HudUiSaveLoadPrevButton::OnActivate	HudUiSaveLoadPrevButton::OnActivate	retained	Inferred	Retain physical/compiler projection label; no unique attached defining function body in the source inventory.	
recoil:function:0x435200	0x435200	HudUiLoadGamePrimaryActionButton::OnActivate	HudUiLoadGamePrimaryActionButton::OnActivate	retained	Inferred	Retain physical/compiler projection label; no unique attached defining function body in the source inventory.	
recoil:function:0x435220	0x435220	HudUiSaveGamePrimaryActionButton::OnActivate	HudUiSaveGamePrimaryActionButton::OnActivate	retained	Inferred	Retain physical/compiler projection label; no unique attached defining function body in the source inventory.	
recoil:function:0x435240	0x435240	HudUiLoadGameDialog::OnPrimaryAction	HudUiLoadGameDialog::OnPrimaryAction	retained	Inferred	Retain physical/compiler projection label; no unique attached defining function body in the source inventory.	
recoil:function:0x4353e0	0x4353e0	HudUiSaveGameDialog::SaveSelectedGameAndExitThunk	HudUiSaveGameDialog::SaveSelectedGameAndExitThunk	retained	Inferred	Retain physical/compiler projection label; no unique attached defining function body in the source inventory.	
recoil:function:0x4353f0	0x4353f0	HudUiSaveLoadDialog::SetSelectedEntryIndex	HudUiSaveLoadDialog::SetSelectedEntryIndex	retained	Inferred	Retain physical/compiler projection label; no unique attached defining function body in the source inventory.	
recoil:function:0x4355e0	0x4355e0	HudUiSaveLoadDialog::RefreshSaveFileList	HudUiSaveLoadDialog::RefreshSaveFileList	retained	Inferred	Retain physical/compiler projection label; no unique attached defining function body in the source inventory.	
recoil:function:0x435a10	0x435a10	HudUiSaveLoadListItem::OnActivate	HudUiSaveLoadListItem::OnActivate	retained	Inferred	Retain physical/compiler projection label; no unique attached defining function body in the source inventory.	
recoil:function:0x435a30	0x435a30	RecoilStateSaveLoadTransition::StaticInitAndRegisterAtExit	RecoilStateSaveLoadTransition::StaticInitAndRegisterAtExit	retained	Inferred	Retain physical/compiler projection label; no unique attached defining function body in the source inventory.	
recoil:function:0x435a40	0x435a40	RecoilStateSaveLoadTransition::StaticInit	RecoilStateSaveLoadTransition::StaticInit	retained	Inferred	Retain reconstructed descriptive spelling; exact original spelling is not established.	src/Battlesport/RecoilApp.cpp:7137
recoil:function:0x435a50	0x435a50	RecoilStateSaveLoadTransition::RegisterAtExit	RecoilStateSaveLoadTransition::RegisterAtExit	retained	Inferred	Retain reconstructed descriptive spelling; exact original spelling is not established.	src/Battlesport/RecoilApp.cpp:7146
recoil:function:0x435a60	0x435a60	RecoilStateSaveLoadTransition::AtExitDestructor	RecoilStateSaveLoadTransition::AtExitDestructor	retained	Inferred	Retain physical/compiler projection label; no unique attached defining function body in the source inventory.	
recoil:function:0x435a70	0x435a70	HudUiSaveLoadDialog::ProcessDialogResult	HudUiSaveLoadDialog::ProcessDialogResult	retained	Inferred	Retain physical/compiler projection label; no unique attached defining function body in the source inventory.	
recoil:function:0x435c80	0x435c80	RecoilStateSaveLoadTransition::Constructor	RecoilStateSaveLoadTransition::RecoilStateSaveLoadTransition	renamed	Inferred	Synchronize current defining source name; descriptive reconstruction, not recovered original spelling.	src/Battlesport/RecoilApp.cpp:7234
recoil:function:0x435ca0	0x435ca0	RecoilStateSaveLoadTransition::ScalarDeletingDestructor	RecoilStateSaveLoadTransition::ScalarDeletingDestructor	retained	Inferred	Retain physical/compiler projection label; no unique attached defining function body in the source inventory.	
recoil:function:0x435cc0	0x435cc0	RecoilStateSaveLoadTransition::Destructor	RecoilStateSaveLoadTransition::~RecoilStateSaveLoadTransition	renamed	Inferred	Synchronize current defining source name; descriptive reconstruction, not recovered original spelling.	src/Battlesport/RecoilApp.cpp:7244
recoil:function:0x435d20	0x435d20	RecoilStateSaveLoadTransition::OnTryBecomeCurrent	RecoilStateSaveLoadTransition::OnTryBecomeCurrent	retained	Inferred	Retain physical/compiler projection label; no unique attached defining function body in the source inventory.	
recoil:function:0x435e80	0x435e80	RecoilStateSaveLoadTransition::OnUpdateShouldQuit	RecoilStateDialogHost::OnUpdateShouldQuit	renamed	Inferred	Synchronize current defining source name; descriptive reconstruction, not recovered original spelling.	src/Battlesport/hud.cpp:13887
recoil:function:0x435ed0	0x435ed0	RecoilStateSaveLoadTransition::OnDeactivate	RecoilStateSaveLoadTransition::OnDeactivate	retained	Inferred	Retain physical/compiler projection label; no unique attached defining function body in the source inventory.	
recoil:function:0x435f50	0x435f50	RecoilStateSaveLoadTransition::QueueOpenSaveDialog	RecoilStateSaveLoadTransition::QueueOpenSaveDialog	retained	Inferred	Retain physical/compiler projection label; no unique attached defining function body in the source inventory.	
recoil:function:0x435f80	0x435f80	RecoilStateSaveLoadTransition::QueueOpenLoadDialog	RecoilStateSaveLoadTransition::QueueOpenLoadDialog	retained	Inferred	Retain physical/compiler projection label; no unique attached defining function body in the source inventory.	
recoil:function:0x436630	0x436630	zTurret_Runtime::InitDefaults	zTurret_Runtime::InitDefaults	retained	Inferred	Retain reconstructed descriptive spelling; exact original spelling is not established.	src/Battlesport/turret.cpp:126
recoil:function:0x4367a0	0x4367a0	zTurret_Runtime::InitFromReaderNode	zTurret_Runtime::InitFromReaderNode	retained	Inferred	Retain reconstructed descriptive spelling; exact original spelling is not established.	src/Battlesport/turret.cpp:209
recoil:function:0x436e00	0x436e00	zTurret_Runtime::Shutdown	zTurret_Runtime::Shutdown	retained	Inferred	Retain reconstructed descriptive spelling; exact original spelling is not established.	src/Battlesport/turret.cpp:528
recoil:function:0x436e20	0x436e20	zTurret_Runtime::HasActiveNode	zTurret_Runtime::HasActiveNode	retained	Inferred	Retain reconstructed descriptive spelling; exact original spelling is not established.	src/Battlesport/turret.cpp:544
recoil:function:0x436e40	0x436e40	zTurret_Runtime::Tick	zTurret_Runtime::Tick	retained	Inferred	Retain reconstructed descriptive spelling; exact original spelling is not established.	src/Battlesport/turret.cpp:558
recoil:function:0x437430	0x437430	zTurret_Runtime::UpdateFirePositionFromParts	zTurret_Runtime::UpdateFirePositionFromParts	retained	Inferred	Retain reconstructed descriptive spelling; exact original spelling is not established.	src/Battlesport/turret.cpp:755
recoil:function:0x4374a0	0x4374a0	zTurret_Runtime::UpdateAimAndPartMatrices	zTurret_Runtime::UpdateAimAndPartMatrices	retained	Inferred	Retain reconstructed descriptive spelling; exact original spelling is not established.	src/Battlesport/turret.cpp:782
recoil:function:0x437730	0x437730	zTurret_Runtime::SelectFirePointAndAimAtTarget	zTurret_Runtime::SelectFirePointAndAimAtTarget	retained	Inferred	Retain reconstructed descriptive spelling; exact original spelling is not established.	src/Battlesport/turret.cpp:863
recoil:function:0x437820	0x437820	zTurret_Runtime::FireWeapon	zTurret_Runtime::FireWeapon	retained	Inferred	Retain reconstructed descriptive spelling; exact original spelling is not established.	src/Battlesport/turret.cpp:895
recoil:function:0x437990	0x437990	zTurret_Runtime::UpdateFireBurstTimer	zTurret_Runtime::UpdateFireBurstTimer	retained	Inferred	Retain reconstructed descriptive spelling; exact original spelling is not established.	src/Battlesport/turret.cpp:954
recoil:function:0x4379f0	0x4379f0	zTurret_Runtime::ApplyDamageAndHandleDestruction	zTurret_Runtime::ApplyDamageAndHandleDestruction	retained	Inferred	Retain reconstructed descriptive spelling; exact original spelling is not established.	src/Battlesport/turret.cpp:975
recoil:function:0x437aa0	0x437aa0	zTurret_System::ResetIterationState	zTurret_System::ResetIterationState	retained	Inferred	Retain reconstructed descriptive spelling; exact original spelling is not established.	src/Battlesport/turret.cpp:1018
recoil:function:0x437ab0	0x437ab0	zTurret_System::Shutdown	zTurret_System::Shutdown	retained	Inferred	Retain reconstructed descriptive spelling; exact original spelling is not established.	src/Battlesport/turret.cpp:1032
recoil:function:0x437ac0	0x437ac0	zTurret_System::LoadDefinitionsFromPath	zTurret_System::LoadDefinitionsFromPath	retained	Inferred	Retain reconstructed descriptive spelling; exact original spelling is not established.	src/Battlesport/turret.cpp:1043
recoil:function:0x437ca0	0x437ca0	zTurret_System::TickAllRuntimesRoundRobin	zTurret_System::TickAllRuntimesRoundRobin	retained	Inferred	Retain reconstructed descriptive spelling; exact original spelling is not established.	src/Battlesport/turret.cpp:1128
recoil:function:0x437d40	0x437d40	zTurret_System::DisableTickCallback	zTurret_System::DisableTickCallback	retained	Inferred	Retain reconstructed descriptive spelling; exact original spelling is not established.	src/Battlesport/turret.cpp:1173
recoil:function:0x437d50	0x437d50	zTurret_System::EnableTickCallback	zTurret_System::EnableTickCallback	retained	Inferred	Retain reconstructed descriptive spelling; exact original spelling is not established.	src/Battlesport/turret.cpp:1185
recoil:function:0x437d60	0x437d60	zTurret_Runtime::OnDamage	zTurret_Runtime::OnDamage	retained	Inferred	Retain reconstructed descriptive spelling; exact original spelling is not established.	src/Battlesport/turret.cpp:1199
recoil:function:0x437dc0	0x437dc0	zTurret_System::FreeAllRuntimes	zTurret_System::FreeAllRuntimes	retained	Inferred	Retain reconstructed descriptive spelling; exact original spelling is not established.	src/Battlesport/turret.cpp:1222
recoil:function:0x437e50	0x437e50	zTurret_Runtime::FireWeaponCallback	zTurret_Runtime::FireWeaponCallback	retained	Inferred	Retain reconstructed descriptive spelling; exact original spelling is not established.	src/Battlesport/turret.cpp:1254
recoil:function:0x437e60	0x437e60	zClass_Node::SetContextRecursive	zClass_Node::SetContextRecursive	retained	Inferred	Retain reconstructed descriptive spelling; exact original spelling is not established.	src/GameZRecoil/zClass/Class.c:2321
recoil:function:0x437ea0	0x437ea0	zClass_Node::SetDiFlagBit0Recursive	zClass_Node::SetDiFlagBit0Recursive	retained	Inferred	Retain reconstructed descriptive spelling; exact original spelling is not established.	src/GameZRecoil/zClass/Class.c:2346
recoil:function:0x437ef0	0x437ef0	zVideo::HandleSoftwareModeHotkeyCommand	zVideo::HandleSoftwareModeHotkeyCommand	retained	Inferred	Retain reconstructed descriptive spelling; exact original spelling is not established.	src/GameZRecoil/zVideo/zvid_main.c:1941
recoil:function:0x438000	0x438000	zClass_Object3D_ModelRefLerpQueue::ClearGlobalState	zClass_Object3D_ModelRefLerpQueue::ClearGlobalState	retained	Inferred	Retain physical/compiler projection label; no unique attached defining function body in the source inventory.	
recoil:function:0x438020	0x438020	zClass_Object3D_ModelRefLerpQueue::Add	zClass_Object3D_ModelRefLerpQueue::Add	retained	Inferred	Retain reconstructed descriptive spelling; exact original spelling is not established.	src/GameZRecoil/zClass/Object3d.c:829
recoil:function:0x438180	0x438180	zClass_Object3D_ModelRefLerpQueue::Reset	zClass_Object3D_ModelRefLerpQueue::Reset	retained	Inferred	Retain reconstructed descriptive spelling; exact original spelling is not established.	src/GameZRecoil/zClass/Object3d.c:887
recoil:function:0x4381d0	0x4381d0	zClass_Object3D_ModelRefLerpQueue::Update	zClass_Object3D_ModelRefLerpQueue::Update	retained	Inferred	Retain reconstructed descriptive spelling; exact original spelling is not established.	src/GameZRecoil/zClass/Object3d.c:909
recoil:function:0x438350	0x438350	HudUi::ShowMessageBox	HudUi::ShowMessageBox	retained	Inferred	Retain reconstructed descriptive spelling; exact original spelling is not established.	src/Battlesport/util.cpp:70
recoil:function:0x4383e0	0x4383e0	zUtil_SaveGameStateList::Constructor	zUtilSaveGameStateListInit	renamed	Inferred	Synchronize current defining source name; descriptive reconstruction, not recovered original spelling.	src/Battlesport/util.cpp:87
recoil:function:0x438430	0x438430	zUtil_SaveGameState::FreeOwnedResources	zUtil_SaveGameState::FreeOwnedResources	retained	Inferred	Retain reconstructed descriptive spelling; exact original spelling is not established.	src/Battlesport/util.cpp:113
recoil:function:0x4384e0	0x4384e0	zUtil_SaveGameStateList::AllocAppend	zUtilSaveGameStateListAllocAppend	renamed	Inferred	Synchronize current defining source name; descriptive reconstruction, not recovered original spelling.	src/Battlesport/util.cpp:167
recoil:function:0x438540	0x438540	zUtil_SaveGameState::SelectModalStateByMasterType	zUtil_SaveGameState::SelectModalStateByMasterType	retained	Inferred	Retain reconstructed descriptive spelling; exact original spelling is not established.	src/Battlesport/player.cpp:1985
recoil:function:0x4385a0	0x4385a0	zUtil_SaveGameState::StartMasterTypeLoopSfxHandle	zUtil_SaveGameState::StartMasterTypeLoopSfxHandle	retained	Inferred	Retain reconstructed descriptive spelling; exact original spelling is not established.	src/Battlesport/player.cpp:2014
recoil:function:0x4385f0	0x4385f0	zUtil_SaveGameState::StartModalLoopSfxHandle	zUtil_SaveGameState::StartModalLoopSfxHandle	retained	Inferred	Retain reconstructed descriptive spelling; exact original spelling is not established.	src/Battlesport/player.cpp:2034
recoil:function:0x438630	0x438630	zUtil_SaveGameState::EnsureMasterTypeLoopSfxHandle	zUtil_SaveGameState::EnsureMasterTypeLoopSfxHandle	retained	Inferred	Retain reconstructed descriptive spelling; exact original spelling is not established.	src/Battlesport/player.cpp:2052
recoil:function:0x438660	0x438660	zUtil_SaveGameState::StopMasterTypeLoopSfxHandle	zUtil_SaveGameState::StopMasterTypeLoopSfxHandle	retained	Inferred	Retain reconstructed descriptive spelling; exact original spelling is not established.	src/Battlesport/player.cpp:2071
recoil:function:0x438690	0x438690	zUtil_SaveGameState::StopModalLoopSfxHandle	zUtil_SaveGameState::StopModalLoopSfxHandle	retained	Inferred	Retain reconstructed descriptive spelling; exact original spelling is not established.	src/Battlesport/player.cpp:2089
recoil:function:0x4386c0	0x4386c0	zUtil_SaveGameState::UpdateModalLoopSfx	zUtil_SaveGameState::UpdateModalLoopSfx	retained	Inferred	Retain reconstructed descriptive spelling; exact original spelling is not established.	src/Battlesport/player.cpp:2105
recoil:function:0x438920	0x438920	HudUiMgrSensor::TrackList_Add	HudUiMgrObjective::TrackListAdd	renamed	Inferred	Synchronize current defining source name; descriptive reconstruction, not recovered original spelling.	src/GameZRecoil/zUI/zui_widgets.cpp:1352
recoil:function:0x438980	0x438980	RecoilVersion::GetString	RecoilVersion::GetString	retained	Inferred	Retain reconstructed descriptive spelling; exact original spelling is not established.	src/Battlesport/version.cpp:12
recoil:function:0x438990	0x438990	PickupAirdropSpawnRef::InitNodesFromCarrierNodeName	PickupAirdropSpawnRef::InitNodesFromCarrierNodeName	retained	Inferred	Retain reconstructed descriptive spelling; exact original spelling is not established.	src/Battlesport/pickup.cpp:2513
recoil:function:0x4389c0	0x4389c0	PickupAirdropSpawnRef::SpawnPickupTypeAndRelay	PickupAirdropSpawnRef::SpawnPickupTypeAndRelay	retained	Inferred	Retain reconstructed descriptive spelling; exact original spelling is not established.	src/Battlesport/pickup.cpp:2528
recoil:function:0x438a20	0x438a20	PickupAirdropSpawnRef::CanSpawnWithClearance	PickupAirdropSpawnRef::CanSpawnWithClearance	retained	Inferred	Retain reconstructed descriptive spelling; exact original spelling is not established.	src/Battlesport/pickup.cpp:2556
recoil:function:0x438a70	0x438a70	PickupAirdropSpawnRef::GetWorldPos	PickupAirdropSpawnRef::GetWorldPos	retained	Inferred	Retain reconstructed descriptive spelling; exact original spelling is not established.	src/Battlesport/pickup.cpp:2579
recoil:function:0x438a90	0x438a90	PickupAirdropSpawnRef::InitGlobalFromCarrierNodeName	PickupAirdropSpawnRef::InitGlobalFromCarrierNodeName	retained	Inferred	Retain reconstructed descriptive spelling; exact original spelling is not established.	src/Battlesport/pickup.cpp:2589
recoil:function:0x438b10	0x438b10	PickupAirdropSpawnRef::ShutdownGlobal	PickupAirdropSpawnRef::ShutdownGlobal	retained	Inferred	Retain reconstructed descriptive spelling; exact original spelling is not established.	src/Battlesport/pickup.cpp:2607
recoil:function:0x438b30	0x438b30	PickupAirdropSpawnRef::TrySpawnRandomPickupFromGlobal	PickupAirdropSpawnRef::TrySpawnRandomPickupFromGlobal	retained	Inferred	Retain reconstructed descriptive spelling; exact original spelling is not established.	src/Battlesport/pickup.cpp:2621
recoil:function:0x438b60	0x438b60	Player::FreeAltWeaponTrailRuntimeStates	Player::FreeAltWeaponTrailRuntimeStates	retained	Inferred	Retain reconstructed descriptive spelling; exact original spelling is not established.	src/Battlesport/weapon.cpp:655
recoil:function:0x438ba0	0x438ba0	Player::LoadWeaponBanksAndSelectDefaults	Player::LoadWeaponBanksAndSelectDefaults	retained	Inferred	Retain reconstructed descriptive spelling; exact original spelling is not established.	src/Battlesport/weapon.cpp:679
recoil:function:0x4390d0	0x4390d0	Player::CacheGunHardpointsAndDetachDisplays	Player::CacheGunHardpointsAndDetachDisplays	retained	Inferred	Retain reconstructed descriptive spelling; exact original spelling is not established.	src/Battlesport/weapon.cpp:914
recoil:function:0x439260	0x439260	Player::HandleAltWeaponBankSelectInput	Player::HandleAltWeaponBankSelectInput	retained	Inferred	Retain reconstructed descriptive spelling; exact original spelling is not established.	src/Battlesport/weapon.cpp:1002
recoil:function:0x439460	0x439460	Player::HandlePrimaryWeaponVariantToggleInput	Player::HandlePrimaryWeaponVariantToggleInput	retained	Inferred	Retain reconstructed descriptive spelling; exact original spelling is not established.	src/Battlesport/weapon.cpp:1096
recoil:function:0x439540	0x439540	Player::ApplyAltWeaponSwitch	Player::ApplyAltWeaponSwitch	retained	Inferred	Retain reconstructed descriptive spelling; exact original spelling is not established.	src/Battlesport/weapon.cpp:1145
recoil:function:0x439600	0x439600	Player::ApplyPrimaryWeaponSwitch	Player::ApplyPrimaryWeaponSwitch	retained	Inferred	Retain reconstructed descriptive spelling; exact original spelling is not established.	src/Battlesport/weapon.cpp:1190
recoil:function:0x439690	0x439690	HudUiMgrSensor::UpdateTrackMarkersAndReticleTarget	HudUiMgrSensor::UpdateMarkersAndProgressFromVariantTag	renamed	Inferred	Synchronize current defining source name; descriptive reconstruction, not recovered original spelling.	src/Battlesport/weapon.cpp:1230
recoil:function:0x439990	0x439990	Player::ResetDamageStateAndTimedHitStatus	Player::ResetDamageStateAndTimedHitStatus	retained	Inferred	Retain reconstructed descriptive spelling; exact original spelling is not established.	src/Battlesport/weapon.cpp:1368
recoil:function:0x4399c0	0x4399c0	Player::ResetDamageVisualsAndTimedStatus	Player::ResetDamageVisualsAndTimedStatus	retained	Inferred	Retain reconstructed descriptive spelling; exact original spelling is not established.	src/Battlesport/weapon.cpp:1383
recoil:function:0x439b20	0x439b20	HudLowMeterLoopSound::SetLoopActive	HudLowMeterLoopSound::SetLoopActive	retained	Inferred	Retain reconstructed descriptive spelling; exact original spelling is not established.	src/Battlesport/weapon.cpp:1485
recoil:function:0x439b70	0x439b70	HudLowMeterLoopSound::Disable	HudLowMeterLoopSound::Disable	retained	Inferred	Retain reconstructed descriptive spelling; exact original spelling is not established.	src/Battlesport/weapon.cpp:1511
recoil:function:0x439ba0	0x439ba0	Player::TickAltGunRuntimeState	Player::TickAltGunRuntimeState	retained	Inferred	Retain reconstructed descriptive spelling; exact original spelling is not established.	src/Battlesport/weapon.cpp:1537
recoil:function:0x43a400	0x43a400	Player::ProcessPrimaryGunDispatchTick	Player::ProcessPrimaryGunDispatchTick	retained	Inferred	Retain reconstructed descriptive spelling; exact original spelling is not established.	src/Battlesport/weapon.cpp:1933
recoil:function:0x43a4f0	0x43a4f0	Player::UpdateGunAndTurretAimNodes	Player::UpdateGunAndTurretAimNodes	retained	Inferred	Retain reconstructed descriptive spelling; exact original spelling is not established.	src/Battlesport/weapon.cpp:1994
recoil:function:0x43a600	0x43a600	Player::UpdateAltGunAimDirection	Player::UpdateAltGunAimDirection	retained	Inferred	Retain reconstructed descriptive spelling; exact original spelling is not established.	src/Battlesport/weapon.cpp:2048
recoil:function:0x43a900	0x43a900	Player::DecayAndApplyAltFireSlotOffsetToNode	Player::DecayAndApplyAltFireSlotOffsetToNode	retained	Inferred	Retain reconstructed descriptive spelling; exact original spelling is not established.	src/Battlesport/weapon.cpp:2144
recoil:function:0x43a980	0x43a980	Player::ApplyGunFireSlotOffsetToNode	Player::ApplyGunFireSlotOffsetToNode	retained	Inferred	Retain reconstructed descriptive spelling; exact original spelling is not established.	src/Battlesport/weapon.cpp:2172
recoil:function:0x43aa30	0x43aa30	Player::SelectAltGunFirePointAndSlot	Player::SelectAltGunFirePointAndSlot	retained	Inferred	Retain reconstructed descriptive spelling; exact original spelling is not established.	src/Battlesport/weapon.cpp:2215
recoil:function:0x43acf0	0x43acf0	Player::SelectPrimaryGunFirePointAndSlot	Player::SelectPrimaryGunFirePointAndSlot	retained	Inferred	Retain reconstructed descriptive spelling; exact original spelling is not established.	src/Battlesport/weapon.cpp:2314
recoil:function:0x43afd0	0x43afd0	Player::ComposeAimBasisWorldMatrix	Player::ComposeAimBasisWorldMatrix	retained	Inferred	Retain reconstructed descriptive spelling; exact original spelling is not established.	src/Battlesport/weapon.cpp:2418
recoil:function:0x43b1b0	0x43b1b0	Player::BuildGunFireTransform	Player::BuildGunFireTransform	retained	Inferred	Retain reconstructed descriptive spelling; exact original spelling is not established.	src/Battlesport/weapon.cpp:2470
recoil:function:0x43b3e0	0x43b3e0	Player::UpdateAltGunAimBasisOrigin	Player::UpdateAltGunAimBasisOrigin	retained	Inferred	Retain reconstructed descriptive spelling; exact original spelling is not established.	src/Battlesport/weapon.cpp:2531
recoil:function:0x43b500	0x43b500	Player::ApplyAimPitchToDirection	Player::ApplyAimPitchToDirection	retained	Inferred	Retain reconstructed descriptive spelling; exact original spelling is not established.	src/Battlesport/weapon.cpp:2571
recoil:function:0x43b5d0	0x43b5d0	Player::ApplyStatusMeterChange	Player::ApplyStatusMeterChange	retained	Inferred	Retain reconstructed descriptive spelling; exact original spelling is not established.	src/Battlesport/weapon.cpp:2618
recoil:function:0x43b660	0x43b660	Player::UpdateStatusMeter	Player::UpdateStatusMeter	retained	Inferred	Retain reconstructed descriptive spelling; exact original spelling is not established.	src/Battlesport/weapon.cpp:2657
recoil:function:0x43b730	0x43b730	Player::RecordRecentHitFeedback	Player::RecordRecentHitFeedback	retained	Inferred	Retain reconstructed descriptive spelling; exact original spelling is not established.	src/Battlesport/weapon.cpp:2694
recoil:function:0x43b790	0x43b790	Player::UpdateTimedHitStatusFromHitSource	Player::UpdateTimedHitStatusFromHitSource	retained	Inferred	Retain reconstructed descriptive spelling; exact original spelling is not established.	src/Battlesport/weapon.cpp:2731
recoil:function:0x43b800	0x43b800	Player::ClearDestroyedRespawnEffectHandleCallback	Player::ClearDestroyedRespawnEffectHandleCallback	retained	Inferred	Retain reconstructed descriptive spelling; exact original spelling is not established.	src/Battlesport/weapon.cpp:2766
recoil:function:0x43b810	0x43b810	Player::HitCallback_RecordNetContextAndTimedStatus	Player::HitCallbackRecordNetContextAndTimedStatus	renamed	Inferred	Synchronize current defining source name; descriptive reconstruction, not recovered original spelling.	src/Battlesport/weapon.cpp:2785
recoil:function:0x43b870	0x43b870	Player::HitCallback_RecordContextAndTimedStatus	Player::HitCallbackRecordContextAndTimedStatus	renamed	Inferred	Synchronize current defining source name; descriptive reconstruction, not recovered original spelling.	src/Battlesport/weapon.cpp:2820
recoil:function:0x43bc40	0x43bc40	Player::EnterLocalInactiveDestroyedLifecycle	Player::EnterLocalInactiveDestroyedLifecycle	retained	Inferred	Retain reconstructed descriptive spelling; exact original spelling is not established.	src/Battlesport/weapon.cpp:2991
recoil:function:0x43bcc0	0x43bcc0	Player::EnterDestroyedState	Player::EnterDestroyedState	retained	Inferred	Retain reconstructed descriptive spelling; exact original spelling is not established.	src/Battlesport/weapon.cpp:3037
recoil:function:0x43c010	0x43c010	Player::ApplyDamageLocal	Player::ApplyDamageLocal	retained	Inferred	Retain physical/compiler projection label; no unique attached defining function body in the source inventory.	
recoil:function:0x43c0c0	0x43c0c0	Player::StartDestroyedStateVehicleEffect	Player::StartDestroyedStateVehicleEffect	retained	Inferred	Retain reconstructed descriptive spelling; exact original spelling is not established.	src/Battlesport/weapon.cpp:3248
recoil:function:0x43c190	0x43c190	Player::ProcessAltGunDispatchRequest	Player::ProcessAltGunDispatchRequest	retained	Inferred	Retain reconstructed descriptive spelling; exact original spelling is not established.	src/Battlesport/weapon.cpp:3297
recoil:function:0x43c2d0	0x43c2d0	Player::UpdateContinuousAltGunFireController	Player::UpdateContinuousAltGunFireController	retained	Inferred	Retain reconstructed descriptive spelling; exact original spelling is not established.	src/Battlesport/weapon.cpp:3375
recoil:function:0x43c330	0x43c330	Player::EnsureGunAuxEffectActive	Player::EnsureGunAuxEffectActive	retained	Inferred	Retain reconstructed descriptive spelling; exact original spelling is not established.	src/Battlesport/weapon.cpp:3406
recoil:function:0x43c430	0x43c430	Player::AltGunLaunchProjectile	Player::AltGunLaunchProjectile	retained	Inferred	Retain reconstructed descriptive spelling; exact original spelling is not established.	src/Battlesport/weapon.cpp:3457
recoil:function:0x43c550	0x43c550	Player::AltGunFireSimpleProjectile	Player::AltGunFireSimpleProjectile	retained	Inferred	Retain reconstructed descriptive spelling; exact original spelling is not established.	src/Battlesport/weapon.cpp:3529
recoil:function:0x43c630	0x43c630	Player::IsAltWeaponAllowedInCurrentMasterMode	Player::IsAltWeaponAllowedInCurrentMasterMode	retained	Inferred	Retain reconstructed descriptive spelling; exact original spelling is not established.	src/Battlesport/weapon.cpp:3572
recoil:function:0x43c660	0x43c660	Player::AutoSwitchToNextUsableAltWeapon	Player::AutoSwitchToNextUsableAltWeapon	retained	Inferred	Retain reconstructed descriptive spelling; exact original spelling is not established.	src/Battlesport/weapon.cpp:3593
recoil:function:0x43c800	0x43c800	Player::ResetAltGunDoorAnimationState	Player::ResetAltGunDoorAnimationState	retained	Inferred	Retain physical/compiler projection label; no unique attached defining function body in the source inventory.	
recoil:function:0x43c850	0x43c850	Player::ResetAltGunRuntimeState	Player::ResetAltGunRuntimeState	retained	Inferred	Retain reconstructed descriptive spelling; exact original spelling is not established.	src/Battlesport/weapon.cpp:3687
recoil:function:0x43c950	0x43c950	Player::RemoveAllDeployedMines	Player::RemoveAllDeployedMines	retained	Inferred	Retain reconstructed descriptive spelling; exact original spelling is not established.	src/Battlesport/weapon.cpp:3754
recoil:function:0x43c9c0	0x43c9c0	Player::FindAltGunFireControllerForWeaponId	Player::FindAltGunFireControllerForWeaponId	retained	Inferred	Retain reconstructed descriptive spelling; exact original spelling is not established.	src/Battlesport/weapon.cpp:3787
recoil:function:0x43ca20	0x43ca20	zWeapon_OptCatalog::LoadKillVerbString	zWeapon_OptCatalog::LoadKillVerbString	retained	Inferred	Retain reconstructed descriptive spelling; exact original spelling is not established.	src/Battlesport/weapon.cpp:3820
recoil:function:0x43ca90	0x43ca90	Player::CheckMissionWeaponAvailability	Player::CheckMissionWeaponAvailability	retained	Inferred	Retain reconstructed descriptive spelling; exact original spelling is not established.	src/Battlesport/weapon.cpp:3847
recoil:function:0x43cc70	0x43cc70	Player::WriteMinesZarSection	Player::WriteMinesZarSection	retained	Inferred	Retain reconstructed descriptive spelling; exact original spelling is not established.	src/Battlesport/weapon.cpp:3893
recoil:function:0x43cdf0	0x43cdf0	Player::Mines_ZAR_ReadEntryOrReset	Player::MinesZARReadEntryOrReset	renamed	Inferred	Synchronize current defining source name; descriptive reconstruction, not recovered original spelling.	src/Battlesport/weapon.cpp:3948
recoil:function:0x43ce80	0x43ce80	NetUi::VerifyWinsock2OrPromptContinue	NetUi::VerifyWinsock2OrPromptContinue	retained	Inferred	Retain reconstructed descriptive spelling; exact original spelling is not established.	src/Battlesport/WinSock.cpp:18
recoil:function:0x43cf40	0x43cf40	Net::FormatIpv4Address	Net::FormatIpv4Address	retained	Inferred	Retain reconstructed descriptive spelling; exact original spelling is not established.	src/Battlesport/WinSock.cpp:61
recoil:function:0x43cf90	0x43cf90	WestwoodOnlineUpgradeDialog::UpdateSessionListQueryFromControls	WestwoodOnlineUpgradeDialog::UpdateSessionListQueryFromControls	retained	Inferred	Retain reconstructed descriptive spelling; exact original spelling is not established.	src/Battlesport/WOL.cpp:1086
recoil:function:0x43d060	0x43d060	WestwoodOnlineUpgradeDialog::AppendStatusTextFmt	WestwoodOnlineUpgradeDialog::AppendStatusTextFmt	retained	Inferred	Retain reconstructed descriptive spelling; exact original spelling is not established.	src/Battlesport/WOL.cpp:1117
recoil:function:0x43d130	0x43d130	WestwoodOnlineUpgradeApi::CreateInstanceAndLoadConfig	WestwoodOnlineUpgradeApi::CreateInstanceAndLoadConfig	retained	Inferred	Retain reconstructed descriptive spelling; exact original spelling is not established.	src/Battlesport/WOL.cpp:1167
recoil:function:0x43d280	0x43d280	WestwoodOnlineUpgradeApi::Shutdown	WestwoodOnlineUpgradeApi::Shutdown	retained	Inferred	Retain reconstructed descriptive spelling; exact original spelling is not established.	src/Battlesport/WOL.cpp:1226
recoil:function:0x43d2e0	0x43d2e0	WestwoodOnlineUpgradeApi::Init	WestwoodOnlineUpgradeApi::Init	retained	Inferred	Retain reconstructed descriptive spelling; exact original spelling is not established.	src/Battlesport/WOL.cpp:1250
recoil:function:0x43d650	0x43d650	WestwoodOnlineUpgradeDialog::AppendConnectStatusAndRefreshList	WestwoodOnlineUpgradeDialog::AppendConnectStatusAndRefreshList	retained	Inferred	Retain reconstructed descriptive spelling; exact original spelling is not established.	src/Battlesport/WOL.cpp:1359
recoil:function:0x43d6a0	0x43d6a0	WestwoodOnlineUpgradeDialog::SetAbortAndClose	WestwoodOnlineUpgradeDialog::SetAbortAndClose	retained	Inferred	Retain reconstructed descriptive spelling; exact original spelling is not established.	src/Battlesport/WOL.cpp:1373
recoil:function:0x43d6b0	0x43d6b0	WestwoodOnlineUpgradeDialog::EnableQueryControls	WestwoodOnlineUpgradeDialog::EnableQueryControls	retained	Inferred	Retain reconstructed descriptive spelling; exact original spelling is not established.	src/Battlesport/WOL.cpp:1384
recoil:function:0x43d720	0x43d720	WestwoodOnlineUpgradeDialog::EnableConnectButton	WestwoodOnlineUpgradeDialog::EnableConnectButton	retained	Inferred	Retain reconstructed descriptive spelling; exact original spelling is not established.	src/Battlesport/WOL.cpp:1401
recoil:function:0x43d740	0x43d740	WestwoodOnlineUpgradeDialog::Constructor	WestwoodOnlineUpgradeDialog::WestwoodOnlineUpgradeDialog	renamed	Inferred	Synchronize current defining source name; descriptive reconstruction, not recovered original spelling.	src/Battlesport/WOL.cpp:1413
recoil:function:0x43d980	0x43d980	WestwoodOnlineUpgradeDialog::ScalarDeletingDestructor	WestwoodOnlineUpgradeDialog::ScalarDeletingDestructor	retained	Inferred	Retain physical/compiler projection label; no unique attached defining function body in the source inventory.	
recoil:function:0x43d9a0	0x43d9a0	WestwoodOnlineUpgradeDialog::Destructor	WestwoodOnlineUpgradeDialog::Destructor	retained	Inferred	Retain reconstructed descriptive spelling; exact original spelling is not established.	src/Battlesport/WOL.cpp:1457
recoil:function:0x43db20	0x43db20	WestwoodOnlineUpgradeDialog::DoDataExchange	WestwoodOnlineUpgradeDialog::DoDataExchange	retained	Inferred	Retain reconstructed descriptive spelling; exact original spelling is not established.	src/Battlesport/WOL.cpp:1466
recoil:function:0x43dcc0	0x43dcc0	WestwoodOnlineUpgradeDialog::GetMessageMap	WestwoodOnlineUpgradeDialog::GetMessageMap	retained	Inferred	Retain reconstructed descriptive spelling; exact original spelling is not established.	src/Battlesport/WOL.cpp:1568
recoil:function:0x43dcd0	0x43dcd0	WestwoodOnlineUpgradeDialog::OnInitDialogBootstrap	WestwoodOnlineUpgradeDialog::OnInitDialog	renamed	Inferred	Synchronize current defining source name; descriptive reconstruction, not recovered original spelling.	src/Battlesport/WOL.cpp:1578
recoil:function:0x43dfe0	0x43dfe0	WestwoodOnlineUpgradeDialog::OnRefreshListTimer	WestwoodOnlineUpgradeDialog::OnRefreshListTimer	retained	Inferred	Retain reconstructed descriptive spelling; exact original spelling is not established.	src/Battlesport/WOL.cpp:1641
recoil:function:0x43e040	0x43e040	WestwoodOnlineUpgradeDialog::OnBrowseRecordListDblClk	WestwoodOnlineUpgradeDialog::OnBrowseRecordListDblClk	retained	Inferred	Retain reconstructed descriptive spelling; exact original spelling is not established.	src/Battlesport/WOL.cpp:1664
recoil:function:0x43e160	0x43e160	WestwoodOnlineUpgradeDialog::OnDestroy	WestwoodOnlineUpgradeDialog::OnDestroy	retained	Inferred	Retain reconstructed descriptive spelling; exact original spelling is not established.	src/Battlesport/WOL.cpp:1710
recoil:function:0x43e1c0	0x43e1c0	WestwoodOnlineUpgradeDialog::SubmitVisibleSessionRequestsAndStatusText	WestwoodOnlineUpgradeDialog::SubmitVisibleSessionRequestsAndStatusText	retained	Inferred	Retain physical/compiler projection label; no unique attached defining function body in the source inventory.	
recoil:function:0x43e3a0	0x43e3a0	WestwoodOnlineUpgrade::DestroyPendingStatusText	WestwoodOnlineUpgrade::DestroyPendingStatusText	retained	Inferred	Retain physical/compiler projection label; no unique attached defining function body in the source inventory.	
recoil:function:0x43e3b0	0x43e3b0	WestwoodOnlineUpgradeDialog::ResetSelectedBrowseRecordAndRefreshList	WestwoodOnlineUpgradeDialog::ResetSelectedBrowseRecordAndRefreshList	retained	Inferred	Retain reconstructed descriptive spelling; exact original spelling is not established.	src/Battlesport/WOL.cpp:1809
recoil:function:0x43e450	0x43e450	WestwoodOnlineUpgradeDialog::BeginDisconnectAndShowProgress	WestwoodOnlineUpgradeDialog::BeginDisconnectAndShowProgress	retained	Inferred	Retain reconstructed descriptive spelling; exact original spelling is not established.	src/Battlesport/WOL.cpp:1836
recoil:function:0x43e4b0	0x43e4b0	WestwoodOnlineUpgradeDialog::BeginConnect	WestwoodOnlineUpgradeDialog::BeginConnect	retained	Inferred	Retain reconstructed descriptive spelling; exact original spelling is not established.	src/Battlesport/WOL.cpp:1859
recoil:function:0x43e520	0x43e520	WestwoodOnlineUpgradeDialog::CheckAndApplyUpgrade	WestwoodOnlineUpgradeDialog::CheckAndApplyUpgrade	retained	Inferred	Retain reconstructed descriptive spelling; exact original spelling is not established.	src/Battlesport/WOL.cpp:1883
recoil:function:0x43e550	0x43e550	WestwoodOnlineUpgradeDialog::QueryStatus	WestwoodOnlineUpgradeDialog::QueryStatus	retained	Inferred	Retain reconstructed descriptive spelling; exact original spelling is not established.	src/Battlesport/WOL.cpp:1898
recoil:function:0x43e680	0x43e680	WestwoodOnlineUpgradeDialog::RequestActiveListMode	WestwoodOnlineUpgradeDialog::RequestActiveListMode	retained	Inferred	Retain reconstructed descriptive spelling; exact original spelling is not established.	src/Battlesport/WOL.cpp:1933
recoil:function:0x43e6a0	0x43e6a0	WestwoodOnlineUpgradeDialog::OnRefreshCurrentQuery	WestwoodOnlineUpgradeDialog::OnRefreshCurrentQuery	retained	Inferred	Retain reconstructed descriptive spelling; exact original spelling is not established.	src/Battlesport/WOL.cpp:1943
recoil:function:0x43e900	0x43e900	WestwoodOnlineUpgradeDialog::OnQuerySessionsByName	WestwoodOnlineUpgradeDialog::OnQuerySessionsByName	retained	Inferred	Retain reconstructed descriptive spelling; exact original spelling is not established.	src/Battlesport/WOL.cpp:2008
recoil:function:0x43ebd0	0x43ebd0	WestwoodOnlineUpgradeDialog::ClearStatusList	WestwoodOnlineUpgradeDialog::ClearStatusList	retained	Inferred	Retain reconstructed descriptive spelling; exact original spelling is not established.	src/Battlesport/WOL.cpp:2079
recoil:function:0x43ec00	0x43ec00	WestwoodOnlineUpgradeDialog::QueueVisibleSessionRequests	WestwoodOnlineUpgradeDialog::QueueVisibleSessionRequests	retained	Inferred	Retain reconstructed descriptive spelling; exact original spelling is not established.	src/Battlesport/WOL.cpp:2089
recoil:function:0x43ed10	0x43ed10	WestwoodOnlineUpgradeDialog::QueueVisibleSessionRequestsAndLookupBrowseRecords	WestwoodOnlineUpgradeDialog::QueueVisibleSessionRequestsAndLookupBrowseRecords	retained	Inferred	Retain physical/compiler projection label; no unique attached defining function body in the source inventory.	
recoil:function:0x43ee40	0x43ee40	WestwoodOnlineUpgradeDialog::RequestListMode0	WestwoodOnlineUpgradeDialog::RequestListMode0	retained	Inferred	Retain reconstructed descriptive spelling; exact original spelling is not established.	src/Battlesport/WOL.cpp:2179
recoil:function:0x43ee60	0x43ee60	WestwoodOnlineUpgradeDialog::RequestListMode11	WestwoodOnlineUpgradeDialog::RequestListMode11	retained	Inferred	Retain reconstructed descriptive spelling; exact original spelling is not established.	src/Battlesport/WOL.cpp:2192
recoil:function:0x43ee80	0x43ee80	WestwoodOnlineUpgradeDialog::OnSessionModeComboSelChange	WestwoodOnlineUpgradeDialog::OnSessionModeComboSelChange	retained	Inferred	Retain reconstructed descriptive spelling; exact original spelling is not established.	src/Battlesport/WOL.cpp:2204
recoil:function:0x43ef10	0x43ef10	WestwoodOnlineUpgradeDialog::SubmitPendingSessionListFromResults	WestwoodOnlineUpgradeDialog::SubmitPendingSessionListFromResults	retained	Inferred	Retain reconstructed descriptive spelling; exact original spelling is not established.	src/Battlesport/WOL.cpp:2234
recoil:function:0x43efc0	0x43efc0	WestwoodOnlineUpgradeDialog::OnQueryControlsChanged	WestwoodOnlineUpgradeDialog::OnQueryControlsChanged	retained	Inferred	Retain reconstructed descriptive spelling; exact original spelling is not established.	src/Battlesport/WOL.cpp:2277
recoil:function:0x43efd0	0x43efd0	WestwoodOnlineUpgradeDialog::OnMaxPlayersEditChange	WestwoodOnlineUpgradeDialog::OnMaxPlayersEditChange	retained	Inferred	Retain reconstructed descriptive spelling; exact original spelling is not established.	src/Battlesport/WOL.cpp:2286
recoil:function:0x43efe0	0x43efe0	WestwoodOnlineUpgradeDialog::ShowModalAndGetSelectedMissionIndex	WestwoodOnlineUpgradeDialog::ShowModalAndGetSelectedMissionIndex	retained	Inferred	Retain reconstructed descriptive spelling; exact original spelling is not established.	src/Battlesport/WOL.cpp:2300
recoil:function:0x43f440	0x43f440	WestwoodOnlineUpgradeProgressDialog::Destructor	WestwoodOnlineUpgradeProgressDialog::Destructor	retained	Inferred	Retain physical/compiler projection label; no unique attached defining function body in the source inventory.	
recoil:function:0x43f450	0x43f450	WestwoodOnlineUpgradeDialog::OnMaxPlayersEditKillFocus	WestwoodOnlineUpgradeDialog::OnMaxPlayersEditKillFocus	retained	Inferred	Retain reconstructed descriptive spelling; exact original spelling is not established.	src/Battlesport/WOL.cpp:2331
recoil:function:0x43f4d0	0x43f4d0	WestwoodOnlineUpgradeDialog::OnAuxParamEditKillFocus	WestwoodOnlineUpgradeDialog::OnAuxParamEditKillFocus	retained	Inferred	Retain reconstructed descriptive spelling; exact original spelling is not established.	src/Battlesport/WOL.cpp:2356
recoil:function:0x43f550	0x43f550	WestwoodOnlineUpgradeDialog::OnValueOrTimeEditKillFocus	WestwoodOnlineUpgradeDialog::OnValueOrTimeEditKillFocus	retained	Inferred	Retain reconstructed descriptive spelling; exact original spelling is not established.	src/Battlesport/WOL.cpp:2381
recoil:function:0x43f5d0	0x43f5d0	WestwoodOnlineUpgrade::TruncateStringAtFirstSpace	WestwoodOnlineUpgrade::TruncateStringAtFirstSpace	retained	Inferred	Retain reconstructed descriptive spelling; exact original spelling is not established.	src/Battlesport/WOL.cpp:2409
recoil:function:0x43f610	0x43f610	WestwoodOnlineUpgradeApiEventSink::CreateInstance	WestwoodOnlineUpgradeApiEventSink::CreateInstance	retained	Inferred	Retain reconstructed descriptive spelling; exact original spelling is not established.	src/Battlesport/WOL.cpp:2427
recoil:function:0x43f682	0x43f682	MsvcEh::FuncletJump_43F682	MsvcEh::FuncletJump_43F682	retained	Inferred	Retain physical/compiler projection label; no unique attached defining function body in the source inventory.	
recoil:function:0x43f688	0x43f688	MsvcEh_FuncletJump_43f682	MsvcEh_FuncletJump_43f682	retained	Inferred	Retain physical/compiler projection label; no unique attached defining function body in the source inventory.	
recoil:function:0x43f6b0	0x43f6b0	WestwoodOnlineUpgradeDialog::OnBootstrapServerList	WestwoodOnlineUpgradeApiEventSink::OnBootstrapServerList	renamed	Inferred	Synchronize current defining source name; descriptive reconstruction, not recovered original spelling.	src/Battlesport/WOL.cpp:2448
recoil:function:0x43f830	0x43f830	WestwoodOnlineUpgradeApiEventSink::OnDownloadReadyResult	WestwoodOnlineUpgradeApiEventSink::OnDownloadReadyResult	retained	Inferred	Retain reconstructed descriptive spelling; exact original spelling is not established.	src/Battlesport/WOL.cpp:2523
recoil:function:0x43f9d0	0x43f9d0	WestwoodOnlineUpgradeApiEventSink::OnPendingSessionRequestRemoved	WestwoodOnlineUpgradeApiEventSink::OnPendingSessionRequestRemoved	retained	Inferred	Retain reconstructed descriptive spelling; exact original spelling is not established.	src/Battlesport/WOL.cpp:2570
recoil:function:0x43fa70	0x43fa70	WestwoodOnlineUpgradeApiEventSink::OnServerError	WestwoodOnlineUpgradeApiEventSink::OnServerError	retained	Inferred	Retain reconstructed descriptive spelling; exact original spelling is not established.	src/Battlesport/WOL.cpp:2615
recoil:function:0x43fa90	0x43fa90	WestwoodOnlineUpgradeApiEventSink::OnApiStatus	WestwoodOnlineUpgradeApiEventSink::OnApiStatus	retained	Inferred	Retain reconstructed descriptive spelling; exact original spelling is not established.	src/Battlesport/WOL.cpp:2629
recoil:function:0x43fde0	0x43fde0	WestwoodOnlineUpgradeApiEventSink::OnStatusTextReceived	WestwoodOnlineUpgradeApiEventSink::OnStatusTextReceived	retained	Inferred	Retain reconstructed descriptive spelling; exact original spelling is not established.	src/Battlesport/WOL.cpp:2733
recoil:function:0x43fe50	0x43fe50	WestwoodOnlineUpgradeApiEventSink::OnBrowseRecordAdded	WestwoodOnlineUpgradeApiEventSink::OnBrowseRecordAdded	retained	Inferred	Retain reconstructed descriptive spelling; exact original spelling is not established.	src/Battlesport/WOL.cpp:2759
recoil:function:0x43ff80	0x43ff80	WestwoodOnlineUpgradeApiEventSink::OnBrowseRecordAndSessionResolved	WestwoodOnlineUpgradeApiEventSink::OnBrowseRecordAndSessionResolved	retained	Inferred	Retain reconstructed descriptive spelling; exact original spelling is not established.	src/Battlesport/WOL.cpp:2816
recoil:function:0x4401d0	0x4401d0	WestwoodOnlineUpgradeApiEventSink::OnSessionQueryFinished	WestwoodOnlineUpgradeApiEventSink::OnSessionQueryFinished	retained	Inferred	Retain reconstructed descriptive spelling; exact original spelling is not established.	src/Battlesport/WOL.cpp:2904
recoil:function:0x4402c0	0x4402c0	WestwoodOnlineUpgradeApiEventSink::OnSessionListEnumerated	WestwoodOnlineUpgradeApiEventSink::OnSessionListEnumerated	retained	Inferred	Retain reconstructed descriptive spelling; exact original spelling is not established.	src/Battlesport/WOL.cpp:2965
recoil:function:0x4404c0	0x4404c0	WestwoodOnlineUpgradeApiEventSink::LaunchSelectedSession	WestwoodOnlineUpgradeApiEventSink::LaunchSelectedSession	retained	Inferred	Retain reconstructed descriptive spelling; exact original spelling is not established.	src/Battlesport/WOL.cpp:3054
recoil:function:0x4407e0	0x4407e0	WestwoodOnlineUpgradeApiEventSink::ApplyEncodedQueryString1	WestwoodOnlineUpgradeApiEventSink::ApplyEncodedQueryString1	retained	Inferred	Retain reconstructed descriptive spelling; exact original spelling is not established.	src/Battlesport/WOL.cpp:3174
recoil:function:0x440a30	0x440a30	WestwoodOnlineUpgradeApiEventSink::ApplyEncodedQueryString0	WestwoodOnlineUpgradeApiEventSink::ApplyEncodedQueryString0	retained	Inferred	Retain reconstructed descriptive spelling; exact original spelling is not established.	src/Battlesport/WOL.cpp:3221
recoil:function:0x440c80	0x440c80	WestwoodOnlineUpgradeApiEventSink::AppendSessionRequestStatus301B	WestwoodOnlineUpgradeApiEventSink::AppendSessionRequestStatus301B	retained	Inferred	Retain reconstructed descriptive spelling; exact original spelling is not established.	src/Battlesport/WOL.cpp:3269
recoil:function:0x440ce0	0x440ce0	WestwoodOnlineUpgradeApiEventSink::AppendSessionRequestStatus301C	WestwoodOnlineUpgradeApiEventSink::AppendSessionRequestStatus301C	retained	Inferred	Retain reconstructed descriptive spelling; exact original spelling is not established.	src/Battlesport/WOL.cpp:3299
recoil:function:0x440d40	0x440d40	WestwoodOnlineUpgradeApiEventSink::AppendSessionRequestStatus301D	WestwoodOnlineUpgradeApiEventSink::AppendSessionRequestStatus301D	retained	Inferred	Retain reconstructed descriptive spelling; exact original spelling is not established.	src/Battlesport/WOL.cpp:3328
recoil:function:0x440d90	0x440d90	WestwoodOnlineUpgradeApiEventSink::AppendConnectStatus301E_3021	WestwoodOnlineUpgradeApiEventSink::AppendConnectStatus301ETo3021	renamed	Inferred	Synchronize current defining source name; descriptive reconstruction, not recovered original spelling.	src/Battlesport/WOL.cpp:3351
recoil:function:0x440e10	0x440e10	WestwoodOnlineUpgradeApiEventSink::AppendBrowseRecordStatus3022_3025	WestwoodOnlineUpgradeApiEventSink::AppendBrowseRecordStatus3022To3025	renamed	Inferred	Synchronize current defining source name; descriptive reconstruction, not recovered original spelling.	src/Battlesport/WOL.cpp:3381
recoil:function:0x440ef0	0x440ef0	WestwoodOnlineUpgradeApiEventSink::AppendValueStatus3026	WestwoodOnlineUpgradeApiEventSink::AppendValueStatus3026	retained	Inferred	Retain reconstructed descriptive spelling; exact original spelling is not established.	src/Battlesport/WOL.cpp:3427
recoil:function:0x440f40	0x440f40	WestwoodOnlineUpgradeApiEventSink::OnNetworkStatusChanged	WestwoodOnlineUpgradeApiEventSink::OnNetworkStatusChanged	retained	Inferred	Retain reconstructed descriptive spelling; exact original spelling is not established.	src/Battlesport/WOL.cpp:3452
recoil:function:0x441040	0x441040	WestwoodOnlineUpgradeApiEventSink::OnBrowseRecordListReceived	WestwoodOnlineUpgradeApiEventSink::OnBrowseRecordListReceived	retained	Inferred	Retain reconstructed descriptive spelling; exact original spelling is not established.	src/Battlesport/WOL.cpp:3501
recoil:function:0x4411c0	0x4411c0	WestwoodOnlineUpgradeApiEventSink::AppendSessionRequestStatus301C_Alt0	WestwoodOnlineUpgradeApiEventSink::AppendSessionRequestStatus301C_Alt0	retained	Inferred	Retain reconstructed descriptive spelling; exact original spelling is not established.	src/Battlesport/WOL.cpp:3591
recoil:function:0x441200	0x441200	WestwoodOnlineUpgradeApiEventSink::AppendSessionRequestStatus301C_Alt1	WestwoodOnlineUpgradeApiEventSink::AppendSessionRequestStatus301C_Alt1	retained	Inferred	Retain reconstructed descriptive spelling; exact original spelling is not established.	src/Battlesport/WOL.cpp:3615
recoil:function:0x441240	0x441240	WestwoodOnlineUpgradeApiEventSink::CallbackNoOp0	WestwoodOnlineUpgradeApiEventSink::CallbackNoOp0	retained	Inferred	Retain reconstructed descriptive spelling; exact original spelling is not established.	src/Battlesport/WOL.cpp:3640
recoil:function:0x441250	0x441250	WestwoodOnlineUpgradeApiEventSink::CallbackNoOp1	WestwoodOnlineUpgradeApiEventSink::CallbackNoOp1	retained	Inferred	Retain reconstructed descriptive spelling; exact original spelling is not established.	src/Battlesport/WOL.cpp:3655
recoil:function:0x441260	0x441260	WestwoodOnlineUpgradeApiEventSink::AppendTimeStatus302A	WestwoodOnlineUpgradeApiEventSink::AppendTimeStatus302A	retained	Inferred	Retain reconstructed descriptive spelling; exact original spelling is not established.	src/Battlesport/WOL.cpp:3667
recoil:function:0x4412c0	0x4412c0	WestwoodOnlineUpgradeApiEventSink::AppendValueStatus302B_302C	WestwoodOnlineUpgradeApiEventSink::AppendValueStatus302BTo302C	renamed	Inferred	Synchronize current defining source name; descriptive reconstruction, not recovered original spelling.	src/Battlesport/WOL.cpp:3695
recoil:function:0x441350	0x441350	WestwoodOnlineUpgradeApiEventSink::UpdateSessionResultItemFlags	WestwoodOnlineUpgradeApiEventSink::UpdateSessionResultItemFlags	retained	Inferred	Retain reconstructed descriptive spelling; exact original spelling is not established.	src/Battlesport/WOL.cpp:3728
recoil:function:0x441480	0x441480	WestwoodOnlineUpgradeApiEventSink::OnSessionLaunchResult	WestwoodOnlineUpgradeApiEventSink::OnSessionLaunchResult	retained	Inferred	Retain reconstructed descriptive spelling; exact original spelling is not established.	src/Battlesport/WOL.cpp:3786
recoil:function:0x441600	0x441600	WestwoodOnlineUpgradeRefCountAndLock::Init	WestwoodOnlineUpgradeRefCountAndLock::Init	retained	Inferred	Retain reconstructed descriptive spelling; exact original spelling is not established.	src/Battlesport/WOL.cpp:3870
recoil:function:0x441620	0x441620	WestwoodOnlineUpgradeApiEventSink::Release	WestwoodOnlineUpgradeApiEventSink::Release	retained	Inferred	Retain reconstructed descriptive spelling; exact original spelling is not established.	src/Battlesport/WOL.cpp:3881
recoil:function:0x441660	0x441660	WestwoodOnlineUpgradeApiEventSink::QueryInterface	WestwoodOnlineUpgradeApiEventSink::QueryInterface	retained	Inferred	Retain reconstructed descriptive spelling; exact original spelling is not established.	src/Battlesport/WOL.cpp:3911
recoil:function:0x441680	0x441680	WestwoodOnlineUpgradeApiEventSink::Destructor	WestwoodOnlineUpgradeApiEventSink::Destructor	retained	Inferred	Retain reconstructed descriptive spelling; exact original spelling is not established.	src/Battlesport/WOL.cpp:3923
recoil:function:0x4416f0	0x4416f0	WestwoodOnlineUpgradeDialog::GetSelectedProfilePlayerName	WestwoodOnlineUpgradeDialog::GetSelectedProfilePlayerName	retained	Inferred	Retain reconstructed descriptive spelling; exact original spelling is not established.	src/Battlesport/WOL.cpp:3934
recoil:function:0x441720	0x441720	WestwoodOnlineUpgradeDialog::GetSelectedProfileConnectString	WestwoodOnlineUpgradeDialog::GetSelectedProfileConnectString	retained	Inferred	Retain reconstructed descriptive spelling; exact original spelling is not established.	src/Battlesport/WOL.cpp:3943
recoil:function:0x441750	0x441750	WestwoodOnlineUpgradeConfigDialog::Constructor	WestwoodOnlineUpgradeConfigDialog::WestwoodOnlineUpgradeConfigDialog	renamed	Inferred	Synchronize current defining source name; descriptive reconstruction, not recovered original spelling.	src/Battlesport/WOL.cpp:3954
recoil:function:0x441890	0x441890	WestwoodOnlineUpgradeConfigDialog::ScalarDeletingDestructor	WestwoodOnlineUpgradeConfigDialog::ScalarDeletingDestructor	retained	Inferred	Retain physical/compiler projection label; no unique attached defining function body in the source inventory.	
recoil:function:0x4418b0	0x4418b0	WestwoodOnlineUpgradeConfigDialog::Destructor	WestwoodOnlineUpgradeConfigDialog::~WestwoodOnlineUpgradeConfigDialog	renamed	Inferred	Synchronize current defining source name; descriptive reconstruction, not recovered original spelling.	src/Battlesport/WOL.cpp:3977
recoil:function:0x4419a0	0x4419a0	WestwoodOnlineUpgradeConfigDialog::DoDataExchange	WestwoodOnlineUpgradeConfigDialog::DoDataExchange	retained	Inferred	Retain reconstructed descriptive spelling; exact original spelling is not established.	src/Battlesport/WOL.cpp:3987
recoil:function:0x441a10	0x441a10	WestwoodOnlineUpgradeConfigDialog::GetMessageMap	WestwoodOnlineUpgradeConfigDialog::GetMessageMap	retained	Inferred	Retain reconstructed descriptive spelling; exact original spelling is not established.	src/Battlesport/WOL.cpp:4016
recoil:function:0x441a20	0x441a20	WestwoodOnlineUpgradeConfigDialog::OnConnectStringEditSetFocusClear	WestwoodOnlineUpgradeConfigDialog::OnConnectStringEditSetFocusClear	retained	Inferred	Retain reconstructed descriptive spelling; exact original spelling is not established.	src/Battlesport/WOL.cpp:4026
recoil:function:0x441a40	0x441a40	WestwoodOnlineUpgradeConfigDialog::OnInitDialog	WestwoodOnlineUpgradeConfigDialog::OnInitDialog	retained	Inferred	Retain reconstructed descriptive spelling; exact original spelling is not established.	src/Battlesport/WOL.cpp:4037
recoil:function:0x441c60	0x441c60	WestwoodOnlineUpgradeConfigDialog::GetSelectedProfileValues	WestwoodOnlineUpgradeConfigDialog::GetSelectedProfileValues	retained	Inferred	Retain reconstructed descriptive spelling; exact original spelling is not established.	src/Battlesport/WOL.cpp:4096
recoil:function:0x441cb0	0x441cb0	WestwoodOnlineUpgradeConfigDialog::ShowModalAndApplySelectedProfileValues	WestwoodOnlineUpgradeConfigDialog::ShowModalAndApplySelectedProfileValues	retained	Inferred	Retain reconstructed descriptive spelling; exact original spelling is not established.	src/Battlesport/WOL.cpp:4116
recoil:function:0x441f40	0x441f40	WestwoodOnlineUpgradeConfigDialog::OnOK	WestwoodOnlineUpgradeConfigDialog::OnOK	retained	Inferred	Retain reconstructed descriptive spelling; exact original spelling is not established.	src/Battlesport/WOL.cpp:4142
recoil:function:0x442010	0x442010	WestwoodOnlineUpgradeConfigDialog::OnProfileComboKillFocus	WestwoodOnlineUpgradeConfigDialog::OnProfileComboKillFocus	retained	Inferred	Retain reconstructed descriptive spelling; exact original spelling is not established.	src/Battlesport/WOL.cpp:4179
recoil:function:0x442080	0x442080	WestwoodOnlineUpgradeConfigDialog::OnProfileComboSelChange	WestwoodOnlineUpgradeConfigDialog::OnProfileComboSelChange	retained	Inferred	Retain reconstructed descriptive spelling; exact original spelling is not established.	src/Battlesport/WOL.cpp:4201
recoil:function:0x4420c0	0x4420c0	WestwoodOnlineUpgradeConfigDialog::OnProfileComboEditChange	WestwoodOnlineUpgradeConfigDialog::OnProfileComboEditChange	retained	Inferred	Retain reconstructed descriptive spelling; exact original spelling is not established.	src/Battlesport/WOL.cpp:4215
recoil:function:0x4420d0	0x4420d0	WestwoodOnlineUpgradeConfigDialog::OnProfileComboDropdown	WestwoodOnlineUpgradeConfigDialog::OnProfileComboDropdown	retained	Inferred	Retain reconstructed descriptive spelling; exact original spelling is not established.	src/Battlesport/WOL.cpp:4227
recoil:function:0x4420e0	0x4420e0	WestwoodOnlineUpgradeConfigDialog::OnConnectStringModeClicked	WestwoodOnlineUpgradeConfigDialog::OnConnectStringModeClicked	retained	Inferred	Retain reconstructed descriptive spelling; exact original spelling is not established.	src/Battlesport/WOL.cpp:4239
recoil:function:0x442100	0x442100	WestwoodOnlineUpgradeConfigDialog::OnConnectStringEditKillFocus	WestwoodOnlineUpgradeConfigDialog::OnConnectStringEditKillFocus	retained	Inferred	Retain reconstructed descriptive spelling; exact original spelling is not established.	src/Battlesport/WOL.cpp:4250
recoil:function:0x442180	0x442180	WestwoodOnlineUpgradeDialog::SetSelectedProfilePlayerName	WestwoodOnlineUpgradeDialog::SetSelectedProfilePlayerName	retained	Inferred	Retain reconstructed descriptive spelling; exact original spelling is not established.	src/Battlesport/WOL.cpp:4267
recoil:function:0x4421d0	0x4421d0	WestwoodOnlineUpgradeDialog::SetSelectedProfileConnectString	WestwoodOnlineUpgradeDialog::SetSelectedProfileConnectString	retained	Inferred	Retain reconstructed descriptive spelling; exact original spelling is not established.	src/Battlesport/WOL.cpp:4278
recoil:function:0x442220	0x442220	WestwoodOnlineUpgradeProgressDialog::Constructor	WestwoodOnlineUpgradeProgressDialog::WestwoodOnlineUpgradeProgressDialog	renamed	Inferred	Synchronize current defining source name; descriptive reconstruction, not recovered original spelling.	src/GameZRecoil/westwoodonline/WolapiProgressDialog.cpp:21
recoil:function:0x442240	0x442240	WestwoodOnlineUpgradeProgressDialog::ScalarDeletingDestructor	WestwoodOnlineUpgradeProgressDialog::ScalarDeletingDestructor	retained	Inferred	Retain physical/compiler projection label; no unique attached defining function body in the source inventory.	
recoil:function:0x442260	0x442260	WestwoodOnlineUpgradeProgressDialog::GetMessageMap	WestwoodOnlineUpgradeProgressDialog::GetMessageMap	retained	Inferred	Retain reconstructed descriptive spelling; exact original spelling is not established.	src/GameZRecoil/westwoodonline/WolapiProgressDialog.cpp:70
recoil:function:0x442270	0x442270	WestwoodOnlineUpgradeProgressDialog::SetStatusTextFmt	WestwoodOnlineUpgradeProgressDialog::SetStatusTextFmt	retained	Inferred	Retain reconstructed descriptive spelling; exact original spelling is not established.	src/GameZRecoil/westwoodonline/WolapiProgressDialog.cpp:80
recoil:function:0x4422a0	0x4422a0	WestwoodOnlineUpgradeDownload::CreateInstanceAndAdvise	WestwoodOnlineUpgradeDownload::CreateInstanceAndAdvise	retained	Inferred	Retain reconstructed descriptive spelling; exact original spelling is not established.	src/Battlesport/WOL.cpp:4289
recoil:function:0x4422f0	0x4422f0	WestwoodOnlineUpgradeDownload::UnadviseAndRelease	WestwoodOnlineUpgradeDownload::UnadviseAndRelease	retained	Inferred	Retain reconstructed descriptive spelling; exact original spelling is not established.	src/Battlesport/WOL.cpp:4315
recoil:function:0x442320	0x442320	WestwoodOnlineUpgradeProgressDialog::DlgProc	WestwoodOnlineUpgradeProgressDialog::DlgProc	retained	Inferred	Retain reconstructed descriptive spelling; exact original spelling is not established.	src/Battlesport/WOL.cpp:4329
recoil:function:0x442530	0x442530	WestwoodOnlineUpgradeDialog::ShowDownloadReadyList	WestwoodOnlineUpgradeDialog::ShowDownloadReadyList	retained	Inferred	Retain reconstructed descriptive spelling; exact original spelling is not established.	src/Battlesport/WOL.cpp:4419
recoil:function:0x4425c0	0x4425c0	WestwoodOnlineUpgradeDownloadEventSink::CreateInstance	WestwoodOnlineUpgradeDownloadEventSink::CreateInstance	retained	Inferred	Retain reconstructed descriptive spelling; exact original spelling is not established.	src/Battlesport/WOL.cpp:4467
recoil:function:0x442632	0x442632	MsvcEh::FuncletJump_442632	MsvcEh::FuncletJump_442632	retained	Inferred	Retain physical/compiler projection label; no unique attached defining function body in the source inventory.	
recoil:function:0x442638	0x442638	MsvcEh_FuncletJump_442632	MsvcEh_FuncletJump_442632	retained	Inferred	Retain physical/compiler projection label; no unique attached defining function body in the source inventory.	
recoil:function:0x442660	0x442660	WestwoodOnlineUpgradeDownloadEventSink::OnDownloadFinished	WestwoodOnlineUpgradeDownloadEventSink::OnDownloadFinished	retained	Inferred	Retain reconstructed descriptive spelling; exact original spelling is not established.	src/Battlesport/WOL.cpp:4491
recoil:function:0x442680	0x442680	WestwoodOnlineUpgradeDownloadEventSink::OnDownloadError	WestwoodOnlineUpgradeDownloadEventSink::OnDownloadError	retained	Inferred	Retain reconstructed descriptive spelling; exact original spelling is not established.	src/Battlesport/WOL.cpp:4504
recoil:function:0x4426b0	0x4426b0	WestwoodOnlineUpgradeDownloadEventSink::OnDownloadProgress	WestwoodOnlineUpgradeDownloadEventSink::OnDownloadProgress	retained	Inferred	Retain reconstructed descriptive spelling; exact original spelling is not established.	src/Battlesport/WOL.cpp:4518
recoil:function:0x442720	0x442720	WestwoodOnlineUpgradeDownloadEventSink::OnStateChanged	WestwoodOnlineUpgradeDownloadEventSink::OnStateChanged	retained	Inferred	Retain reconstructed descriptive spelling; exact original spelling is not established.	src/Battlesport/WOL.cpp:4553
recoil:function:0x442790	0x442790	WestwoodOnlineUpgradeDownloadEventSink::Release	WestwoodOnlineUpgradeDownloadEventSink::Release	retained	Inferred	Retain reconstructed descriptive spelling; exact original spelling is not established.	src/Battlesport/WOL.cpp:4591
recoil:function:0x4427d0	0x4427d0	WestwoodOnlineUpgradeDownloadEventSink::QueryInterface	WestwoodOnlineUpgradeDownloadEventSink::QueryInterface	retained	Inferred	Retain reconstructed descriptive spelling; exact original spelling is not established.	src/Battlesport/WOL.cpp:4609
recoil:function:0x4427f0	0x4427f0	WestwoodOnlineUpgradeDownloadEventSink::Destructor	WestwoodOnlineUpgradeDownloadEventSink::~WestwoodOnlineUpgradeDownloadEventSink	renamed	Inferred	Synchronize current defining source name; descriptive reconstruction, not recovered original spelling.	src/Battlesport/WOL.cpp:4626
recoil:function:0x442860	0x442860	MsvcEh::FuncletCleanup_4427F0	MsvcEh::FuncletCleanup_4427F0	retained	Inferred	Retain physical/compiler projection label; no unique attached defining function body in the source inventory.	
recoil:function:0x4428b0	0x4428b0	RecoilApp_MfcOleModule::Destructor	RecoilApp_MfcOleModule::~RecoilApp_MfcOleModule	renamed	Inferred	Synchronize current defining source name; descriptive reconstruction, not recovered original spelling.	src/Battlesport/RecoilApp.cpp:5886
recoil:function:0x4429b0	0x4429b0	RecoilApp_MfcOleModule::ScalarDeletingDestructor	RecoilApp_MfcOleModule::ScalarDeletingDestructor	retained	Inferred	Retain physical/compiler projection label; no unique attached defining function body in the source inventory.	
recoil:function:0x4429d0	0x4429d0	RecoilApp::InitMainWindow	RecoilApp_MfcOleModule::InitInstance	renamed	Inferred	Synchronize current defining source name; descriptive reconstruction, not recovered original spelling.	src/Battlesport/RecoilApp.cpp:5909
recoil:function:0x442a10	0x442a10	RecoilApp::TakeSkipWaitMessage	RecoilApp::TakeSkipWaitMessage	retained	Inferred	Retain reconstructed descriptive spelling; exact original spelling is not established.	src/Battlesport/RecoilApp.cpp:5929
recoil:function:0x442a30	0x442a30	RecoilApp::MarkSkipWaitMessage	RecoilApp::MarkSkipWaitMessage	retained	Inferred	Retain reconstructed descriptive spelling; exact original spelling is not established.	src/Battlesport/RecoilApp.cpp:5942
recoil:function:0x442a50	0x442a50	RecoilApp::EngineInit	RecoilApp::EngineInit	retained	Inferred	Retain reconstructed descriptive spelling; exact original spelling is not established.	src/Battlesport/RecoilApp.cpp:5986
recoil:function:0x442bc0	0x442bc0	RecoilApp::ShutdownSubsystems	RecoilApp::ShutdownSubsystems	retained	Inferred	Retain reconstructed descriptive spelling; exact original spelling is not established.	src/Battlesport/RecoilApp.cpp:6036
recoil:function:0x442c00	0x442c00	RecoilApp::GetMainWnd	RecoilApp::GetMainWnd	retained	Inferred	Retain reconstructed descriptive spelling; exact original spelling is not established.	src/Battlesport/RecoilApp.cpp:6057
recoil:function:0x442c10	0x442c10	RecoilApp::StartEngineAndQueueStartupState	RecoilApp::StartEngineAndQueueStartupState	retained	Inferred	Retain reconstructed descriptive spelling; exact original spelling is not established.	src/Battlesport/RecoilApp.cpp:6066
recoil:function:0x442c70	0x442c70	RecoilApp::MfcOleModule::Constructor	RecoilApp::MfcOleModule::Constructor	retained	Inferred	Retain physical/compiler projection label; no unique attached defining function body in the source inventory.	
recoil:function:0x442d00	0x442d00	RecoilApp::Run	RecoilApp_MfcOleModule::Run	renamed	Inferred	Synchronize current defining source name; descriptive reconstruction, not recovered original spelling.	src/Battlesport/RecoilApp.cpp:6284
recoil:function:0x44300b	0x44300b	MsvcEh_CMemoryException_FatalOomHandler	MsvcEh_CMemoryException_FatalOomHandler	retained	Inferred	Retain physical/compiler projection label; no unique attached defining function body in the source inventory.	
recoil:function:0x443029	0x443029	MsvcEh_CMemoryException_FuncletReturn4430f3	MsvcEh_CMemoryException_FuncletReturn4430f3	retained	Inferred	Retain physical/compiler projection label; no unique attached defining function body in the source inventory.	
recoil:function:0x443032	0x443032	MsvcEh_FuncletJump_443029	MsvcEh_FuncletJump_443029	retained	Inferred	Retain physical/compiler projection label; no unique attached defining function body in the source inventory.	
recoil:function:0x4430c3	0x4430c3	MsvcEh_CFileException_FuncletReturn4430f3	MsvcEh_CFileException_FuncletReturn4430f3	retained	Inferred	Retain physical/compiler projection label; no unique attached defining function body in the source inventory.	
recoil:function:0x4430cc	0x4430cc	MsvcEh_FuncletJump_4430c3	MsvcEh_FuncletJump_4430c3	retained	Inferred	Retain physical/compiler projection label; no unique attached defining function body in the source inventory.	
recoil:function:0x4430ea	0x4430ea	MsvcEh_CException_FuncletReturn4430f3	MsvcEh_CException_FuncletReturn4430f3	retained	Inferred	Retain physical/compiler projection label; no unique attached defining function body in the source inventory.	
recoil:function:0x4430f3	0x4430f3	MsvcEh_FuncletJump_4430ea	MsvcEh_FuncletJump_4430ea	retained	Inferred	Retain physical/compiler projection label; no unique attached defining function body in the source inventory.	
recoil:function:0x443140	0x443140	RecoilApp::GetCurrentState	RecoilApp::GetCurrentState	retained	Inferred	Retain reconstructed descriptive spelling; exact original spelling is not established.	src/Battlesport/RecoilApp.cpp:6471
recoil:function:0x443160	0x443160	RecoilApp::QueueSwitchCurrentState	RecoilApp::QueueSwitchCurrentState	retained	Inferred	Retain reconstructed descriptive spelling; exact original spelling is not established.	src/Battlesport/RecoilApp.cpp:6488
recoil:function:0x443310	0x443310	RecoilApp::QueuePushState	RecoilApp::QueuePushState	retained	Inferred	Retain reconstructed descriptive spelling; exact original spelling is not established.	src/Battlesport/RecoilApp.cpp:6510
recoil:function:0x4434b0	0x4434b0	RecoilApp::QueueExitCurrentState	RecoilApp::QueueExitCurrentState	retained	Inferred	Retain reconstructed descriptive spelling; exact original spelling is not established.	src/Battlesport/RecoilApp.cpp:6528
recoil:function:0x443650	0x443650	RecoilApp::OnIdleOrDispatch	RecoilApp::OnIdleOrDispatch	retained	Inferred	Retain reconstructed descriptive spelling; exact original spelling is not established.	src/Battlesport/RecoilApp.cpp:6548
recoil:function:0x443690	0x443690	RecoilApp_StateQueue::GrowAndCenterChunkBaseList	RecoilApp_StateQueue::GrowAndCenterChunkBaseList	retained	Inferred	Retain reconstructed descriptive spelling; exact original spelling is not established.	src/Battlesport/RecoilApp.cpp:6569
recoil:function:0x443700	0x443700	RecoilApp_StateQueueBlock::InitFromCursor	RecoilApp_StateQueueBlock::InitFromCursor	retained	Inferred	Retain reconstructed descriptive spelling; exact original spelling is not established.	src/Battlesport/RecoilApp.cpp:6605
recoil:function:0x443730	0x443730	CZGameFrame::CreateObject	CZGameFrame::CreateObject	retained	Inferred	Retain physical/compiler projection label; no unique attached defining function body in the source inventory.	
recoil:function:0x443790	0x443790	CZGameFrame::GetBaseRuntimeClass	CZGameFrame::GetBaseRuntimeClass	retained	Inferred	Retain physical/compiler projection label; no unique attached defining function body in the source inventory.	
recoil:function:0x4437a0	0x4437a0	CZGameFrame::GetRuntimeClass	CZGameFrame::GetRuntimeClass	retained	Inferred	Retain physical/compiler projection label; no unique attached defining function body in the source inventory.	
recoil:function:0x4437b0	0x4437b0	CZGameFrame::GetBaseMessageMap	CZGameFrame::GetBaseMessageMap	retained	Inferred	Retain physical/compiler projection label; no unique attached defining function body in the source inventory.	
recoil:function:0x4437c0	0x4437c0	CZGameFrame::GetMessageMap	CZGameFrame::GetMessageMap	retained	Inferred	Retain physical/compiler projection label; no unique attached defining function body in the source inventory.	
recoil:function:0x4437d0	0x4437d0	CZGameFrame::Constructor	CZGameFrame::Constructor	retained	Inferred	Retain physical/compiler projection label; no unique attached defining function body in the source inventory.	
recoil:function:0x443810	0x443810	CZGameFrame::ScalarDeletingDtor	CZGameFrame::ScalarDeletingDtor	retained	Inferred	Retain physical/compiler projection label; no unique attached defining function body in the source inventory.	
recoil:function:0x443830	0x443830	CZGameFrame::Destructor	CZGameFrame::Destructor	retained	Inferred	Retain physical/compiler projection label; no unique attached defining function body in the source inventory.	
recoil:function:0x4438a0	0x4438a0	CZGameFrame::IsWindowValid	CZGameFrame::IsWindowValid	retained	Inferred	Retain reconstructed descriptive spelling; exact original spelling is not established.	src/CZGameFrame/CZGameFrame.cpp:117
recoil:function:0x4438c0	0x4438c0	CZGameFrame::BuildWindowTitle	CZGameFrame::BuildWindowTitle	retained	Inferred	Retain reconstructed descriptive spelling; exact original spelling is not established.	src/CZGameFrame/CZGameFrame.cpp:134
recoil:function:0x4438f0	0x4438f0	CZGameFrame::OnClose	CZGameFrame::OnClose	retained	Inferred	Retain reconstructed descriptive spelling; exact original spelling is not established.	src/CZGameFrame/CZGameFrame.cpp:144
recoil:function:0x443900	0x443900	CZGameFrame::OnPaint	CZGameFrame::OnPaint	retained	Inferred	Retain reconstructed descriptive spelling; exact original spelling is not established.	src/CZGameFrame/CZGameFrame.cpp:155
recoil:function:0x443a20	0x443a20	CZGameFrame::OnSize	CZGameFrame::OnSize	retained	Inferred	Retain reconstructed descriptive spelling; exact original spelling is not established.	src/CZGameFrame/CZGameFrame.cpp:201
recoil:function:0x443a40	0x443a40	zVid::UpdateCachedClientRectIfUpdateMaskEnabled	zVid::UpdateCachedClientRectIfUpdateMaskEnabled	retained	Inferred	Retain physical/compiler projection label; no unique attached defining function body in the source inventory.	
recoil:function:0x443a50	0x443a50	CZGameFrame::OnMove	CZGameFrame::OnMove	retained	Inferred	Retain reconstructed descriptive spelling; exact original spelling is not established.	src/CZGameFrame/CZGameFrame.cpp:227
recoil:function:0x443a60	0x443a60	CZGameFrame::OnCreate	CZGameFrame::OnCreate	retained	Inferred	Retain reconstructed descriptive spelling; exact original spelling is not established.	src/CZGameFrame/CZGameFrame.cpp:242
recoil:function:0x443ab0	0x443ab0	CZGameFrame::OnDestroy	CZGameFrame::OnDestroy	retained	Inferred	Retain reconstructed descriptive spelling; exact original spelling is not established.	src/CZGameFrame/CZGameFrame.cpp:267
recoil:function:0x443ae0	0x443ae0	CZGameFrame::OnActivate	CZGameFrame::OnActivate	retained	Inferred	Retain reconstructed descriptive spelling; exact original spelling is not established.	src/CZGameFrame/CZGameFrame.cpp:282
recoil:function:0x443b50	0x443b50	CZGameFrame::OnAppIdleDispatchMessage	CZGameFrame::OnAppIdleDispatchMessage	retained	Inferred	Retain reconstructed descriptive spelling; exact original spelling is not established.	src/CZGameFrame/CZGameFrame.cpp:313
recoil:function:0x443c50	0x443c50	zClass_cls_di::SetBreakOnFirstCandidate	zClass_cls_di::SetBreakOnFirstCandidate	retained	Inferred	Retain reconstructed descriptive spelling; exact original spelling is not established.	src/GameZRecoil/zClass/cls_di.c:1255
recoil:function:0x443c60	0x443c60	zClass_cls_di::SetStopAfterFirstHit	zClass_cls_di::SetStopAfterFirstHit	retained	Inferred	Retain reconstructed descriptive spelling; exact original spelling is not established.	src/GameZRecoil/zClass/cls_di.c:1266
recoil:function:0x443c70	0x443c70	zClass_cls_di::FindBestPickCandidateBelowPoint	zClass_cls_di::FindBestPickCandidateBelowPoint	retained	Inferred	Retain reconstructed descriptive spelling; exact original spelling is not established.	src/GameZRecoil/zClass/cls_di.c:1277
recoil:function:0x443d20	0x443d20	zClass_cls_di::BuildPickCandidateListBelowPoint	zClass_cls_di::BuildPickCandidateListBelowPoint	retained	Inferred	Retain reconstructed descriptive spelling; exact original spelling is not established.	src/GameZRecoil/zClass/cls_di.c:1318
recoil:function:0x443f80	0x443f80	zClass_cls_di::BuildPickCandidateList	zClass_cls_di::BuildPickCandidateList	retained	Inferred	Retain reconstructed descriptive spelling; exact original spelling is not established.	src/GameZRecoil/zClass/cls_di.c:1420
recoil:function:0x444310	0x444310	zClass_cls_di::BuildPickCandidatesRecursive	zClass_cls_di::BuildPickCandidatesRecursive	retained	Inferred	Retain reconstructed descriptive spelling; exact original spelling is not established.	src/GameZRecoil/zClass/cls_di.c:1613
recoil:function:0x4443e0	0x4443e0	zClass_cls_di::BuildPickCandidatesForLight	zClass_cls_di::BuildPickCandidatesForLight	retained	Inferred	Retain reconstructed descriptive spelling; exact original spelling is not established.	src/GameZRecoil/zClass/cls_di.c:1665
recoil:function:0x4444b0	0x4444b0	zClass_cls_di::BuildPickCandidatesForPointBatch	zClass_cls_di::BuildPickCandidatesForPointBatch	retained	Inferred	Retain reconstructed descriptive spelling; exact original spelling is not established.	src/GameZRecoil/zClass/cls_di.c:1714
recoil:function:0x444890	0x444890	zClass_cls_di::BuildPickCandidatesForPoints	zClass_cls_di::BuildPickCandidatesForPoints	retained	Inferred	Retain reconstructed descriptive spelling; exact original spelling is not established.	src/GameZRecoil/zClass/cls_di.c:1864
recoil:function:0x444c50	0x444c50	zClass_cls_di::BuildPickCandidatesForPointsRecursive	zClass_cls_di::BuildPickCandidatesForPointsRecursive	retained	Inferred	Retain reconstructed descriptive spelling; exact original spelling is not established.	src/GameZRecoil/zClass/cls_di.c:2060
recoil:function:0x444d10	0x444d10	zClass_cls_di::BuildPickCandidatesForPointsForLight	zClass_cls_di::BuildPickCandidatesForPointsForLight	retained	Inferred	Retain reconstructed descriptive spelling; exact original spelling is not established.	src/GameZRecoil/zClass/cls_di.c:2115
recoil:function:0x444de0	0x444de0	zClass_cls_di::RaycastSelectClosestHitBetweenPoints	zClass_cls_di::RaycastSelectClosestHitBetweenPoints	retained	Inferred	Retain reconstructed descriptive spelling; exact original spelling is not established.	src/GameZRecoil/zClass/cls_di.c:2170
recoil:function:0x444e90	0x444e90	zClass_cls_di::RaycastFindClosest	zClass_cls_di::RaycastFindClosest	retained	Inferred	Retain reconstructed descriptive spelling; exact original spelling is not established.	src/GameZRecoil/zClass/cls_di.c:2229
recoil:function:0x4455f0	0x4455f0	zClass_cls_di::BuildPickCandidatesForSegment	zClass_cls_di::BuildPickCandidatesForSegment	retained	Inferred	Retain reconstructed descriptive spelling; exact original spelling is not established.	src/GameZRecoil/zClass/cls_di.c:2421
recoil:function:0x445650	0x445650	zClass_cls_di::BuildPickCandidatesForSegmentChildFallback	zClass_cls_di::BuildPickCandidatesForSegmentChildFallback	retained	Inferred	Retain reconstructed descriptive spelling; exact original spelling is not established.	src/GameZRecoil/zClass/cls_di.c:2451
recoil:function:0x445a00	0x445a00	zClass_cls_di::BuildPickCandidatesForSegmentRecursive	zClass_cls_di::BuildPickCandidatesForSegmentRecursive	retained	Inferred	Retain reconstructed descriptive spelling; exact original spelling is not established.	src/GameZRecoil/zClass/cls_di.c:2649
recoil:function:0x445b20	0x445b20	zClass_cls_di::BuildPickCandidatesForSegmentForCamera	zClass_cls_di::BuildPickCandidatesForSegmentForCamera	retained	Inferred	Retain reconstructed descriptive spelling; exact original spelling is not established.	src/GameZRecoil/zClass/cls_di.c:2715
recoil:function:0x445c20	0x445c20	zClass_cls_di::BuildPickCandidatesForSegmentForLight	zClass_cls_di::BuildPickCandidatesForSegmentForLight	retained	Inferred	Retain reconstructed descriptive spelling; exact original spelling is not established.	src/GameZRecoil/zClass/cls_di.c:2766
recoil:function:0x445d40	0x445d40	zClass_cls_di::BuildProbeHitBatchesForSegments	zClass_cls_di::BuildProbeHitBatchesForSegments	retained	Inferred	Retain reconstructed descriptive spelling; exact original spelling is not established.	src/GameZRecoil/zClass/cls_di.c:2833
recoil:function:0x445f60	0x445f60	zClass_cls_di::BuildPickCandidatesForSegmentsInGridWindow	zClass_cls_di::BuildPickCandidatesForSegmentsInGridWindow	retained	Inferred	Retain reconstructed descriptive spelling; exact original spelling is not established.	src/GameZRecoil/zClass/cls_di.c:2924
recoil:function:0x446440	0x446440	zClass_cls_di::BuildPickCandidatesForSegmentsRecursive	zClass_cls_di::BuildPickCandidatesForSegmentsRecursive	retained	Inferred	Retain reconstructed descriptive spelling; exact original spelling is not established.	src/GameZRecoil/zClass/cls_di.c:3070
recoil:function:0x446880	0x446880	zClass_cls_di::BuildPickCandidatesForSegmentsForAnimate	zClass_cls_di::BuildPickCandidatesForSegmentsForAnimate	retained	Inferred	Retain reconstructed descriptive spelling; exact original spelling is not established.	src/GameZRecoil/zClass/cls_di.c:3300
recoil:function:0x446970	0x446970	zClass_cls_di::BuildPickCandidatesForSegmentsForLight	zClass_cls_di::BuildPickCandidatesForSegmentsForLight	retained	Inferred	Retain reconstructed descriptive spelling; exact original spelling is not established.	src/GameZRecoil/zClass/cls_di.c:3368
recoil:function:0x446a80	0x446a80	zClass_cls_di::FilterRegionsAgainstSphere	zClass_cls_di::FilterRegionsAgainstSphere	retained	Inferred	Retain reconstructed descriptive spelling; exact original spelling is not established.	src/GameZRecoil/zClass/cls_di.c:3437
recoil:function:0x446ed0	0x446ed0	BBox::ExpandToCorners	BBox::ExpandToCorners	retained	Inferred	Retain reconstructed descriptive spelling; exact original spelling is not established.	src/GameZRecoil/zClass/cls_di.c:3621
recoil:function:0x446f60	0x446f60	zClass_cls_di::FilterRegions_TryAppendNode	zClass_cls_di::FilterRegionsTryAppendNode	renamed	Inferred	Synchronize current defining source name; descriptive reconstruction, not recovered original spelling.	src/GameZRecoil/zClass/cls_di.c:3661
recoil:function:0x4472c0	0x4472c0	zClass_cls_di::IsPickQueryPointOutsideViewBBoxXZ	zClass_cls_di::IsPickQueryPointOutsideViewBBoxXZ	retained	Inferred	Retain reconstructed descriptive spelling; exact original spelling is not established.	src/GameZRecoil/zClass/cls_di.c:3801
recoil:function:0x4473e0	0x4473e0	zClass_cls_di::PickTestBBox2D	zClass_cls_di::PickTestBBox2D	retained	Inferred	Retain reconstructed descriptive spelling; exact original spelling is not established.	src/GameZRecoil/zClass/cls_di.c:3853
recoil:function:0x447540	0x447540	zClass_cls_di::FilterPointsBBox	zClass_cls_di::FilterPointsBBox	retained	Inferred	Retain reconstructed descriptive spelling; exact original spelling is not established.	src/GameZRecoil/zClass/cls_di.c:3915
recoil:function:0x4476f0	0x4476f0	zClass_cls_di::FrustumTestAndPick	zClass_cls_di::FrustumTestAndPick	retained	Inferred	Retain reconstructed descriptive spelling; exact original spelling is not established.	src/GameZRecoil/zClass/cls_di.c:3976
recoil:function:0x4478c0	0x4478c0	zClass_Class::AllocNodeFromFreeList	zClass_Class::gwNodeNew	renamed	Recoil-confirmed leaf; inferred scope	Retail diagnostic at 0x4dda0c establishes leaf gwNodeNew; existing source scope is retained.	src/GameZRecoil/zClass/Class.c:327
recoil:function:0x447980	0x447980	zClass_Class::DeleteNodeByType	zClass_Class::DeleteNodeByType	retained	Inferred	Retain reconstructed descriptive spelling; exact original spelling is not established.	src/GameZRecoil/zClass/Class.c:368
recoil:function:0x447a70	0x447a70	zClass_Class::FreeNodeToFreeList	zClass_Class::FreeNodeToFreeList	retained	Inferred	Retain reconstructed descriptive spelling; exact original spelling is not established.	src/GameZRecoil/zClass/Class.c:422
recoil:function:0x447b60	0x447b60	zClass_Class::TryFreeNode	zClass_Class::TryFreeNode	retained	Inferred	Retain reconstructed descriptive spelling; exact original spelling is not established.	src/GameZRecoil/zClass/Class.c:467
recoil:function:0x447bc0	0x447bc0	zClass_Class::FindNodeRecursiveByName	zClass_Class::FindNodeRecursiveByName	retained	Inferred	Retain reconstructed descriptive spelling; exact original spelling is not established.	src/GameZRecoil/zClass/Class.c:493
recoil:function:0x447c60	0x447c60	zClass_Class::gwNodeSetActive	zClass_Class::gwNodeSetActive	retained	Recoil-confirmed leaf; inferred scope	Retail diagnostic at 0x4dda80 establishes leaf gwNodeSetActive; existing source scope is retained.	src/GameZRecoil/zClass/Class.c:523
recoil:function:0x447d20	0x447d20	zClass_Class::gwNodeSetFlag16	zClass_Class::gwNodeSetFlag16	retained	Inferred	Retain reconstructed descriptive spelling; exact original spelling is not established.	src/GameZRecoil/zClass/Class.c:567
recoil:function:0x447d70	0x447d70	zClass_Class::gwNodeSetFlag17	zClass_Class::gwNodeSetFlag17	retained	Inferred	Retain reconstructed descriptive spelling; exact original spelling is not established.	src/GameZRecoil/zClass/Class.c:590
recoil:function:0x447dc0	0x447dc0	zClass_Class::gwNodeSetName	zClass_Class::gwNodeSetName	retained	Inferred	Retain reconstructed descriptive spelling; exact original spelling is not established.	src/GameZRecoil/zClass/Class.c:614
recoil:function:0x447e30	0x447e30	zClass_Class::gwNodeGetName	zClass_Class::gwNodeGetName	retained	Inferred	Retain reconstructed descriptive spelling; exact original spelling is not established.	src/GameZRecoil/zClass/Class.c:638
recoil:function:0x447e60	0x447e60	zClass_Class::gwNodeSetDisplayInstance	zClass_Class::gwNodeSetDisplayInstance	retained	Inferred	Retain reconstructed descriptive spelling; exact original spelling is not established.	src/GameZRecoil/zClass/Class.c:653
recoil:function:0x447f00	0x447f00	zClass_Class::gwNodeGetUserData	zClass_Class::gwNodeGetUserData	retained	Inferred	Retain reconstructed descriptive spelling; exact original spelling is not established.	src/GameZRecoil/zClass/Class.c:699
recoil:function:0x447f30	0x447f30	zClass_Class::gwNodeSetActionCallback	zClass_Class::gwNodeSetActionCallback	retained	Inferred	Retain reconstructed descriptive spelling; exact original spelling is not established.	src/GameZRecoil/zClass/Class.c:723
recoil:function:0x447fe0	0x447fe0	zClass_Class::gwNodeSetActionCallbackTail	zClass_Class::gwNodeSetActionCallbackTail	retained	Inferred	Retain reconstructed descriptive spelling; exact original spelling is not established.	src/GameZRecoil/zClass/Class.c:767
recoil:function:0x448090	0x448090	zClass_Class::gwNodeSetPriority	zClass_Class::gwNodeSetPriority	retained	Inferred	Retain reconstructed descriptive spelling; exact original spelling is not established.	src/GameZRecoil/zClass/Class.c:811
recoil:function:0x448100	0x448100	zClass_Class::gwNodeSetCellPickable	zClass_Class::gwNodeSetCellPickable	retained	Inferred	Retain reconstructed descriptive spelling; exact original spelling is not established.	src/GameZRecoil/zClass/Class.c:838
recoil:function:0x448140	0x448140	zClass_Class::gwNodeGetCellPickable	zClass_Class::gwNodeGetCellPickable	retained	Inferred	Retain reconstructed descriptive spelling; exact original spelling is not established.	src/GameZRecoil/zClass/Class.c:861
recoil:function:0x448180	0x448180	zClass_Class::gwNodeGetNodeType	zClass_Class::gwNodeGetNodeType	retained	Inferred	Retain reconstructed descriptive spelling; exact original spelling is not established.	src/GameZRecoil/zClass/Class.c:879
recoil:function:0x4481b0	0x4481b0	zClass_Class::gwNodeSetRaycastable	zClass_Class::gwNodeSetRaycastable	retained	Inferred	Retain reconstructed descriptive spelling; exact original spelling is not established.	src/GameZRecoil/zClass/Class.c:897
recoil:function:0x4481f0	0x4481f0	zClass_Class::gwNodeGetRaycastable	zClass_Class::gwNodeGetRaycastable	retained	Inferred	Retain reconstructed descriptive spelling; exact original spelling is not established.	src/GameZRecoil/zClass/Class.c:920
recoil:function:0x448230	0x448230	zClass_Class::gwNodeSetPickable	zClass_Class::gwNodeSetPickable	retained	Inferred	Retain reconstructed descriptive spelling; exact original spelling is not established.	src/GameZRecoil/zClass/Class.c:938
recoil:function:0x448270	0x448270	zClass_Class::gwNodeGetPickable	zClass_Class::gwNodeGetPickable	retained	Inferred	Retain reconstructed descriptive spelling; exact original spelling is not established.	src/GameZRecoil/zClass/Class.c:961
recoil:function:0x4482b0	0x4482b0	zClass_Class::gwNodeSetHasHitCallback	zClass_Class::gwNodeSetHasHitCallback	retained	Inferred	Retain reconstructed descriptive spelling; exact original spelling is not established.	src/GameZRecoil/zClass/Class.c:980
recoil:function:0x4482f0	0x4482f0	zClass_Class::gwNodeSetBypassFarClip	zClass_Class::gwNodeSetBypassFarClip	retained	Inferred	Retain reconstructed descriptive spelling; exact original spelling is not established.	src/GameZRecoil/zClass/Class.c:1003
recoil:function:0x448330	0x448330	zClass_Class::gwNodeSetNodeType	zClass_Class::gwNodeSetNodeType	retained	Inferred	Retain reconstructed descriptive spelling; exact original spelling is not established.	src/GameZRecoil/zClass/Class.c:1027
recoil:function:0x448360	0x448360	zClass_Class::gwNodeClearVariantGate	zClass_Class::gwNodeClearVariantGate	retained	Inferred	Retain reconstructed descriptive spelling; exact original spelling is not established.	src/GameZRecoil/zClass/Class.c:1051
recoil:function:0x4483a0	0x4483a0	zClass_Class::gwNodeSetVertexAlphaOverride	zClass_Class::gwNodeSetVertexAlphaOverride	retained	Inferred	Retain reconstructed descriptive spelling; exact original spelling is not established.	src/GameZRecoil/zClass/Class.c:1072
recoil:function:0x4483f0	0x4483f0	zClass_Class::AddChild	zClass_Class::AddChild	retained	Inferred	Retain reconstructed descriptive spelling; exact original spelling is not established.	src/GameZRecoil/zClass/Class.c:1097
recoil:function:0x4484d0	0x4484d0	zClass_Class::AddChildGeneric	zClass_Class::AddChildGeneric	retained	Inferred	Retain reconstructed descriptive spelling; exact original spelling is not established.	src/GameZRecoil/zClass/Class.c:1171
recoil:function:0x448570	0x448570	zClass_Class::RemoveChild	zClass_Class::RemoveChild	retained	Inferred	Retain reconstructed descriptive spelling; exact original spelling is not established.	src/GameZRecoil/zClass/Class.c:1211
recoil:function:0x448660	0x448660	zClass_Class::RemoveChildGeneric	zClass_Class::RemoveChildGeneric	retained	Inferred	Retain reconstructed descriptive spelling; exact original spelling is not established.	src/GameZRecoil/zClass/Class.c:1281
recoil:function:0x448760	0x448760	zClass_Class::gwNodeGetBBox	zClass_Class::gwNodeGetBBox	retained	Inferred	Retain reconstructed descriptive spelling; exact original spelling is not established.	src/GameZRecoil/zClass/Class.c:1344
recoil:function:0x4487c0	0x4487c0	zClass_Class::gwNodeGetWorldBBoxCorners	zClass_Class::gwNodeGetWorldBBoxCorners	retained	Inferred	Retain reconstructed descriptive spelling; exact original spelling is not established.	src/GameZRecoil/zClass/Class.c:1370
recoil:function:0x448920	0x448920	zClass_Class::gwNodeGetViewBBoxCorners	zClass_Class::gwNodeGetViewBBoxCorners	retained	Inferred	Retain reconstructed descriptive spelling; exact original spelling is not established.	src/GameZRecoil/zClass/Class.c:1439
recoil:function:0x448cc0	0x448cc0	zClass_Class::gwNodeUpdate	zClass_Class::gwNodeUpdate	retained	Recoil-confirmed leaf; inferred scope	Retail diagnostic at 0x4ddbcc establishes leaf gwNodeUpdate; existing source scope is retained.	src/GameZRecoil/zClass/Class.c:1549
recoil:function:0x448e90	0x448e90	zClass_Class::gwNodeRecalcBBox	zClass_Class::gwNodeRecalcBBox	retained	Inferred	Retain reconstructed descriptive spelling; exact original spelling is not established.	src/GameZRecoil/zClass/Class.c:1663
recoil:function:0x4491b0	0x4491b0	zClass_Class::gwNodeComputeChildBBox	zClass_Class::gwNodeComputeChildBBox	retained	Inferred	Retain reconstructed descriptive spelling; exact original spelling is not established.	src/GameZRecoil/zClass/Class.c:1768
recoil:function:0x449420	0x449420	zClass_Class::gwNodeUpdateDisplayInstance	zClass_Class::gwNodeUpdateDisplayInstance	retained	Inferred	Retain reconstructed descriptive spelling; exact original spelling is not established.	src/GameZRecoil/zClass/Class.c:1860
recoil:function:0x449480	0x449480	gwNode::BuildNodeToAncestorMatrix	gwNode::gwNodeBuildNodeToAncestorMatrix	renamed	Recoil-confirmed leaf; inferred scope	Retail diagnostic at 0x4ddc38 establishes leaf gwNodeBuildNodeToAncestorMatrix; existing source scope is retained.	src/GameZRecoil/zClass/Class.c:1901
recoil:function:0x4497b0	0x4497b0	gwNode::GetWorldPosition	gwNode::GetWorldPosition	retained	Inferred	Retain reconstructed descriptive spelling; exact original spelling is not established.	src/GameZRecoil/zClass/Class.c:2067
recoil:function:0x449850	0x449850	gwNode::TransformPoint	gwNode::TransformPoint	retained	Inferred	Retain reconstructed descriptive spelling; exact original spelling is not established.	src/GameZRecoil/zClass/Class.c:2106
recoil:function:0x4498e0	0x4498e0	gwNode::GetWorldPosAndOrientation	gwNode::GetWorldPosAndOrientation	retained	Inferred	Retain reconstructed descriptive spelling; exact original spelling is not established.	src/GameZRecoil/zClass/Class.c:2134
recoil:function:0x449ab0	0x449ab0	zClass_Class::gwNodeGetRoot	zClass_Class::gwNodeGetRoot	retained	Inferred	Retain reconstructed descriptive spelling; exact original spelling is not established.	src/GameZRecoil/zClass/Class.c:2208
recoil:function:0x449af0	0x449af0	zClass_Class::gwNodeGetWorldChild	zClass_Class::gwNodeGetWorldChild	retained	Inferred	Retain reconstructed descriptive spelling; exact original spelling is not established.	src/GameZRecoil/zClass/Class.c:2242
recoil:function:0x449b40	0x449b40	zClass_Class::SetSingleParentFlagRecursive	zClass_Class::SetSingleParentFlagRecursive	retained	Inferred	Retain reconstructed descriptive spelling; exact original spelling is not established.	src/GameZRecoil/zClass/Class.c:2280
recoil:function:0x449ba0	0x449ba0	zClass_Camera::SetViewDistance	zClass_Camera::SetViewDistance	retained	Inferred	Retain reconstructed descriptive spelling; exact original spelling is not established.	src/GameZRecoil/zClass/Camera.c:225
recoil:function:0x449be0	0x449be0	zClass_Camera::gwCameraNew	zClass_Camera::gwCameraNew	retained	Inferred	Retain reconstructed descriptive spelling; exact original spelling is not established.	src/GameZRecoil/zClass/Camera.c:242
recoil:function:0x449c90	0x449c90	zClass_Camera::gwCameraAddChild	zClass_Camera::gwCameraAddChild	retained	Inferred	Retain reconstructed descriptive spelling; exact original spelling is not established.	src/GameZRecoil/zClass/Camera.c:277
recoil:function:0x449cd0	0x449cd0	zClass_Camera::gwCameraRemoveChild	zClass_Camera::gwCameraRemoveChild	retained	Inferred	Retain reconstructed descriptive spelling; exact original spelling is not established.	src/GameZRecoil/zClass/Camera.c:300
recoil:function:0x449d10	0x449d10	zClass_Class::gwNodeSetActive_Forwarder	zClass_Camera::gwCameraSetActive	renamed	Inferred	Synchronize current defining source name; descriptive reconstruction, not recovered original spelling.	src/GameZRecoil/zClass/Camera.c:323
recoil:function:0x449d20	0x449d20	zClass_Camera::gwCameraSetFlagBit0	zClass_Camera::gwCameraSetFlagBit0	retained	Inferred	Retain reconstructed descriptive spelling; exact original spelling is not established.	src/GameZRecoil/zClass/Camera.c:336
recoil:function:0x449da0	0x449da0	zClass_Camera::SetTargetNode	zClass_Camera::SetTargetNode	retained	Inferred	Retain reconstructed descriptive spelling; exact original spelling is not established.	src/GameZRecoil/zClass/Camera.c:362
recoil:function:0x449db0	0x449db0	zClass_Camera::SetActiveCamera	zClass_Camera::SetActiveCamera	retained	Inferred	Retain reconstructed descriptive spelling; exact original spelling is not established.	src/GameZRecoil/zClass/Camera.c:374
recoil:function:0x449dc0	0x449dc0	zClass_Camera::SetObjectHseTestEnabled	zClass_Camera::SetObjectHseTestEnabled	retained	Inferred	Retain reconstructed descriptive spelling; exact original spelling is not established.	src/GameZRecoil/zClass/Camera.c:388
recoil:function:0x449dd0	0x449dd0	zClass_Camera::gwCameraSetWorld	zClass_Camera::gwCameraSetWorld	retained	Inferred	Retain reconstructed descriptive spelling; exact original spelling is not established.	src/GameZRecoil/zClass/Camera.c:399
recoil:function:0x449e80	0x449e80	zClass_Camera::gwCameraGetWorld	zClass_Camera::gwCameraGetWorld	retained	Inferred	Retain reconstructed descriptive spelling; exact original spelling is not established.	src/GameZRecoil/zClass/Camera.c:455
recoil:function:0x449e90	0x449e90	zClass_Camera::gwCameraSetWindow	zClass_Camera::gwCameraSetWindow	retained	Inferred	Retain reconstructed descriptive spelling; exact original spelling is not established.	src/GameZRecoil/zClass/Camera.c:469
recoil:function:0x449ea0	0x449ea0	zClass_Camera::gwCameraSetPosition	zClass_Camera::gwCameraSetPosition	retained	Inferred	Retain reconstructed descriptive spelling; exact original spelling is not established.	src/GameZRecoil/zClass/Camera.c:483
recoil:function:0x449f50	0x449f50	zClass_Camera::ActivateChildren	zClass_Camera::ActivateChildren	retained	Inferred	Retain reconstructed descriptive spelling; exact original spelling is not established.	src/GameZRecoil/zClass/Camera.c:513
recoil:function:0x449fb0	0x449fb0	zClass_Camera::gwCameraTranslate	zClass_Camera::gwCameraTranslate	retained	Inferred	Retain reconstructed descriptive spelling; exact original spelling is not established.	src/GameZRecoil/zClass/Camera.c:537
recoil:function:0x44a060	0x44a060	zClass_Camera::gwCameraGetPosition	zClass_Camera::gwCameraGetPosition	retained	Inferred	Retain reconstructed descriptive spelling; exact original spelling is not established.	src/GameZRecoil/zClass/Camera.c:566
recoil:function:0x44a0f0	0x44a0f0	zClass_Camera::gwCameraSetTarget	zClass_Camera::gwCameraSetTarget	retained	Inferred	Retain reconstructed descriptive spelling; exact original spelling is not established.	src/GameZRecoil/zClass/Camera.c:590
recoil:function:0x44a1a0	0x44a1a0	zClass_Camera::gwCameraTranslateTarget	zClass_Camera::gwCameraTranslateTarget	retained	Inferred	Retain reconstructed descriptive spelling; exact original spelling is not established.	src/GameZRecoil/zClass/Camera.c:619
recoil:function:0x44a250	0x44a250	zClass_Camera::gwCameraGetTarget	zClass_Camera::gwCameraGetTarget	retained	Inferred	Retain reconstructed descriptive spelling; exact original spelling is not established.	src/GameZRecoil/zClass/Camera.c:648
recoil:function:0x44a2f0	0x44a2f0	zClass_Camera::gwCameraSetNearFarClip	zClass_Camera::gwCameraSetNearFarClip	retained	Inferred	Retain reconstructed descriptive spelling; exact original spelling is not established.	src/GameZRecoil/zClass/Camera.c:673
recoil:function:0x44a380	0x44a380	zClass_Camera::gwCameraGetNearFarClip	zClass_Camera::gwCameraGetNearFarClip	retained	Inferred	Retain reconstructed descriptive spelling; exact original spelling is not established.	src/GameZRecoil/zClass/Camera.c:696
recoil:function:0x44a410	0x44a410	zClass_Camera::gwCameraSetViewport	zClass_Camera::gwCameraSetViewport	retained	Inferred	Retain reconstructed descriptive spelling; exact original spelling is not established.	src/GameZRecoil/zClass/Camera.c:718
recoil:function:0x44a580	0x44a580	zClass_Camera::gwCameraGetViewport	zClass_Camera::gwCameraGetViewport	retained	Inferred	Retain reconstructed descriptive spelling; exact original spelling is not established.	src/GameZRecoil/zClass/Camera.c:761
recoil:function:0x44a610	0x44a610	zClass_Camera::gwCameraSetFOV	zClass_Camera::gwCameraSetFOV	retained	Inferred	Retain reconstructed descriptive spelling; exact original spelling is not established.	src/GameZRecoil/zClass/Camera.c:783
recoil:function:0x44a760	0x44a760	zClass_Camera::gwCameraGetFOV	zClass_Camera::gwCameraGetFOV	retained	Inferred	Retain reconstructed descriptive spelling; exact original spelling is not established.	src/GameZRecoil/zClass/Camera.c:823
recoil:function:0x44a7f0	0x44a7f0	zClass_Camera::gwCameraGetClipDistance	zClass_Camera::gwCameraGetClipDistance	retained	Inferred	Retain reconstructed descriptive spelling; exact original spelling is not established.	src/GameZRecoil/zClass/Camera.c:845
recoil:function:0x44a870	0x44a870	zClass_Camera::gwCameraSetClipDistance	zClass_Camera::gwCameraSetClipDistance	retained	Inferred	Retain reconstructed descriptive spelling; exact original spelling is not established.	src/GameZRecoil/zClass/Camera.c:865
recoil:function:0x44a910	0x44a910	zClass_Camera::gwCameraSetHorizon	zClass_Camera::gwCameraSetHorizon	retained	Inferred	Retain reconstructed descriptive spelling; exact original spelling is not established.	src/GameZRecoil/zClass/Camera.c:886
recoil:function:0x44a980	0x44a980	zClass_Camera::gwCameraSetHorizonXZ	zClass_Camera::gwCameraSetHorizonXZ	retained	Inferred	Retain reconstructed descriptive spelling; exact original spelling is not established.	src/GameZRecoil/zClass/Camera.c:906
recoil:function:0x44a9f0	0x44a9f0	zClass_Camera::gwCameraUpdate	zClass_Camera::gwCameraUpdate	retained	Inferred	Retain reconstructed descriptive spelling; exact original spelling is not established.	src/GameZRecoil/zClass/Camera.c:925
recoil:function:0x44aa30	0x44aa30	zClass_Camera::UpdateImpl	zClass_Camera::UpdateImpl	retained	Inferred	Retain reconstructed descriptive spelling; exact original spelling is not established.	src/GameZRecoil/zClass/Camera.c:944
recoil:function:0x44abf0	0x44abf0	zClass_Camera::BuildWorldTransform	zClass_Camera::BuildWorldTransform	retained	Inferred	Retain reconstructed descriptive spelling; exact original spelling is not established.	src/GameZRecoil/zClass/Camera.c:1005
recoil:function:0x44ada0	0x44ada0	zClass_Camera::RenderTraverse	zClass_Camera::RenderTraverse	retained	Inferred	Retain reconstructed descriptive spelling; exact original spelling is not established.	src/GameZRecoil/zClass/Camera.c:1077
recoil:function:0x44af60	0x44af60	zClass_Sound::RenderTraverse	zClass_Sound::RenderTraverse	retained	Inferred	Retain reconstructed descriptive spelling; exact original spelling is not established.	src/GameZRecoil/zClass/Camera.c:1167
recoil:function:0x44b140	0x44b140	zClass_Light::RenderTraverse	zClass_Light::RenderTraverse	retained	Inferred	Retain reconstructed descriptive spelling; exact original spelling is not established.	src/GameZRecoil/zClass/Camera.c:1256
recoil:function:0x44b300	0x44b300	zClass_Object3D::RenderTraverse	zClass_Object3D::RenderTraverse	retained	Inferred	Retain reconstructed descriptive spelling; exact original spelling is not established.	src/GameZRecoil/zClass/Camera.c:1556
recoil:function:0x44b710	0x44b710	zClass_Animate::RenderTraverse	zClass_Animate::RenderTraverse	retained	Inferred	Retain reconstructed descriptive spelling; exact original spelling is not established.	src/GameZRecoil/zClass/Camera.c:1781
recoil:function:0x44b8c0	0x44b8c0	zClass_Lod::RenderTraverse	zClass_Lod::RenderTraverse	retained	Inferred	Retain reconstructed descriptive spelling; exact original spelling is not established.	src/GameZRecoil/zClass/Camera.c:1878
recoil:function:0x44bea0	0x44bea0	zClass_Sequence::RenderTraverse	zClass_Sequence::RenderTraverse	retained	Inferred	Retain reconstructed descriptive spelling; exact original spelling is not established.	src/GameZRecoil/zClass/Camera.c:2095
recoil:function:0x44bfb0	0x44bfb0	zClass_Switch::RenderTraverse	zClass_Switch::RenderTraverse	retained	Inferred	Retain reconstructed descriptive spelling; exact original spelling is not established.	src/GameZRecoil/zClass/Camera.c:2169
recoil:function:0x44c0e0	0x44c0e0	zClass_Class::gwNodeRenderDispatch	zClass_Class::gwNodeRenderDispatch	retained	Inferred	Retain reconstructed descriptive spelling; exact original spelling is not established.	src/GameZRecoil/zClass/Camera.c:2237
recoil:function:0x44c1b0	0x44c1b0	zClass_Camera::FastAngleXZ	zClass_Camera::FastAngleXZ	retained	Inferred	Retain reconstructed descriptive spelling; exact original spelling is not established.	src/GameZRecoil/zClass/Camera.c:2277
recoil:function:0x44c230	0x44c230	zClass_Camera::FindConvexHullXZ	zClass_Camera::FindConvexHullXZ	retained	Inferred	Retain reconstructed descriptive spelling; exact original spelling is not established.	src/GameZRecoil/zClass/Camera.c:2309
recoil:function:0x44c3c0	0x44c3c0	zClass_Camera::BuildFrustumGridTiles	zClass_Camera::BuildFrustumGridTiles	retained	Inferred	Retain reconstructed descriptive spelling; exact original spelling is not established.	src/GameZRecoil/zClass/Camera.c:2383
recoil:function:0x44c8e0	0x44c8e0	zClass_Camera::BuildFrustumGridTilesFromParams	zClass_Camera::BuildFrustumGridTilesFromParams	retained	Inferred	Retain reconstructed descriptive spelling; exact original spelling is not established.	src/GameZRecoil/zClass/Camera.c:2611
recoil:function:0x44ce70	0x44ce70	zClass_Camera::RenderFrustumGridTiles	zClass_Camera::RenderFrustumGridTiles	retained	Inferred	Retain reconstructed descriptive spelling; exact original spelling is not established.	src/GameZRecoil/zClass/Camera.c:2884
recoil:function:0x44d200	0x44d200	zClass_Camera::RenderOverlayNodes	zClass_Camera::RenderOverlayNodes	retained	Inferred	Retain reconstructed descriptive spelling; exact original spelling is not established.	src/GameZRecoil/zClass/Camera.c:3014
recoil:function:0x44d240	0x44d240	zClass_Camera::RenderWorld	zClass_Camera::RenderWorld	retained	Inferred	Retain reconstructed descriptive spelling; exact original spelling is not established.	src/GameZRecoil/zClass/Camera.c:3028
recoil:function:0x44d260	0x44d260	zClass_Camera::gwCameraSetVariantTagOverride	zClass_Camera::gwCameraSetVariantTagOverride	retained	Inferred	Retain reconstructed descriptive spelling; exact original spelling is not established.	src/GameZRecoil/zClass/Camera.c:3043
recoil:function:0x44d320	0x44d320	zClass_Camera::SyncViewContextPositions	zClass_Camera::SyncViewContextPositions	retained	Inferred	Retain reconstructed descriptive spelling; exact original spelling is not established.	src/GameZRecoil/zClass/Camera.c:3072
recoil:function:0x44d3a0	0x44d3a0	zClass_Camera::RenderScene	zClass_Camera::RenderScene	retained	Inferred	Retain reconstructed descriptive spelling; exact original spelling is not established.	src/GameZRecoil/zClass/Camera.c:3118
recoil:function:0x44d600	0x44d600	zVideo_sw::RenderFrame	zVideoswRenderFrame	renamed	Inferred	Synchronize current defining source name; descriptive reconstruction, not recovered original spelling.	src/GameZRecoil/zClass/Camera.c:3228
recoil:function:0x44d990	0x44d990	zClass_Node::PropagateTransformDirtyRecursive	zClass_Node::PropagateTransformDirtyRecursive	retained	Inferred	Retain reconstructed descriptive spelling; exact original spelling is not established.	src/GameZRecoil/zClass/Object3d.c:35
recoil:function:0x44d9e0	0x44d9e0	zClass_Object3D::PropagateTransformDirty	zClass_Object3D::PropagateTransformDirty	retained	Inferred	Retain reconstructed descriptive spelling; exact original spelling is not established.	src/GameZRecoil/zClass/Object3d.c:61
recoil:function:0x44daa0	0x44daa0	zClass_Object3D::gwObject3DInit	zClass_Object3D::gwObject3DInit	retained	Inferred	Retain reconstructed descriptive spelling; exact original spelling is not established.	src/GameZRecoil/zClass/Object3d.c:113
recoil:function:0x44db00	0x44db00	zClass_Object3D::DeleteNode	zClass_Object3D::DeleteNode	retained	Inferred	Retain physical/compiler projection label; no unique attached defining function body in the source inventory.	
recoil:function:0x44db10	0x44db10	zClass_Object3D::gwObject3DAddChild	zClass_Object3D::gwObject3DAddChild	retained	Inferred	Retain reconstructed descriptive spelling; exact original spelling is not established.	src/GameZRecoil/zClass/Object3d.c:141
recoil:function:0x44db60	0x44db60	zClass_Object3D::RemoveChild	zClass_Object3D::RemoveChild	retained	Inferred	Retain reconstructed descriptive spelling; exact original spelling is not established.	src/GameZRecoil/zClass/Object3d.c:168
recoil:function:0x44dbb0	0x44dbb0	zClass_Object3D::gwObject3DSetVisibleFlag	zClass_Object3D::gwObject3DSetVisibleFlag	retained	Inferred	Retain reconstructed descriptive spelling; exact original spelling is not established.	src/GameZRecoil/zClass/Object3d.c:194
recoil:function:0x44dc30	0x44dc30	zClass_Object3D::gwObject3DSetColorAlpha	zClass_Object3D::gwObject3DSetColorAlpha	retained	Inferred	Retain reconstructed descriptive spelling; exact original spelling is not established.	src/GameZRecoil/zClass/Object3d.c:233
recoil:function:0x44dd90	0x44dd90	zClass_Object3D::gwObject3DSetAlphaScale	zClass_Object3D::gwObject3DSetAlphaScale	retained	Inferred	Retain reconstructed descriptive spelling; exact original spelling is not established.	src/GameZRecoil/zClass/Object3d.c:277
recoil:function:0x44de10	0x44de10	zClass_Object3D::gwObject3DGetAlphaScale	zClass_Object3D::gwObject3DGetAlphaScale	retained	Inferred	Retain reconstructed descriptive spelling; exact original spelling is not established.	src/GameZRecoil/zClass/Object3d.c:325
recoil:function:0x44de80	0x44de80	zClass_Object3D::gwObject3DSetLitFlag	zClass_Object3D::gwObject3DSetLitFlag	retained	Inferred	Retain reconstructed descriptive spelling; exact original spelling is not established.	src/GameZRecoil/zClass/Object3d.c:373
recoil:function:0x44df00	0x44df00	zClass_Object3D::gwObject3DSetScale	zClass_Object3D::gwObject3DSetScale	retained	Inferred	Retain reconstructed descriptive spelling; exact original spelling is not established.	src/GameZRecoil/zClass/Object3d.c:426
recoil:function:0x44dfd0	0x44dfd0	zClass_Object3D::gwObject3DGetScale	zClass_Object3D::gwObject3DGetScale	retained	Inferred	Retain reconstructed descriptive spelling; exact original spelling is not established.	src/GameZRecoil/zClass/Object3d.c:466
recoil:function:0x44e030	0x44e030	zClass_Object3D::gwObject3DSetRotation	zClass_Object3D::gwObject3DSetRotation	retained	Inferred	Retain reconstructed descriptive spelling; exact original spelling is not established.	src/GameZRecoil/zClass/Object3d.c:493
recoil:function:0x44e110	0x44e110	zClass_Object3D::gwObject3DGetRotation	zClass_Object3D::gwObject3DGetRotation	retained	Inferred	Retain reconstructed descriptive spelling; exact original spelling is not established.	src/GameZRecoil/zClass/Object3d.c:533
recoil:function:0x44e170	0x44e170	zClass_Object3D::gwObject3DTranslateRotation	zClass_Object3D::gwObject3DTranslateRotation	retained	Inferred	Retain reconstructed descriptive spelling; exact original spelling is not established.	src/GameZRecoil/zClass/Object3d.c:560
recoil:function:0x44e270	0x44e270	zClass_Object3D::gwObject3DGetPosition	zClass_Object3D::gwObject3DGetPosition	retained	Inferred	Retain reconstructed descriptive spelling; exact original spelling is not established.	src/GameZRecoil/zClass/Object3d.c:603
recoil:function:0x44e300	0x44e300	zClass_Object3D::gwObject3DSetPosition	zClass_Object3D::gwObject3DSetPosition	retained	Inferred	Retain reconstructed descriptive spelling; exact original spelling is not established.	src/GameZRecoil/zClass/Object3d.c:641
recoil:function:0x44e3d0	0x44e3d0	zClass_Object3D::gwObject3DTranslatePosition	zClass_Object3D::gwObject3DTranslatePosition	retained	Inferred	Retain reconstructed descriptive spelling; exact original spelling is not established.	src/GameZRecoil/zClass/Object3d.c:679
recoil:function:0x44e4f0	0x44e4f0	zClass_Object3D::gwObject3DSetMatrix	zClass_Object3D::gwObject3DSetMatrix	retained	Inferred	Retain reconstructed descriptive spelling; exact original spelling is not established.	src/GameZRecoil/zClass/Object3d.c:730
recoil:function:0x44e5b0	0x44e5b0	zClass_Object3D::gwObject3DGetMatrixPtr	zClass_Object3D::gwObject3DGetMatrixPtr	retained	Inferred	Retain reconstructed descriptive spelling; exact original spelling is not established.	src/GameZRecoil/zClass/Object3d.c:773
recoil:function:0x44e630	0x44e630	zClass_TypeList::AllocLink	zClass_TypeList::AllocLink	retained	Inferred	Retain reconstructed descriptive spelling; exact original spelling is not established.	src/GameZRecoil/zClass/List.c:213
recoil:function:0x44e690	0x44e690	zClass_TypeList::FreeLink	zClass_TypeList::FreeLink	retained	Inferred	Retain reconstructed descriptive spelling; exact original spelling is not established.	src/GameZRecoil/zClass/List.c:246
recoil:function:0x44e6d0	0x44e6d0	zClass_TypeList::FreeAll	zClass_TypeList::FreeAll	retained	Inferred	Retain reconstructed descriptive spelling; exact original spelling is not established.	src/GameZRecoil/zClass/List.c:271
recoil:function:0x44e700	0x44e700	zClass_TypeList::ProcessPendingRemovals	zClass_TypeList::ProcessPendingRemovals	retained	Inferred	Retain reconstructed descriptive spelling; exact original spelling is not established.	src/GameZRecoil/zClass/List.c:286
recoil:function:0x44e920	0x44e920	zClass::ProcessDeferredWork	zClass::ProcessDeferredWork	retained	Inferred	Retain reconstructed descriptive spelling; exact original spelling is not established.	src/GameZRecoil/zClass/List.c:341
recoil:function:0x44ea70	0x44ea70	zClass_TypeList::UpdateAllBuckets	zClass_TypeList::UpdateAllBuckets	retained	Inferred	Retain reconstructed descriptive spelling; exact original spelling is not established.	src/GameZRecoil/zClass/List.c:386
recoil:function:0x44eaa0	0x44eaa0	zClass_TypeList::UpdateBucket	zClass_TypeList::UpdateBucket	retained	Inferred	Retain reconstructed descriptive spelling; exact original spelling is not established.	src/GameZRecoil/zClass/List.c:402
recoil:function:0x44eb00	0x44eb00	gwNode::UpdateSubtree	gwNode::UpdateSubtree	retained	Inferred	Retain reconstructed descriptive spelling; exact original spelling is not established.	src/GameZRecoil/zClass/List.c:430
recoil:function:0x44eb50	0x44eb50	gwNode::UpdateTree	gwNode::UpdateTree	retained	Inferred	Retain reconstructed descriptive spelling; exact original spelling is not established.	src/GameZRecoil/zClass/List.c:451
recoil:function:0x44eba0	0x44eba0	zClass_TypeList::UpdateQueuedTrees	zClass_TypeList::UpdateQueuedTrees	retained	Inferred	Retain reconstructed descriptive spelling; exact original spelling is not established.	src/GameZRecoil/zClass/List.c:473
recoil:function:0x44ebe0	0x44ebe0	zClass_TypeList::UpdateSequences	zClass_TypeList::UpdateSequences	retained	Inferred	Retain reconstructed descriptive spelling; exact original spelling is not established.	src/GameZRecoil/zClass/List.c:497
recoil:function:0x44ec30	0x44ec30	zClass_TypeList::UpdateAnimations	zClass_TypeList::UpdateAnimations	retained	Inferred	Retain reconstructed descriptive spelling; exact original spelling is not established.	src/GameZRecoil/zClass/List.c:524
recoil:function:0x44ec80	0x44ec80	zClass_Class::gwNodeUpdateAll	zClass_Class::gwNodeUpdateAll	retained	Inferred	Retain reconstructed descriptive spelling; exact original spelling is not established.	src/GameZRecoil/zClass/List.c:554
recoil:function:0x44ec90	0x44ec90	zClass_TypeList::CountNodes	zClass_TypeList::CountNodes	retained	Inferred	Retain reconstructed descriptive spelling; exact original spelling is not established.	src/GameZRecoil/zClass/List.c:567
recoil:function:0x44ecb0	0x44ecb0	zClass_TypeList::PrintBucket	zClass_TypeList::PrintBucket	retained	Inferred	Retain reconstructed descriptive spelling; exact original spelling is not established.	src/GameZRecoil/zClass/List.c:583
recoil:function:0x44ecf0	0x44ecf0	zClass::FindByTypeAndName	zClass::FindByTypeAndName	retained	Inferred	Retain reconstructed descriptive spelling; exact original spelling is not established.	src/GameZRecoil/zClass/List.c:599
recoil:function:0x44ed50	0x44ed50	zClass_TypeList::GetBucketHead	zClass_TypeList::GetBucketHead	retained	Inferred	Retain reconstructed descriptive spelling; exact original spelling is not established.	src/GameZRecoil/zClass/List.c:622
recoil:function:0x44ed60	0x44ed60	zClass_NodeList::Insert	zClass_NodeList::Insert	retained	Inferred	Retain reconstructed descriptive spelling; exact original spelling is not established.	src/GameZRecoil/zClass/List.c:636
recoil:function:0x44ed90	0x44ed90	zClass_TypeList::Insert	zClass_TypeList::Insert	retained	Inferred	Retain reconstructed descriptive spelling; exact original spelling is not established.	src/GameZRecoil/zClass/List.c:659
recoil:function:0x44ee10	0x44ee10	zClass_TypeList::InsertChildNodes	zClass_TypeList::InsertChildNodes	retained	Inferred	Retain reconstructed descriptive spelling; exact original spelling is not established.	src/GameZRecoil/zClass/List.c:698
recoil:function:0x44eea0	0x44eea0	zClass_NodeList::ProcessPendingFrees	zClass_NodeList::ProcessPendingFrees	retained	Inferred	Retain reconstructed descriptive spelling; exact original spelling is not established.	src/GameZRecoil/zClass/List.c:741
recoil:function:0x44eed0	0x44eed0	zClass_TypeList::MarkPendingRemoval	zClass_TypeList::MarkPendingRemoval	retained	Inferred	Retain reconstructed descriptive spelling; exact original spelling is not established.	src/GameZRecoil/zClass/List.c:759
recoil:function:0x44f000	0x44f000	zClass_List::DeleteNodeFromLists	zClass_List::DeleteNodeFromLists	retained	Inferred	Retain reconstructed descriptive spelling; exact original spelling is not established.	src/GameZRecoil/zClass/List.c:791
recoil:function:0x44f120	0x44f120	zClass_List::DeleteAllOfType	zClass_List::DeleteAllOfType	retained	Inferred	Retain reconstructed descriptive spelling; exact original spelling is not established.	src/GameZRecoil/zClass/List.c:849
recoil:function:0x44f1d0	0x44f1d0	zClass_List::gwListDeleteANode	zClass_List::_gwListDeleteANode	renamed	Recoil-confirmed leaf; inferred scope	Retail diagnostic at 0x4de064 establishes leaf _gwListDeleteANode; existing source scope is retained.	src/GameZRecoil/zClass/List.c:900
recoil:function:0x44f630	0x44f630	zClass_List::RenderActiveCameras	zClass_List::RenderActiveCameras	retained	Inferred	Retain reconstructed descriptive spelling; exact original spelling is not established.	src/GameZRecoil/zClass/List.c:1151
recoil:function:0x44f690	0x44f690	zClass_List::IterateBucketFiltered	zClass_List::IterateBucketFiltered	retained	Inferred	Retain reconstructed descriptive spelling; exact original spelling is not established.	src/GameZRecoil/zClass/List.c:1186
recoil:function:0x44f6f0	0x44f6f0	zClass::FindNextByTypePrefix	zClass::FindNextByTypePrefix	retained	Inferred	Retain reconstructed descriptive spelling; exact original spelling is not established.	src/GameZRecoil/zClass/List.c:1219
recoil:function:0x44f720	0x44f720	zClass::FindNextByTypePrefix_Predicate	zClass::FindNextByTypePrefixPredicate	renamed	Inferred	Synchronize current defining source name; descriptive reconstruction, not recovered original spelling.	src/GameZRecoil/zClass/List.c:1241
recoil:function:0x44f740	0x44f740	zClass_Class::gwNodeFindNextByName	zClass_Class::gwNodeFindNextByName	retained	Inferred	Retain reconstructed descriptive spelling; exact original spelling is not established.	src/GameZRecoil/zClass/List.c:1271
recoil:function:0x44f750	0x44f750	zClass_Class::gwNodeFindNextByName_Predicate	zClass_Class::gwNodeFindNextByNamePredicate	renamed	Inferred	Synchronize current defining source name; descriptive reconstruction, not recovered original spelling.	src/GameZRecoil/zClass/List.c:1286
recoil:function:0x44f7a0	0x44f7a0	zClass_Window::gwWindowNew	zClass_Window::gwWindowNew	retained	Inferred	Retain reconstructed descriptive spelling; exact original spelling is not established.	src/GameZRecoil/zClass/Window.c:29
recoil:function:0x44f870	0x44f870	zClass::RemoveChildChecked	zClass::RemoveChildChecked	retained	Inferred	Retain physical/compiler projection label; no unique attached defining function body in the source inventory.	
recoil:function:0x44f8b0	0x44f8b0	zClass_Window::gwWindowSetResolution	zClass_Window::gwWindowSetResolution	retained	Inferred	Retain reconstructed descriptive spelling; exact original spelling is not established.	src/GameZRecoil/zClass/Window.c:110
recoil:function:0x44f930	0x44f930	zClass_Window::gwWindowGetResolution	zClass_Window::gwWindowGetResolution	retained	Inferred	Retain reconstructed descriptive spelling; exact original spelling is not established.	src/GameZRecoil/zClass/Window.c:152
recoil:function:0x44f9c0	0x44f9c0	zClass_Window::gwWindowSetSize	zClass_Window::gwWindowSetSize	retained	Inferred	Retain reconstructed descriptive spelling; exact original spelling is not established.	src/GameZRecoil/zClass/Window.c:200
recoil:function:0x44fa40	0x44fa40	zClass_Window::gwWindowGetSize	zClass_Window::gwWindowGetSize	retained	Inferred	Retain reconstructed descriptive spelling; exact original spelling is not established.	src/GameZRecoil/zClass/Window.c:242
recoil:function:0x44fad0	0x44fad0	zClass_Window::gwWindowSetBuffer	zClass_Window::gwWindowSetBuffer	retained	Inferred	Retain reconstructed descriptive spelling; exact original spelling is not established.	src/GameZRecoil/zClass/Window.c:290
recoil:function:0x44fb40	0x44fb40	zClass_Window::gwWindowSetClearPolygon	zClass_Window::gwWindowSetClearPolygon	retained	Inferred	Retain reconstructed descriptive spelling; exact original spelling is not established.	src/GameZRecoil/zClass/Window.c:336
recoil:function:0x44fbd0	0x44fbd0	zClass_Window::gwWindowAddClearPolygonVertex	zClass_Window::gwWindowAddClearPolygonVertex	retained	Inferred	Retain reconstructed descriptive spelling; exact original spelling is not established.	src/GameZRecoil/zClass/Window.c:387
recoil:function:0x44fcf0	0x44fcf0	zClass_Window::gwWindowCloseClearPolygon	zClass_Window::gwWindowCloseClearPolygon	retained	Inferred	Retain reconstructed descriptive spelling; exact original spelling is not established.	src/GameZRecoil/zClass/Window.c:463
recoil:function:0x44fdd0	0x44fdd0	zClass_Display::gwDisplayInit	zClass_Display::gwDisplayInit	retained	Inferred	Retain reconstructed descriptive spelling; exact original spelling is not established.	src/GameZRecoil/zClass/Display.c:36
recoil:function:0x44fe50	0x44fe50	zClass_Display::RemoveChild	zClass_Display::RemoveChild	retained	Inferred	Retain reconstructed descriptive spelling; exact original spelling is not established.	src/GameZRecoil/zClass/Display.c:68
recoil:function:0x44fe90	0x44fe90	zClass_Display::gwDisplaySetSize	zClass_Display::gwDisplaySetSize	retained	Inferred	Retain reconstructed descriptive spelling; exact original spelling is not established.	src/GameZRecoil/zClass/Display.c:92
recoil:function:0x44ff10	0x44ff10	zClass_Display::gwDisplaySetPosition	zClass_Display::gwDisplaySetPosition	retained	Inferred	Retain reconstructed descriptive spelling; exact original spelling is not established.	src/GameZRecoil/zClass/Display.c:130
recoil:function:0x44ff90	0x44ff90	zClass_Display::gwDisplaySetBackgroundColor	zClass_Display::gwDisplaySetBackgroundColor	retained	Inferred	Retain reconstructed descriptive spelling; exact original spelling is not established.	src/GameZRecoil/zClass/Display.c:169
recoil:function:0x450030	0x450030	zClass_World::QueueAreaUpdate	zClass_World::QueueAreaUpdate	retained	Inferred	Retain reconstructed descriptive spelling; exact original spelling is not established.	src/GameZRecoil/zClass/cls_world.c:146
recoil:function:0x4500b0	0x4500b0	zClass_World::RebuildAreaBounds	zClass_World::RebuildAreaBounds	retained	Inferred	Retain reconstructed descriptive spelling; exact original spelling is not established.	src/GameZRecoil/zClass/cls_world.c:180
recoil:function:0x4501c0	0x4501c0	zClass_World::gwWorldNew	zClass_World::gwWorldNew	retained	Inferred	Retain reconstructed descriptive spelling; exact original spelling is not established.	src/GameZRecoil/zClass/cls_world.c:249
recoil:function:0x450240	0x450240	zClass_World::DeleteNode	zClass_World::DeleteNode	retained	Inferred	Retain reconstructed descriptive spelling; exact original spelling is not established.	src/GameZRecoil/zClass/cls_world.c:281
recoil:function:0x4502b0	0x4502b0	zClass_World::InitVirtualAreaPartitions	zClass_World::InitVirtualAreaPartitions	retained	Inferred	Retain reconstructed descriptive spelling; exact original spelling is not established.	src/GameZRecoil/zClass/cls_world.c:314
recoil:function:0x450510	0x450510	zClass_World::SetVirtualPartition	zClass_World::SetVirtualPartition	retained	Inferred	Retain reconstructed descriptive spelling; exact original spelling is not established.	src/GameZRecoil/zClass/cls_world.c:404
recoil:function:0x450530	0x450530	zClass_World::ApplyPendingFogSettings	zClass_World::ApplyPendingFogSettings	retained	Inferred	Retain reconstructed descriptive spelling; exact original spelling is not established.	src/GameZRecoil/zClass/cls_world.c:423
recoil:function:0x450650	0x450650	zClass_World::WorldToGridCoordsClampedEx	zClass_World::WorldToGridCoordsClampedEx	retained	Inferred	Retain reconstructed descriptive spelling; exact original spelling is not established.	src/GameZRecoil/zClass/cls_world.c:497
recoil:function:0x450790	0x450790	zClass_World::WorldToGridCoordsClamped	zClass_World::WorldToGridCoordsClamped	retained	Inferred	Retain reconstructed descriptive spelling; exact original spelling is not established.	src/GameZRecoil/zClass/cls_world.c:549
recoil:function:0x450840	0x450840	zClass_World::WorldRectToGridIndex	zClass_World::WorldRectToGridIndex	retained	Inferred	Retain reconstructed descriptive spelling; exact original spelling is not established.	src/GameZRecoil/zClass/cls_world.c:590
recoil:function:0x450a00	0x450a00	zClass_World::GetAreaPartitionAtGrid	zClass_World::GetAreaPartitionAtGrid	retained	Inferred	Retain reconstructed descriptive spelling; exact original spelling is not established.	src/GameZRecoil/zClass/cls_world.c:656
recoil:function:0x450a70	0x450a70	zClass_World::EnsureGridCellDisplayPosition	zClass_World::EnsureGridCellDisplayPosition	retained	Inferred	Retain reconstructed descriptive spelling; exact original spelling is not established.	src/GameZRecoil/zClass/cls_world.c:682
recoil:function:0x450ae0	0x450ae0	zClass_World::SetPendingFogState	zClass_World::SetPendingFogState	retained	Inferred	Retain reconstructed descriptive spelling; exact original spelling is not established.	src/GameZRecoil/zClass/cls_world.c:715
recoil:function:0x450af0	0x450af0	zClass_World::SetPendingFogColorRgb01	zClass_World::SetPendingFogColorRgb01	retained	Inferred	Retain reconstructed descriptive spelling; exact original spelling is not established.	src/GameZRecoil/zClass/cls_world.c:732
recoil:function:0x450b20	0x450b20	zClass_World::SetPendingFogAltitudeRange	zClass_World::SetPendingFogAltitudeRange	retained	Inferred	Retain reconstructed descriptive spelling; exact original spelling is not established.	src/GameZRecoil/zClass/cls_world.c:755
recoil:function:0x450b40	0x450b40	zClass_World::SetPendingFogRange	zClass_World::SetPendingFogRange	retained	Inferred	Retain reconstructed descriptive spelling; exact original spelling is not established.	src/GameZRecoil/zClass/cls_world.c:776
recoil:function:0x450b60	0x450b60	zClass_World::SetPendingFogDensity	zClass_World::SetPendingFogDensity	retained	Inferred	Retain reconstructed descriptive spelling; exact original spelling is not established.	src/GameZRecoil/zClass/cls_world.c:797
recoil:function:0x450b80	0x450b80	zClass_World::GetPendingFogDensity	zClass_World::GetPendingFogDensity	retained	Inferred	Retain reconstructed descriptive spelling; exact original spelling is not established.	src/GameZRecoil/zClass/cls_world.c:815
recoil:function:0x450b90	0x450b90	zClass_World::GetPendingFogState	zClass_World::GetPendingFogState	retained	Inferred	Retain reconstructed descriptive spelling; exact original spelling is not established.	src/GameZRecoil/zClass/cls_world.c:832
recoil:function:0x450ba0	0x450ba0	zClass_World::GetPendingFogColorRgb01	zClass_World::GetPendingFogColorRgb01	retained	Inferred	Retain reconstructed descriptive spelling; exact original spelling is not established.	src/GameZRecoil/zClass/cls_world.c:849
recoil:function:0x450bc0	0x450bc0	zClass_World::GetPendingFogRange	zClass_World::GetPendingFogRange	retained	Inferred	Retain reconstructed descriptive spelling; exact original spelling is not established.	src/GameZRecoil/zClass/cls_world.c:871
recoil:function:0x450be0	0x450be0	zClass_World::GetPendingFogAltitudeRange	zClass_World::GetPendingFogAltitudeRange	retained	Inferred	Retain reconstructed descriptive spelling; exact original spelling is not established.	src/GameZRecoil/zClass/cls_world.c:891
recoil:function:0x450c00	0x450c00	zClass_World::gwWorldSetOrigin	zClass_World::gwWorldSetOrigin	retained	Inferred	Retain reconstructed descriptive spelling; exact original spelling is not established.	src/GameZRecoil/zClass/cls_world.c:912
recoil:function:0x450c30	0x450c30	zClass_World::gwWorldSetSize	zClass_World::gwWorldSetSize	retained	Inferred	Retain reconstructed descriptive spelling; exact original spelling is not established.	src/GameZRecoil/zClass/cls_world.c:934
recoil:function:0x450c60	0x450c60	zClass_World::gwWorldSetVirtualAreaPartition	zClass_World::gwWorldSetVirtualAreaPartition	retained	Inferred	Retain reconstructed descriptive spelling; exact original spelling is not established.	src/GameZRecoil/zClass/cls_world.c:955
recoil:function:0x450e40	0x450e40	zClass_World::FreeVirtualAreaPartitions	zClass_World::FreeVirtualAreaPartitions	retained	Inferred	Retain reconstructed descriptive spelling; exact original spelling is not established.	src/GameZRecoil/zClass/cls_world.c:1030
recoil:function:0x450f00	0x450f00	zClass_World::gwWorldSetPartitionInclusionTolerance	zClass_World::gwWorldSetPartitionInclusionTolerance	retained	Inferred	Retain reconstructed descriptive spelling; exact original spelling is not established.	src/GameZRecoil/zClass/cls_world.c:1084
recoil:function:0x450f20	0x450f20	zClass_World::gwWorldSetMaxDecFeatures	zClass_World::gwWorldSetMaxDecFeatures	retained	Inferred	Retain reconstructed descriptive spelling; exact original spelling is not established.	src/GameZRecoil/zClass/cls_world.c:1103
recoil:function:0x450f60	0x450f60	zClass_World::AddChildToGridCell	zClass_World::AddChildToGridCell	retained	Inferred	Retain reconstructed descriptive spelling; exact original spelling is not established.	src/GameZRecoil/zClass/cls_world.c:1132
recoil:function:0x4510e0	0x4510e0	zClass_World::AddChildAtGrid	zClass_World::AddChildAtGrid	retained	Inferred	Retain reconstructed descriptive spelling; exact original spelling is not established.	src/GameZRecoil/zClass/cls_world.c:1203
recoil:function:0x451240	0x451240	zClass_World::RemoveChildAtGrid	zClass_World::RemoveChildAtGrid	retained	Inferred	Retain reconstructed descriptive spelling; exact original spelling is not established.	src/GameZRecoil/zClass/cls_world.c:1260
recoil:function:0x451360	0x451360	zClass_World::AddLight	zClass_World::AddLight	retained	Inferred	Retain reconstructed descriptive spelling; exact original spelling is not established.	src/GameZRecoil/zClass/cls_world.c:1330
recoil:function:0x451410	0x451410	zClass_World::RemoveLight	zClass_World::RemoveLight	retained	Inferred	Retain reconstructed descriptive spelling; exact original spelling is not established.	src/GameZRecoil/zClass/cls_world.c:1363
recoil:function:0x451540	0x451540	zClass_World::BuildActiveLightList	zClass_World::InitLightPointInPolygonXZ	renamed	Inferred	Synchronize current defining source name; descriptive reconstruction, not recovered original spelling.	src/GameZRecoil/zClass/cls_world.c:1433
recoil:function:0x451560	0x451560	zClass_World::UpdateAllLights	zClass_World::UpdateAllLights	retained	Inferred	Retain reconstructed descriptive spelling; exact original spelling is not established.	src/GameZRecoil/zClass/cls_world.c:1452
recoil:function:0x451590	0x451590	zClass_World::AddSound	zClass_World::AddSound	retained	Inferred	Retain reconstructed descriptive spelling; exact original spelling is not established.	src/GameZRecoil/zClass/cls_world.c:1470
recoil:function:0x451640	0x451640	zClass_World::RemoveSound	zClass_World::RemoveSound	retained	Inferred	Retain reconstructed descriptive spelling; exact original spelling is not established.	src/GameZRecoil/zClass/cls_world.c:1503
recoil:function:0x451770	0x451770	zClass_World::UpdateAllSounds	zClass_World::UpdateAllSounds	retained	Inferred	Retain reconstructed descriptive spelling; exact original spelling is not established.	src/GameZRecoil/zClass/cls_world.c:1575
recoil:function:0x4517a0	0x4517a0	zClass_World::WriteSettingsSection	zClass_World::WriteSettingsSection	retained	Inferred	Retain reconstructed descriptive spelling; exact original spelling is not established.	src/GameZRecoil/zClass/cls_world.c:1592
recoil:function:0x451840	0x451840	zClass_World::ReadSettingsSection	zClass_World::ReadSettingsSection	retained	Inferred	Retain reconstructed descriptive spelling; exact original spelling is not established.	src/GameZRecoil/zClass/cls_world.c:1631
recoil:function:0x4518b0	0x4518b0	zClass::SetNodeArraySize	zClass::SetNodeArraySize	retained	Inferred	Retain reconstructed descriptive spelling; exact original spelling is not established.	src/GameZRecoil/zClass/cls_util.c:290
recoil:function:0x4518e0	0x4518e0	zClass::Shutdown	zClass::Shutdown	retained	Inferred	Retain reconstructed descriptive spelling; exact original spelling is not established.	src/GameZRecoil/zClass/cls_util.c:313
recoil:function:0x4518f0	0x4518f0	zClass::IsInitialized	zClass::IsInitialized	retained	Inferred	Retain reconstructed descriptive spelling; exact original spelling is not established.	src/GameZRecoil/zClass/cls_util.c:326
recoil:function:0x451900	0x451900	zClass::Init	zClass::Init	retained	Inferred	Retain reconstructed descriptive spelling; exact original spelling is not established.	src/GameZRecoil/zClass/cls_util.c:336
recoil:function:0x451a00	0x451a00	zClass::ShutdownCore	zClass::ShutdownCore	retained	Inferred	Retain reconstructed descriptive spelling; exact original spelling is not established.	src/GameZRecoil/zClass/cls_util.c:386
recoil:function:0x451a60	0x451a60	zClass_Util::DestroyNodeRecursive	zClass_Util::DestroyNodeRecursive	retained	Inferred	Retain reconstructed descriptive spelling; exact original spelling is not established.	src/GameZRecoil/zClass/cls_util.c:416
recoil:function:0x451b20	0x451b20	zClass_cls_util::CopyNodeDisplayInstance	zClass_cls_util::CopyNodeDisplayInstance	retained	Inferred	Retain reconstructed descriptive spelling; exact original spelling is not established.	src/GameZRecoil/zClass/cls_util.c:471
recoil:function:0x451bd0	0x451bd0	zClass_cls_util::CopyNodeBaseData	zClass_cls_util::CopyNodeBaseData	retained	Inferred	Retain reconstructed descriptive spelling; exact original spelling is not established.	src/GameZRecoil/zClass/cls_util.c:520
recoil:function:0x451f70	0x451f70	zClass_cls_util::CopyCameraNode	zClass_cls_util::CopyCameraNode	retained	Inferred	Retain reconstructed descriptive spelling; exact original spelling is not established.	src/GameZRecoil/zClass/cls_util.c:741
recoil:function:0x4520c0	0x4520c0	zClass_cls_util::CopyLightNode_Unimplemented	zClass_cls_util::CopyLightNode	renamed	Inferred	Synchronize current defining source name; descriptive reconstruction, not recovered original spelling.	src/GameZRecoil/zClass/cls_util.c:810
recoil:function:0x4520e0	0x4520e0	zClass_cls_util::CopySoundNode_Unimplemented	zClass_cls_util::CopySoundNode	renamed	Inferred	Synchronize current defining source name; descriptive reconstruction, not recovered original spelling.	src/GameZRecoil/zClass/cls_util.c:827
recoil:function:0x452100	0x452100	zClass_cls_util::CopyObject3DNode	zClass_cls_util::CopyObject3DNode	retained	Inferred	Retain reconstructed descriptive spelling; exact original spelling is not established.	src/GameZRecoil/zClass/cls_util.c:844
recoil:function:0x452230	0x452230	zClass_cls_util::CopyAnimateNode_Unimplemented	zClass_cls_util::CopyAnimateNode	renamed	Inferred	Synchronize current defining source name; descriptive reconstruction, not recovered original spelling.	src/GameZRecoil/zClass/cls_util.c:921
recoil:function:0x452250	0x452250	zClass_cls_util::CopyLodNode	zClass_cls_util::CopyLodNode	retained	Inferred	Retain reconstructed descriptive spelling; exact original spelling is not established.	src/GameZRecoil/zClass/cls_util.c:938
recoil:function:0x4523c0	0x4523c0	zClass_cls_util::CopySequenceNode_Unimplemented	zClass_cls_util::CopySequenceNode	renamed	Inferred	Synchronize current defining source name; descriptive reconstruction, not recovered original spelling.	src/GameZRecoil/zClass/cls_util.c:996
recoil:function:0x4523e0	0x4523e0	zClass_cls_util::CopySwitchNode_Unimplemented	zClass_cls_util::CopySwitchNode	renamed	Inferred	Synchronize current defining source name; descriptive reconstruction, not recovered original spelling.	src/GameZRecoil/zClass/cls_util.c:1013
recoil:function:0x452400	0x452400	zClass_cls_util::CopyNodeDispatch	zClass_cls_util::CopyNodeDispatch	retained	Inferred	Retain reconstructed descriptive spelling; exact original spelling is not established.	src/GameZRecoil/zClass/cls_util.c:1028
recoil:function:0x452500	0x452500	zClass_cls_util::CopyNodeWithCloneOptions	zClass_cls_util::CopyNodeWithCloneOptions	retained	Inferred	Retain reconstructed descriptive spelling; exact original spelling is not established.	src/GameZRecoil/zClass/cls_util.c:1091
recoil:function:0x452560	0x452560	zClass_cls_util::CopyNode	zClass_cls_util::CopyNode	retained	Inferred	Retain reconstructed descriptive spelling; exact original spelling is not established.	src/GameZRecoil/zClass/cls_util.c:1117
recoil:function:0x4525d0	0x4525d0	BBox::MinMaxToBoundingSphere	BBox::MinMaxToBoundingSphere	retained	Inferred	Retain reconstructed descriptive spelling; exact original spelling is not established.	src/GameZRecoil/zClass/cls_util.c:1150
recoil:function:0x452650	0x452650	BBox::CornersToBoundingSphere	BBox::CornersToBoundingSphere	retained	Inferred	Retain reconstructed descriptive spelling; exact original spelling is not established.	src/GameZRecoil/zClass/cls_util.c:1172
recoil:function:0x452770	0x452770	zClass_Class::FindSubNodeByName	zClass_Class::FindSubNodeByName	retained	Inferred	Retain physical/compiler projection label; no unique attached defining function body in the source inventory.	
recoil:function:0x4527f0	0x4527f0	zClass_Node::HasRenderableDiPredicate	zClass_Node::HasRenderableDiPredicate	retained	Inferred	Retain physical/compiler projection label; no unique attached defining function body in the source inventory.	
recoil:function:0x452810	0x452810	zClass::AnyNodeMatchesPredicateRecursive	zClass::AnyNodeMatchesPredicateRecursive	retained	Inferred	Retain physical/compiler projection label; no unique attached defining function body in the source inventory.	
recoil:function:0x452860	0x452860	zClass_Node::SetMaterialFlagBit9ForFlagBit0EntriesRecursive	zClass_Node::SetMaterialFlagBit9ForFlagBit0EntriesRecursive	retained	Inferred	Retain physical/compiler projection label; no unique attached defining function body in the source inventory.	
recoil:function:0x4528a0	0x4528a0	zClass_Node::LoadFlagBit8MaterialImagesAndTexturePack	zClass_Node::LoadFlagBit8MaterialImagesAndTexturePack	retained	Inferred	Retain physical/compiler projection label; no unique attached defining function body in the source inventory.	
recoil:function:0x4528b0	0x4528b0	zClass_Node::InvalidateFlagBit8MaterialImagesRecursive	zClass_Node::InvalidateFlagBit8MaterialImagesRecursive	retained	Inferred	Retain physical/compiler projection label; no unique attached defining function body in the source inventory.	
recoil:function:0x4528e0	0x4528e0	zClass_Node::AssignInt32ToDiRecursive	zClass_Node::AssignInt32ToDiRecursive	retained	Inferred	Retain physical/compiler projection label; no unique attached defining function body in the source inventory.	
recoil:function:0x452920	0x452920	zClass_Class::AddChildValidated	zClass_Class::AddChildValidated	retained	Inferred	Retain physical/compiler projection label; no unique attached defining function body in the source inventory.	
recoil:function:0x452970	0x452970	zClass_Class::RemoveChildValidated	zClass_Class::RemoveChildValidated	retained	Inferred	Retain physical/compiler projection label; no unique attached defining function body in the source inventory.	
recoil:function:0x4529c0	0x4529c0	zClass_Sound::gwSoundNew	zClass_Sound::gwSoundNew	retained	Inferred	Retain reconstructed descriptive spelling; exact original spelling is not established.	src/GameZRecoil/zClass/Sound.c:27
recoil:function:0x452ab0	0x452ab0	zClass_Sound::DeleteNode	zClass_Sound::DeleteNode	retained	Inferred	Retain reconstructed descriptive spelling; exact original spelling is not established.	src/GameZRecoil/zClass/Sound.c:70
recoil:function:0x452b80	0x452b80	zClass_Sound::RemoveChild	zClass_Sound::RemoveChild	retained	Inferred	Retain reconstructed descriptive spelling; exact original spelling is not established.	src/GameZRecoil/zClass/Sound.c:120
recoil:function:0x452bc0	0x452bc0	zClass_Sound::SetSampleSetByName	zClass_Sound::SetSampleSetByName	retained	Inferred	Retain reconstructed descriptive spelling; exact original spelling is not established.	src/GameZRecoil/zClass/Sound.c:144
recoil:function:0x452c60	0x452c60	zClass_Sound::gwSoundSetActive	zClass_Sound::gwSoundSetActive	retained	Inferred	Retain reconstructed descriptive spelling; exact original spelling is not established.	src/GameZRecoil/zClass/Sound.c:180
recoil:function:0x452d00	0x452d00	zClass_Sound::gwSoundSetPosition	zClass_Sound::gwSoundSetPosition	retained	Inferred	Retain reconstructed descriptive spelling; exact original spelling is not established.	src/GameZRecoil/zClass/Sound.c:222
recoil:function:0x452d60	0x452d60	zClass_Sound::gwSoundGetPosition	zClass_Sound::gwSoundGetPosition	retained	Inferred	Retain reconstructed descriptive spelling; exact original spelling is not established.	src/GameZRecoil/zClass/Sound.c:254
recoil:function:0x452dc0	0x452dc0	zClass_Sound::UpdatePlayback	zClass_Sound::UpdatePlayback	retained	Inferred	Retain reconstructed descriptive spelling; exact original spelling is not established.	src/GameZRecoil/zClass/Sound.c:284
recoil:function:0x452ec0	0x452ec0	zClass_Sound::ComputeWorldTransform	zClass_Sound::ComputeWorldTransform	retained	Inferred	Retain reconstructed descriptive spelling; exact original spelling is not established.	src/GameZRecoil/zClass/Sound.c:342
recoil:function:0x452fd0	0x452fd0	zClass_Light::gwLightNew	zClass_Light::gwLightNew	retained	Inferred	Retain reconstructed descriptive spelling; exact original spelling is not established.	src/GameZRecoil/zClass/Light.c:49
recoil:function:0x453110	0x453110	zClass_Light::DeleteNode	zClass_Light::DeleteNode	retained	Inferred	Retain reconstructed descriptive spelling; exact original spelling is not established.	src/GameZRecoil/zClass/Light.c:105
recoil:function:0x4531c0	0x4531c0	zClass_Light::RemoveChild	zClass_Light::RemoveChild	retained	Inferred	Retain reconstructed descriptive spelling; exact original spelling is not established.	src/GameZRecoil/zClass/Light.c:143
recoil:function:0x453200	0x453200	zClass_Light::gwLightSetIntensity	zClass_Light::gwLightSetIntensity	retained	Inferred	Retain reconstructed descriptive spelling; exact original spelling is not established.	src/GameZRecoil/zClass/Light.c:166
recoil:function:0x453250	0x453250	zClass_Light::gwLightSetFalloff	zClass_Light::gwLightSetFalloff	retained	Inferred	Retain reconstructed descriptive spelling; exact original spelling is not established.	src/GameZRecoil/zClass/Light.c:192
recoil:function:0x4532a0	0x4532a0	zClass_Light::gwLightSetConeAngle	zClass_Light::gwLightSetConeAngle	retained	Inferred	Retain reconstructed descriptive spelling; exact original spelling is not established.	src/GameZRecoil/zClass/Light.c:218
recoil:function:0x4532f0	0x4532f0	zClass_Light::gwLightSetPointMode	zClass_Light::gwLightSetPointMode	retained	Inferred	Retain reconstructed descriptive spelling; exact original spelling is not established.	src/GameZRecoil/zClass/Light.c:244
recoil:function:0x453350	0x453350	zClass_Light::gwLightSetDirectionalMode	zClass_Light::gwLightSetDirectionalMode	retained	Inferred	Retain reconstructed descriptive spelling; exact original spelling is not established.	src/GameZRecoil/zClass/Light.c:268
recoil:function:0x4533b0	0x4533b0	zClass_Light::gwLightSetParam	zClass_Light::gwLightSetParam	retained	Inferred	Retain reconstructed descriptive spelling; exact original spelling is not established.	src/GameZRecoil/zClass/Light.c:292
recoil:function:0x453400	0x453400	zClass_Light::gwLightSetRange	zClass_Light::gwLightSetRange	retained	Inferred	Retain reconstructed descriptive spelling; exact original spelling is not established.	src/GameZRecoil/zClass/Light.c:318
recoil:function:0x453500	0x453500	zClass_Light::gwLightGetRange	zClass_Light::gwLightGetRange	retained	Inferred	Retain reconstructed descriptive spelling; exact original spelling is not established.	src/GameZRecoil/zClass/Light.c:359
recoil:function:0x453560	0x453560	zClass_Light::gwLightSetPosition	zClass_Light::gwLightSetPosition	retained	Inferred	Retain reconstructed descriptive spelling; exact original spelling is not established.	src/GameZRecoil/zClass/Light.c:386
recoil:function:0x4535c0	0x4535c0	zClass_Light::gwLightSetRotation	zClass_Light::gwLightSetRotation	retained	Inferred	Retain reconstructed descriptive spelling; exact original spelling is not established.	src/GameZRecoil/zClass/Light.c:416
recoil:function:0x453620	0x453620	zClass_Light::ComputeWorldTransform	zClass_Light::ComputeWorldTransform	retained	Inferred	Retain reconstructed descriptive spelling; exact original spelling is not established.	src/GameZRecoil/zClass/Light.c:446
recoil:function:0x453880	0x453880	zClass_Light::gwLightUpdate	zClass_Light::gwLightUpdate	retained	Inferred	Retain reconstructed descriptive spelling; exact original spelling is not established.	src/GameZRecoil/zClass/Light.c:503
recoil:function:0x453a40	0x453a40	zClass_Light::gwLightGetSpecularColor	zClass_Light::gwLightGetSpecularColor	retained	Inferred	Retain reconstructed descriptive spelling; exact original spelling is not established.	src/GameZRecoil/zClass/Light.c:563
recoil:function:0x453aa0	0x453aa0	zClass_Light::gwLightSetSpecularColor	zClass_Light::gwLightSetSpecularColor	retained	Inferred	Retain reconstructed descriptive spelling; exact original spelling is not established.	src/GameZRecoil/zClass/Light.c:592
recoil:function:0x453b10	0x453b10	zClass_Animate::DeleteNode	zClass_Animate::DeleteNode	retained	Inferred	Retain reconstructed descriptive spelling; exact original spelling is not established.	src/GameZRecoil/zClass/Animate.c:26
recoil:function:0x453b40	0x453b40	zClass_Animate::AddChild	zClass_Animate::AddChild	retained	Inferred	Retain reconstructed descriptive spelling; exact original spelling is not established.	src/GameZRecoil/zClass/Animate.c:43
recoil:function:0x453b80	0x453b80	zClass_Animate::RemoveChild	zClass_Animate::RemoveChild	retained	Inferred	Retain reconstructed descriptive spelling; exact original spelling is not established.	src/GameZRecoil/zClass/Animate.c:67
recoil:function:0x453bd0	0x453bd0	zClass_Animate::UpdateNode	zClass_Animate::UpdateNode	retained	Inferred	Retain reconstructed descriptive spelling; exact original spelling is not established.	src/GameZRecoil/zClass/Animate.c:94
recoil:function:0x453c90	0x453c90	zClass_Animate::AdvanceTime	zClass_Animate::AdvanceTime	retained	Inferred	Retain reconstructed descriptive spelling; exact original spelling is not established.	src/GameZRecoil/zClass/Animate.c:136
recoil:function:0x453d20	0x453d20	zClass_Animate::SampleTransform	zClass_Animate::SampleTransform	retained	Inferred	Retain reconstructed descriptive spelling; exact original spelling is not established.	src/GameZRecoil/zClass/Animate.c:171
recoil:function:0x453ee0	0x453ee0	zClass_Sequence::gwSequenceNew	zClass_Sequence::gwSequenceNew	retained	Inferred	Retain reconstructed descriptive spelling; exact original spelling is not established.	src/GameZRecoil/zClass/Seq.c:34
recoil:function:0x453f40	0x453f40	zClass_Sequence::gwSequenceAddChild	zClass_Sequence::gwSequenceAddChild	retained	Inferred	Retain reconstructed descriptive spelling; exact original spelling is not established.	src/GameZRecoil/zClass/Seq.c:57
recoil:function:0x454000	0x454000	zClass_Sequence::RemoveChild	zClass_Sequence::RemoveChild	retained	Inferred	Retain reconstructed descriptive spelling; exact original spelling is not established.	src/GameZRecoil/zClass/Seq.c:113
recoil:function:0x4540c0	0x4540c0	zClass_Sequence::SetActive	zClass_Sequence::SetActive	retained	Inferred	Retain reconstructed descriptive spelling; exact original spelling is not established.	src/GameZRecoil/zClass/Seq.c:164
recoil:function:0x454100	0x454100	zClass_Sequence::SetRepeat	zClass_Sequence::SetRepeat	retained	Inferred	Retain reconstructed descriptive spelling; exact original spelling is not established.	src/GameZRecoil/zClass/Seq.c:192
recoil:function:0x454140	0x454140	zClass_Sequence::SetLoop	zClass_Sequence::SetLoop	retained	Inferred	Retain reconstructed descriptive spelling; exact original spelling is not established.	src/GameZRecoil/zClass/Seq.c:220
recoil:function:0x454180	0x454180	zClass_Sequence::SetPause	zClass_Sequence::SetPause	retained	Inferred	Retain reconstructed descriptive spelling; exact original spelling is not established.	src/GameZRecoil/zClass/Seq.c:248
recoil:function:0x4541c0	0x4541c0	zClass_Sequence::Update	zClass_Sequence::Update	retained	Inferred	Retain reconstructed descriptive spelling; exact original spelling is not established.	src/GameZRecoil/zClass/Seq.c:276
recoil:function:0x4542a0	0x4542a0	zClass_Lod::gwLodNew	zClass_Lod::gwLodNew	retained	Inferred	Retain reconstructed descriptive spelling; exact original spelling is not established.	src/GameZRecoil/zClass/Seq.c:359
recoil:function:0x454310	0x454310	zClass_Lod::gwLodAddChild	zClass_Lod::gwLodAddChild	retained	Inferred	Retain reconstructed descriptive spelling; exact original spelling is not established.	src/GameZRecoil/zClass/Seq.c:384
recoil:function:0x454320	0x454320	zClass_Lod::RemoveChild	zClass_Lod::RemoveChild	retained	Inferred	Retain reconstructed descriptive spelling; exact original spelling is not established.	src/GameZRecoil/zClass/Seq.c:402
recoil:function:0x454330	0x454330	zClass_Lod::SetComputeOwnDistance	zClass_Lod::SetComputeOwnDistance	retained	Inferred	Retain reconstructed descriptive spelling; exact original spelling is not established.	src/GameZRecoil/zClass/Seq.c:421
recoil:function:0x454340	0x454340	zClass_Lod::SetTargetNodeAndRange	zClass_Lod::SetTargetNodeAndRange	retained	Inferred	Retain reconstructed descriptive spelling; exact original spelling is not established.	src/GameZRecoil/zClass/Seq.c:440
recoil:function:0x454360	0x454360	zClass::ResetCurrentZbdPath	zClass::ResetCurrentZbdPath	retained	Inferred	Retain physical/compiler projection label; no unique attached defining function body in the source inventory.	
recoil:function:0x454370	0x454370	GameZ_ZBD::NodePtrToIndex	GameZ_ZBD::NodePtrToIndex	retained	Inferred	Retain reconstructed descriptive spelling; exact original spelling is not established.	src/GameZRecoil/zClass/cls_zbd.c:401
recoil:function:0x4543a0	0x4543a0	zClass::NodePtrToValidatedIndex	zClass::NodePtrToValidatedIndex	retained	Inferred	Retain reconstructed descriptive spelling; exact original spelling is not established.	src/GameZRecoil/zClass/cls_zbd.c:419
recoil:function:0x4543d0	0x4543d0	GameZ_ZBD::NodeIndexToPtr	GameZ_ZBD::NodeIndexToPtr	retained	Inferred	Retain reconstructed descriptive spelling; exact original spelling is not established.	src/GameZRecoil/zClass/cls_zbd.c:438
recoil:function:0x4543f0	0x4543f0	GameZ_ZBD::WriteNodeRefListIndices	GameZ_ZBD::WriteNodeRefListIndices	retained	Inferred	Retain reconstructed descriptive spelling; exact original spelling is not established.	src/GameZRecoil/zClass/cls_zbd.c:453
recoil:function:0x4544b0	0x4544b0	GameZ_ZBD::WriteSingleNodeClassData	GameZ_ZBD::WriteSingleNodeClassData	retained	Inferred	Retain reconstructed descriptive spelling; exact original spelling is not established.	src/GameZRecoil/zClass/cls_zbd.c:495
recoil:function:0x454890	0x454890	GameZ_ZBD::WriteNodeTable	GameZ_ZBD::WriteNodeTable	retained	Inferred	Retain reconstructed descriptive spelling; exact original spelling is not established.	src/GameZRecoil/zClass/cls_zbd.c:658
recoil:function:0x454a50	0x454a50	GameZ::WriteZBDFile	GameZ::WriteZBDFile	retained	Inferred	Retain reconstructed descriptive spelling; exact original spelling is not established.	src/GameZRecoil/zClass/cls_zbd.c:738
recoil:function:0x454bf0	0x454bf0	GameZ_ZBD::ReadNodeRefListIndices	GameZ_ZBD::ReadNodeRefListIndices	retained	Inferred	Retain reconstructed descriptive spelling; exact original spelling is not established.	src/GameZRecoil/zClass/cls_zbd.c:798
recoil:function:0x454c60	0x454c60	GameZ_ZBD::ReadSingleNodeClassData	GameZ_ZBD::ReadSingleNodeClassData	retained	Inferred	Retain reconstructed descriptive spelling; exact original spelling is not established.	src/GameZRecoil/zClass/cls_zbd.c:833
recoil:function:0x455350	0x455350	GameZ_ZBD::ReadNodeTable	GameZ_ZBD::ReadNodeTable	retained	Inferred	Retain reconstructed descriptive spelling; exact original spelling is not established.	src/GameZRecoil/zClass/cls_zbd.c:1096
recoil:function:0x455520	0x455520	GameZ::ReadZBDFile	GameZ::ReadZBDFile	retained	Inferred	Retain reconstructed descriptive spelling; exact original spelling is not established.	src/GameZRecoil/zClass/cls_zbd.c:1177
recoil:function:0x4556a0	0x4556a0	GameZ::OpenAndReadZBDHeader	GameZ::OpenAndReadZBDHeader	retained	Inferred	Retain reconstructed descriptive spelling; exact original spelling is not established.	src/GameZRecoil/zClass/cls_zbd.c:1254
recoil:function:0x455730	0x455730	GameZ_ZBD::ReloadDisplayInstancesFromCurrentZbdPath	GameZ_ZBD::ReloadDisplayInstancesFromCurrentPath_Local	renamed	Inferred	Synchronize current defining source name; descriptive reconstruction, not recovered original spelling.	src/GameZRecoil/zClass/cls_zbd.c:1294
recoil:function:0x4557a0	0x4557a0	GameZ_ZBD::ReloadDisplayInstancesRecursive	GameZ_ZBD::ReloadDisplayInstancesRecursive_Local	renamed	Inferred	Synchronize current defining source name; descriptive reconstruction, not recovered original spelling.	src/GameZRecoil/zClass/cls_zbd.c:1321
recoil:function:0x4558f0	0x4558f0	zDEClient::LoadConfigResources	zDEClient::LoadConfigResources	retained	Inferred	Retain reconstructed descriptive spelling; exact original spelling is not established.	src/GameZRecoil/zDEClient/zdec_init.cpp:246
recoil:function:0x455dd0	0x455dd0	zDEClient::LoadOrCreateMaterialFromTexturePath	zDEClient::LoadMaterialFromTexturePath_Local	renamed	Inferred	Synchronize current defining source name; descriptive reconstruction, not recovered original spelling.	src/GameZRecoil/zDEClient/zdec_init.cpp:508
recoil:function:0x455e40	0x455e40	zDEClient::ShutdownGlobals	zDEClient::ShutdownGlobals	retained	Inferred	Retain reconstructed descriptive spelling; exact original spelling is not established.	src/GameZRecoil/zDEClient/zdec_init.cpp:540
recoil:function:0x455ea0	0x455ea0	zDEClient_QSand::DestroyFeature	zDEClient_QSand::DestroyFeature	retained	Inferred	Retain reconstructed descriptive spelling; exact original spelling is not established.	src/GameZRecoil/zDEClient/zdec_qsand.cpp:54
recoil:function:0x455ed0	0x455ed0	zDEClient::CopyQSandEventTemplateDefaults	zDEClient::CopyQSandEventTemplateDefaults	retained	Inferred	Retain reconstructed descriptive spelling; exact original spelling is not established.	src/GameZRecoil/zDEClient/zdec_qsand.cpp:79
recoil:function:0x455ef0	0x455ef0	zDEClient_QSand::InstanceEventWithNetRelay	zDEClient_QSand::InstanceEventMaybeRelay	renamed	Inferred	Synchronize current defining source name; descriptive reconstruction, not recovered original spelling.	src/GameZRecoil/zDEClient/zdec_qsand.cpp:96
recoil:function:0x456010	0x456010	zDEClient_QSand::InitFeatureFromEventTemplate	zDEClient_QSand::InitFeatureFromEventTemplate	retained	Inferred	Retain physical/compiler projection label; no unique attached defining function body in the source inventory.	
recoil:function:0x4563d0	0x4563d0	zDEClient_QSand::CreateFeatureStructFromEventTemplate	zDEClient_QSand::CreateFeatureStructFromEventTemplate	retained	Inferred	Retain physical/compiler projection label; no unique attached defining function body in the source inventory.	
recoil:function:0x456450	0x456450	zDEClient_QSand::Build	zDEClient_QSand::Build	retained	Inferred	Retain reconstructed descriptive spelling; exact original spelling is not established.	src/GameZRecoil/zDEClient/zdec_qsand.cpp:337
recoil:function:0x4564b0	0x4564b0	zDEClient_QSand::CreateFeature	zDEClient_QSand::CreateFeature	retained	Inferred	Retain reconstructed descriptive spelling; exact original spelling is not established.	src/GameZRecoil/zDEClient/zdec_qsand.cpp:375
recoil:function:0x456ad0	0x456ad0	zDEClient_Crater::DestroyFeature	zDEClient_Crater::DestroyFeature	retained	Inferred	Retain reconstructed descriptive spelling; exact original spelling is not established.	src/GameZRecoil/zDEClient/zdec_crater.cpp:96
recoil:function:0x456b00	0x456b00	zDEClient_Crater::InitEventTemplateDefaults	zDEClient_Crater::InitEventTemplateDefaults	retained	Inferred	Retain reconstructed descriptive spelling; exact original spelling is not established.	src/GameZRecoil/zDEClient/zdec_crater.cpp:121
recoil:function:0x456b20	0x456b20	zDEClient_Crater::InstanceEvent	zDEClient_Crater::InstanceEvent	retained	Inferred	Retain reconstructed descriptive spelling; exact original spelling is not established.	src/GameZRecoil/zDEClient/zdec_crater.cpp:138
recoil:function:0x456c50	0x456c50	zDEClient_Crater::InstanceEventWithNetRelay	zDEClient_Crater::InstanceEventMaybeRelay	renamed	Inferred	Synchronize current defining source name; descriptive reconstruction, not recovered original spelling.	src/GameZRecoil/zDEClient/zdec_crater.cpp:214
recoil:function:0x456c80	0x456c80	zDEClient_Crater::InitFeatureFromEventTemplate	zDEClient_Crater::InitFeatureFromEventTemplate	retained	Inferred	Retain reconstructed descriptive spelling; exact original spelling is not established.	src/GameZRecoil/zDEClient/zdec_crater.cpp:234
recoil:function:0x457040	0x457040	zDEClient_Crater::CreateFeatureStructFromEventTemplate	zDEClient_Crater::CreateFeatureStructFromEventTemplate	retained	Inferred	Retain reconstructed descriptive spelling; exact original spelling is not established.	src/GameZRecoil/zDEClient/zdec_crater.cpp:380
recoil:function:0x4570e0	0x4570e0	zDEClient_Crater::Build	zDEClient_Crater::Build	retained	Inferred	Retain reconstructed descriptive spelling; exact original spelling is not established.	src/GameZRecoil/zDEClient/zdec_crater.cpp:413
recoil:function:0x457140	0x457140	zDEClient_Crater::CreateFeature	zDEClient_Crater::CreateFeature	retained	Inferred	Retain reconstructed descriptive spelling; exact original spelling is not established.	src/GameZRecoil/zDEClient/zdec_crater.cpp:451
recoil:function:0x4575f0	0x4575f0	zDEClient::SubmitFeatureGeometry	zDEClient::SubmitFeatureGeometry	retained	Inferred	Retain reconstructed descriptive spelling; exact original spelling is not established.	src/GameZRecoil/zDEClient/zdec_crater.cpp:584
recoil:function:0x457650	0x457650	zDEClient::InitFeatureSystem	zDEClient::InitFeatureSystem	retained	Inferred	Retain physical/compiler projection label; no unique attached defining function body in the source inventory.	
recoil:function:0x457660	0x457660	zDEClient::InitFeatureEntryListAndMapTree	zDEClient::InitFeatureEntryListAndMapTree	retained	Inferred	Retain physical/compiler projection label; no unique attached defining function body in the source inventory.	
recoil:function:0x4576a0	0x4576a0	zDEClient::RegisterFeatureSystemCleanupAtExit	zDEClient::RegisterFeatureSystemCleanupAtExit	retained	Inferred	Retain physical/compiler projection label; no unique attached defining function body in the source inventory.	
recoil:function:0x4576b0	0x4576b0	zDEClient::ShutdownFeatureSystem	zDEClient::ShutdownFeatureSystem	retained	Inferred	Retain physical/compiler projection label; no unique attached defining function body in the source inventory.	
recoil:function:0x457750	0x457750	zDEClient::ClearFeatureDisplayNodes	zDEClient::ClearFeatureDisplayNodes	retained	Inferred	Retain reconstructed descriptive spelling; exact original spelling is not established.	src/GameZRecoil/zDEClient/zdec_crater.cpp:608
recoil:function:0x457840	0x457840	zDEClient::AppendFeatureEntry	zDEClient::AppendFeatureEntry	retained	Inferred	Retain reconstructed descriptive spelling; exact original spelling is not established.	src/GameZRecoil/zDEClient/zdec_crater.cpp:655
recoil:function:0x457ae0	0x457ae0	zDEClient::ClearFeatureEntriesAndMapTree	zDEClient::ClearFeatureEntriesAndMapTree	retained	Inferred	Retain reconstructed descriptive spelling; exact original spelling is not established.	src/GameZRecoil/zDEClient/zdec_crater.cpp:684
recoil:function:0x457b40	0x457b40	zDEClient::WriteFeatureSectionsToZAR	zDEClient::WriteFeatureSectionsToZAR	retained	Inferred	Retain reconstructed descriptive spelling; exact original spelling is not established.	src/GameZRecoil/zDEClient/zdec_crater.cpp:698
recoil:function:0x457c10	0x457c10	zDEClient::ApplyFeatureEntry	zDEClient::ApplyFeatureEntry	retained	Inferred	Retain reconstructed descriptive spelling; exact original spelling is not established.	src/GameZRecoil/zDEClient/zdec_crater.cpp:751
recoil:function:0x457c50	0x457c50	zDEClient::DispatchFeatureEventTemplates	zDEClient::DispatchFeatureEventTemplates	retained	Inferred	Retain reconstructed descriptive spelling; exact original spelling is not established.	src/GameZRecoil/zDEClient/zdec_crater.cpp:776
recoil:function:0x458aa0	0x458aa0	zDEClient::SetCameraNode	zDEClient::SetCameraNode	retained	Inferred	Retain reconstructed descriptive spelling; exact original spelling is not established.	src/GameZRecoil/zDEClient/zdec_crater.cpp:806
recoil:function:0x458ac0	0x458ac0	zDEClient::GetFeatureGridCell	zDEClient::GetFeatureGridCell	retained	Inferred	Retain reconstructed descriptive spelling; exact original spelling is not established.	src/GameZRecoil/zDEClient/zdec_crater.cpp:822
recoil:function:0x458ae0	0x458ae0	zDEClient::GetCameraNode	zDEClient::GetCameraNode	retained	Inferred	Retain reconstructed descriptive spelling; exact original spelling is not established.	src/GameZRecoil/zDEClient/zdec_crater.cpp:842
recoil:function:0x458af0	0x458af0	zEffect::SetConditionalRefPos	zEffect::SetConditionalRefPos	retained	Inferred	Retain reconstructed descriptive spelling; exact original spelling is not established.	src/GameZRecoil/zEffect/zeff_anim_run.c:482
recoil:function:0x458b20	0x458b20	zEffect::SetVariantOverridePackedIdsIfComplete	zEffect::SetVariantOverridePackedIdsIfComplete	retained	Inferred	Retain reconstructed descriptive spelling; exact original spelling is not established.	src/GameZRecoil/zEffect/zeff_anim_run.c:498
recoil:function:0x458b50	0x458b50	zEffect::TickResetDelayOnTimer	zEffect::TickResetDelayOnTimer	retained	Inferred	Retain reconstructed descriptive spelling; exact original spelling is not established.	src/GameZRecoil/zEffect/zeff_anim_run.c:523
recoil:function:0x458bb0	0x458bb0	zEffect::TickResetDelayOnHit	zEffect::TickResetDelayOnHit	retained	Inferred	Retain reconstructed descriptive spelling; exact original spelling is not established.	src/GameZRecoil/zEffect/zeff_anim_run.c:554
recoil:function:0x458c10	0x458c10	zEffect::UpdateBeamNodeBetweenPoints	zEffect::UpdateBeamNodeBetweenPoints	retained	Inferred	Retain reconstructed descriptive spelling; exact original spelling is not established.	src/GameZRecoil/zEffect/zeff_anim_run.c:590
recoil:function:0x458ce0	0x458ce0	zEffect::UpdateBeamNodeBetweenFractions	zEffect::UpdateBeamNodeBetweenFractions	retained	Inferred	Retain reconstructed descriptive spelling; exact original spelling is not established.	src/GameZRecoil/zEffect/zeff_anim_run.c:629
recoil:function:0x458e10	0x458e10	zEffect::HandleSampleRefOffsetEvent	zEffect::HandleSampleRefOffsetEvent	retained	Inferred	Retain reconstructed descriptive spelling; exact original spelling is not established.	src/GameZRecoil/zEffect/zeff_anim_run.c:678
recoil:function:0x458eb0	0x458eb0	zEffect::HandleEffectTemplateOffsetEvent	zEffect::HandleEffectTemplateOffsetEvent	retained	Inferred	Retain reconstructed descriptive spelling; exact original spelling is not established.	src/GameZRecoil/zEffect/zeff_anim_run.c:703
recoil:function:0x458f70	0x458f70	zEffect::HandleSoundEvent	zEffect::HandleSoundEvent	retained	Inferred	Retain reconstructed descriptive spelling; exact original spelling is not established.	src/GameZRecoil/zEffect/zeff_anim_run.c:739
recoil:function:0x459080	0x459080	zEffect::HandleLightEvent	zEffect::HandleLightEvent	retained	Inferred	Retain reconstructed descriptive spelling; exact original spelling is not established.	src/GameZRecoil/zEffect/zeff_anim_run.c:796
recoil:function:0x459280	0x459280	zEffect::HandleLightAnimEvent	zEffect::HandleLightAnimEvent	retained	Inferred	Retain reconstructed descriptive spelling; exact original spelling is not established.	src/GameZRecoil/zEffect/zeff_anim_run.c:912
recoil:function:0x459510	0x459510	zEffect::HandleFogEvent	zEffect::HandleFogEvent	retained	Inferred	Retain reconstructed descriptive spelling; exact original spelling is not established.	src/GameZRecoil/zEffect/zeff_anim_run.c:1006
recoil:function:0x459580	0x459580	zEffect::HandleCameraParamsEvent	zEffect::HandleCameraParamsEvent	retained	Inferred	Retain reconstructed descriptive spelling; exact original spelling is not established.	src/GameZRecoil/zEffect/zeff_anim_run.c:1045
recoil:function:0x4596c0	0x4596c0	zEffect::AnimateCameraParamsOverTime	zEffect::AnimateCameraParamsOverTime	retained	Inferred	Retain reconstructed descriptive spelling; exact original spelling is not established.	src/GameZRecoil/zEffect/zeff_anim_run.c:1102
recoil:function:0x459ae0	0x459ae0	zEffect::HandleRotationEvent	zEffect::HandleRotationEvent	retained	Inferred	Retain reconstructed descriptive spelling; exact original spelling is not established.	src/GameZRecoil/zEffect/zeff_anim_run.c:1276
recoil:function:0x459cb0	0x459cb0	zEffect::HandleNodeScaleEvent	zEffect::HandleNodeScaleEvent	retained	Inferred	Retain reconstructed descriptive spelling; exact original spelling is not established.	src/GameZRecoil/zEffect/zeff_anim_run.c:1357
recoil:function:0x459ce0	0x459ce0	zEffect::HandlePositionEvent	zEffect::HandlePositionEvent	retained	Inferred	Retain reconstructed descriptive spelling; exact original spelling is not established.	src/GameZRecoil/zEffect/zeff_anim_run.c:1377
recoil:function:0x459e30	0x459e30	zEffect::HandleActivateEvent	zEffect::HandleActivateEvent	retained	Inferred	Retain reconstructed descriptive spelling; exact original spelling is not established.	src/GameZRecoil/zEffect/zeff_anim_run.c:1430
recoil:function:0x459e70	0x459e70	zEffect::HandleNodeAnimEvent	zEffect::HandleNodeAnimEvent	retained	Inferred	Retain reconstructed descriptive spelling; exact original spelling is not established.	src/GameZRecoil/zEffect/zeff_anim_run.c:1451
recoil:function:0x45a920	0x45a920	zEffect::FindNearestPickCandidateBelowPoint	zEffect::FindNearestPickCandidateBelowPoint	retained	Inferred	Retain reconstructed descriptive spelling; exact original spelling is not established.	src/GameZRecoil/zEffect/zeff_anim_run.c:1790
recoil:function:0x45a9d0	0x45a9d0	zEffect::AnimateNodeOverTime	zEffect::AnimateNodeOverTime	retained	Inferred	Retain reconstructed descriptive spelling; exact original spelling is not established.	src/GameZRecoil/zEffect/zeff_anim_run.c:1832
recoil:function:0x45ae30	0x45ae30	zEffect_Anim::AdvanceKeyframeSample	zEffect_Anim::AdvanceKeyframeSample	retained	Inferred	Retain reconstructed descriptive spelling; exact original spelling is not established.	src/GameZRecoil/zEffect/zeff_anim_run.c:2041
recoil:function:0x45ae90	0x45ae90	zEffect_Anim::AnimateKeyframeSample	zEffect_Anim::AnimateKeyframeSample	retained	Inferred	Retain reconstructed descriptive spelling; exact original spelling is not established.	src/GameZRecoil/zEffect/zeff_anim_run.c:2078
recoil:function:0x45b120	0x45b120	zEffect_Anim::AdvanceKeyframe	zEffect_Anim::AdvanceKeyframe	retained	Inferred	Retain reconstructed descriptive spelling; exact original spelling is not established.	src/GameZRecoil/zEffect/zeff_anim_run.c:2188
recoil:function:0x45b210	0x45b210	zEffect_Anim::EvaluateKeyframe	zEffect_Anim::EvaluateKeyframe	retained	Inferred	Retain reconstructed descriptive spelling; exact original spelling is not established.	src/GameZRecoil/zEffect/zeff_anim_run.c:2242
recoil:function:0x45b280	0x45b280	zEffect_Anim::RunKeyframes	zEffect_Anim::RunKeyframes	retained	Inferred	Retain reconstructed descriptive spelling; exact original spelling is not established.	src/GameZRecoil/zEffect/zeff_anim_run.c:2271
recoil:function:0x45b3b0	0x45b3b0	zEffect::HandleAddChildEvent	zEffect::HandleAddChildEvent	retained	Inferred	Retain reconstructed descriptive spelling; exact original spelling is not established.	src/GameZRecoil/zEffect/zeff_anim_run.c:2335
recoil:function:0x45b410	0x45b410	zEffect::HandleRemoveChildEvent	zEffect::HandleRemoveChildEvent	retained	Inferred	Retain reconstructed descriptive spelling; exact original spelling is not established.	src/GameZRecoil/zEffect/zeff_anim_run.c:2363
recoil:function:0x45b440	0x45b440	zEffect::HandleAttachEvent	zEffect::HandleAttachEvent	retained	Inferred	Retain reconstructed descriptive spelling; exact original spelling is not established.	src/GameZRecoil/zEffect/zeff_anim_run.c:2381
recoil:function:0x45b4a0	0x45b4a0	zEffect::HandleDetachEvent	zEffect::HandleDetachEvent	retained	Inferred	Retain reconstructed descriptive spelling; exact original spelling is not established.	src/GameZRecoil/zEffect/zeff_anim_run.c:2414
recoil:function:0x45b8b0	0x45b8b0	zEffect::HandleTransformRefsEvent	zEffect::HandleTransformRefsEvent	retained	Inferred	Retain reconstructed descriptive spelling; exact original spelling is not established.	src/GameZRecoil/zEffect/zeff_anim_run.c:2599
recoil:function:0x45bb00	0x45bb00	zEffect::HandleSurfaceStopEvent	zEffect::HandleSurfaceStopEvent	retained	Inferred	Retain reconstructed descriptive spelling; exact original spelling is not established.	src/GameZRecoil/zEffect/zeff_anim_run.c:2690
recoil:function:0x45bbb0	0x45bbb0	zEffect::HandleSurfacePlayEvent	zEffect::HandleSurfacePlayEvent	retained	Inferred	Retain reconstructed descriptive spelling; exact original spelling is not established.	src/GameZRecoil/zEffect/zeff_anim_run.c:2716
recoil:function:0x45bc60	0x45bc60	zEffect::HandleSurfaceRefEvent	zEffect::HandleSurfaceRefEvent	retained	Inferred	Retain reconstructed descriptive spelling; exact original spelling is not established.	src/GameZRecoil/zEffect/zeff_anim_run.c:2743
recoil:function:0x45bf60	0x45bf60	zEffect::CleanupLightRefs	zEffect::CleanupLightRefs	retained	Inferred	Retain reconstructed descriptive spelling; exact original spelling is not established.	src/GameZRecoil/zEffect/zeff_anim_run.c:2861
recoil:function:0x45bfd0	0x45bfd0	zEffect::CleanupSoundRefs	zEffect::CleanupSoundRefs	retained	Inferred	Retain reconstructed descriptive spelling; exact original spelling is not established.	src/GameZRecoil/zEffect/zeff_anim_run.c:2896
recoil:function:0x45c040	0x45c040	zEffectAnim::Stop	zEffectAnim::Stop	retained	Inferred	Retain reconstructed descriptive spelling; exact original spelling is not established.	src/GameZRecoil/zEffect/zeff_anim_run.c:2934
recoil:function:0x45c100	0x45c100	zEffect::HandleNamedAnimStopEvent	zEffect::HandleNamedAnimStopEvent	retained	Inferred	Retain reconstructed descriptive spelling; exact original spelling is not established.	src/GameZRecoil/zEffect/zeff_anim_run.c:2984
recoil:function:0x45c1a0	0x45c1a0	zEffect::HandleEmitterPlayEvent	zEffect::HandleEmitterPlayEvent	retained	Inferred	Retain reconstructed descriptive spelling; exact original spelling is not established.	src/GameZRecoil/zEffect/zeff_anim_run.c:3013
recoil:function:0x45c240	0x45c240	zEffect::HandleEmitterStopEvent	zEffect::HandleEmitterStopEvent	retained	Inferred	Retain reconstructed descriptive spelling; exact original spelling is not established.	src/GameZRecoil/zEffect/zeff_anim_run.c:3040
recoil:function:0x45c2f0	0x45c2f0	zEffect::HandleEmitterResetEvent	zEffect::HandleEmitterResetEvent	retained	Inferred	Retain reconstructed descriptive spelling; exact original spelling is not established.	src/GameZRecoil/zEffect/zeff_anim_run.c:3074
recoil:function:0x45c310	0x45c310	zEffect::HandleEmitterLoopEvent	zEffect::HandleEmitterLoopEvent	retained	Inferred	Retain reconstructed descriptive spelling; exact original spelling is not established.	src/GameZRecoil/zEffect/zeff_anim_run.c:3095
recoil:function:0x45c3c0	0x45c3c0	zEffect::HandleConditionalChainEvent	zEffect::HandleConditionalChainEvent	retained	Inferred	Retain reconstructed descriptive spelling; exact original spelling is not established.	src/GameZRecoil/zEffect/zeff_anim_run.c:3134
recoil:function:0x45c530	0x45c530	zEffect::TraceUpwardHitFromNodeOrPos	zEffect::TraceUpwardHitFromNodeOrPos	retained	Inferred	Retain reconstructed descriptive spelling; exact original spelling is not established.	src/GameZRecoil/zEffect/zeff_anim_run.c:3230
recoil:function:0x45c640	0x45c640	zEffect::GetConditionalRefPosDistanceSq	zEffect::GetConditionalRefPosDistanceSq	retained	Inferred	Retain reconstructed descriptive spelling; exact original spelling is not established.	src/GameZRecoil/zEffect/zeff_anim_run.c:3281
recoil:function:0x45c6b0	0x45c6b0	zEffect::SkipConditionalChainToEnd	zEffect::SkipConditionalChainToEnd	retained	Inferred	Retain reconstructed descriptive spelling; exact original spelling is not established.	src/GameZRecoil/zEffect/zeff_anim_run.c:3302
recoil:function:0x45c6e0	0x45c6e0	zEffect::HandleNoOpMarkerEvent	zEffect::HandleNoOpMarkerEvent	retained	Inferred	Retain reconstructed descriptive spelling; exact original spelling is not established.	src/GameZRecoil/zEffect/zeff_anim_run.c:3328
recoil:function:0x45c6f0	0x45c6f0	zEffect::HandleCallbackEvent	zEffect::HandleCallbackEvent	retained	Inferred	Retain reconstructed descriptive spelling; exact original spelling is not established.	src/GameZRecoil/zEffect/zeff_anim_run.c:3345
recoil:function:0x45c710	0x45c710	zEffect::HandleScreenColorFxEvent	zEffect::HandleScreenColorFxEvent	retained	Inferred	Retain reconstructed descriptive spelling; exact original spelling is not established.	src/GameZRecoil/zEffect/zeff_anim_run.c:3363
recoil:function:0x45c920	0x45c920	zEffect::HandleScreenOverlayFxEvent	zEffect::HandleScreenOverlayFxEvent	retained	Inferred	Retain reconstructed descriptive spelling; exact original spelling is not established.	src/GameZRecoil/zEffect/zeff_anim_run.c:3433
recoil:function:0x45cbc0	0x45cbc0	zEffect::HandleTopMessageEvent	zEffect::HandleTopMessageEvent	retained	Inferred	Retain reconstructed descriptive spelling; exact original spelling is not established.	src/GameZRecoil/zEffect/zeff_anim_run.c:3540
recoil:function:0x45cc00	0x45cc00	zEffect_Anim::RunSequenceEvents	zEffect_Anim::RunSequenceEvents	retained	Inferred	Retain reconstructed descriptive spelling; exact original spelling is not established.	src/GameZRecoil/zEffect/zeff_anim_run.c:3570
recoil:function:0x45d000	0x45d000	zEffect::SetAnimDebugFrameTag	zEffect::SetAnimDebugFrameTag	retained	Inferred	Retain reconstructed descriptive spelling; exact original spelling is not established.	src/GameZRecoil/zEffect/zeff_anim_run.c:3932
recoil:function:0x45d010	0x45d010	zEffect_Anim::RunSequence	zEffect_Anim::RunSequence	retained	Inferred	Retain reconstructed descriptive spelling; exact original spelling is not established.	src/GameZRecoil/zEffect/zeff_anim_run.c:3949
recoil:function:0x45d240	0x45d240	zEffect_Anim::CaptureNodeStates	zEffect_Anim::CaptureNodeStates	retained	Inferred	Retain reconstructed descriptive spelling; exact original spelling is not established.	src/GameZRecoil/zEffect/zeff_anim_run.c:4069
recoil:function:0x45d310	0x45d310	zEffect_Anim::RestoreNodeStates	zEffect_Anim::RestoreNodeStates	retained	Inferred	Retain reconstructed descriptive spelling; exact original spelling is not established.	src/GameZRecoil/zEffect/zeff_anim_run.c:4130
recoil:function:0x45d3d0	0x45d3d0	zEffectAnim::FinalizeStop	zEffectAnim::FinalizeStop	retained	Inferred	Retain reconstructed descriptive spelling; exact original spelling is not established.	src/GameZRecoil/zEffect/zeff_anim_run.c:4192
recoil:function:0x45d4c0	0x45d4c0	zEffectAnim::RunStopSequenceCallback	zEffectAnim::RunStopSequenceCallback	retained	Inferred	Retain reconstructed descriptive spelling; exact original spelling is not established.	src/GameZRecoil/zEffect/zeff_anim_run.c:4239
recoil:function:0x45d570	0x45d570	zEffectAnim::StopAndCleanup	zEffectAnim::StopAndCleanup	retained	Inferred	Retain reconstructed descriptive spelling; exact original spelling is not established.	src/GameZRecoil/zEffect/zeff_anim_run.c:4290
recoil:function:0x45d6b0	0x45d6b0	zEffect_Anim::NodeActionCallback	zEffect_Anim::NodeActionCallback	retained	Inferred	Retain reconstructed descriptive spelling; exact original spelling is not established.	src/GameZRecoil/zEffect/zeff_anim_run.c:4379
recoil:function:0x45d6c0	0x45d6c0	zEffectAnim::ResetForNode	zEffectAnim::ResetForNode	retained	Inferred	Retain reconstructed descriptive spelling; exact original spelling is not established.	src/GameZRecoil/zEffect/zeff_anim_run.c:4397
recoil:function:0x45d770	0x45d770	zEffectAnim::RunStopDelayCallback	zEffectAnim::RunStopDelayCallback	retained	Inferred	Retain reconstructed descriptive spelling; exact original spelling is not established.	src/GameZRecoil/zEffect/zeff_anim_run.c:4437
recoil:function:0x45d7a0	0x45d7a0	zEffectAnim::ResetActivationPrereqCount	zEffectAnim::ResetActivationPrereqCount	retained	Inferred	Retain reconstructed descriptive spelling; exact original spelling is not established.	src/GameZRecoil/zEffect/zeff_anim_run.c:4461
recoil:function:0x45d7b0	0x45d7b0	zEffectAnim::SetTransformRotAndVelocity	zEffectAnim::SetTransformRotAndVelocity	retained	Inferred	Retain reconstructed descriptive spelling; exact original spelling is not established.	src/GameZRecoil/zEffect/zeff_anim_run.c:4474
recoil:function:0x45d930	0x45d930	zEffectAnim::ActivateRuntime	zEffectAnim::ActivateRuntime	retained	Inferred	Retain reconstructed descriptive spelling; exact original spelling is not established.	src/GameZRecoil/zEffect/zeff_anim_run.c:4543
recoil:function:0x45db20	0x45db20	zEffectAnim::CheckActivationPrereqs	zEffectAnim::CheckActivationPrereqs	retained	Inferred	Retain reconstructed descriptive spelling; exact original spelling is not established.	src/GameZRecoil/zEffect/zeff_anim_run.c:4662
recoil:function:0x45dc70	0x45dc70	zEffectAnim::SetTransformRotAndVelocity_Thunk	zEffectAnim::SetTransformRotAndVelocityThunk	renamed	Inferred	Synchronize current defining source name; descriptive reconstruction, not recovered original spelling.	src/GameZRecoil/zEffect/zeff_anim_run.c:4726
recoil:function:0x45dcb0	0x45dcb0	zEffectAnim::SetVelocity	zEffectAnim::SetVelocity	retained	Inferred	Retain reconstructed descriptive spelling; exact original spelling is not established.	src/GameZRecoil/zEffect/zeff_anim_run.c:4761
recoil:function:0x45dde0	0x45dde0	zEffectAnim::SetVelocity_Thunk	zEffectAnim::SetVelocityThunk	renamed	Inferred	Synchronize current defining source name; descriptive reconstruction, not recovered original spelling.	src/GameZRecoil/zEffect/zeff_anim_run.c:4814
recoil:function:0x45de00	0x45de00	zEffectAnim::SetPositionRefAndVelocity	zEffectAnim::SetPositionRefAndVelocity	retained	Inferred	Retain reconstructed descriptive spelling; exact original spelling is not established.	src/GameZRecoil/zEffect/zeff_anim_run.c:4831
recoil:function:0x45df70	0x45df70	zEffectAnim::SetPositionRefAndVelocity_Thunk	zEffectAnim::SetPositionRefAndVelocityThunk	renamed	Inferred	Synchronize current defining source name; descriptive reconstruction, not recovered original spelling.	src/GameZRecoil/zEffect/zeff_anim_run.c:4901
recoil:function:0x45df90	0x45df90	zEffectAnim::SetTransformRefs	zEffectAnim::SetTransformRefs	retained	Inferred	Retain reconstructed descriptive spelling; exact original spelling is not established.	src/GameZRecoil/zEffect/zeff_anim_run.c:4917
recoil:function:0x45e0b0	0x45e0b0	zEffectAnim::SetTransformRefs_Thunk	zEffectAnim::SetTransformRefsThunk	renamed	Inferred	Synchronize current defining source name; descriptive reconstruction, not recovered original spelling.	src/GameZRecoil/zEffect/zeff_anim_run.c:4979
recoil:function:0x45e0d0	0x45e0d0	zEffectAnimEntry::SetOnStateDoneCallback	zEffectAnimEntry::SetOnStateDoneCallback	retained	Inferred	Retain reconstructed descriptive spelling; exact original spelling is not established.	src/GameZRecoil/zEffect/zeff_anim_run.c:4999
recoil:function:0x45e0f0	0x45e0f0	zEffect::SetConditionalEffectLevel	zEffect::SetConditionalEffectLevel	retained	Inferred	Retain reconstructed descriptive spelling; exact original spelling is not established.	src/GameZRecoil/zEffect/zeff_anim_run.c:5020
recoil:function:0x45e100	0x45e100	zEffect_Anim::Init	zEffect_Anim::Init	retained	Inferred	Retain reconstructed descriptive spelling; exact original spelling is not established.	src/GameZRecoil/zEffect/zeff_anim_init.c:69
recoil:function:0x45e200	0x45e200	zEffect::SetWorldNode	zEffect::SetWorldNode	retained	Inferred	Retain reconstructed descriptive spelling; exact original spelling is not established.	src/GameZRecoil/zEffect/zeff_anim_init.c:136
recoil:function:0x45e210	0x45e210	zEffect_Anim::SetZbdFilename	zEffect_Anim::SetZbdFilename	retained	Inferred	Retain reconstructed descriptive spelling; exact original spelling is not established.	src/GameZRecoil/zEffect/zeff_anim_init.c:153
recoil:function:0x45e270	0x45e270	zEffect::SetResourceNode	zEffect::SetResourceNode	retained	Inferred	Retain reconstructed descriptive spelling; exact original spelling is not established.	src/GameZRecoil/zEffect/zeff_anim_init.c:181
recoil:function:0x45e280	0x45e280	zEffectAnim::FindSoundRefIndexByName	zEffectAnim::FindSoundRefIndexByName	retained	Inferred	Retain reconstructed descriptive spelling; exact original spelling is not established.	src/GameZRecoil/zEffect/zeff_anim_init.c:196
recoil:function:0x45e300	0x45e300	zEffectAnim::FindLightRefIndexByName	zEffectAnim::FindLightRefIndexByName	retained	Inferred	Retain reconstructed descriptive spelling; exact original spelling is not established.	src/GameZRecoil/zEffect/zeff_anim_init.c:215
recoil:function:0x45e380	0x45e380	zEffectAnim::FindOrCreateSoundRef	zEffectAnim::FindOrCreateSoundRef	retained	Inferred	Retain reconstructed descriptive spelling; exact original spelling is not established.	src/GameZRecoil/zEffect/zeff_anim_init.c:236
recoil:function:0x45e4a0	0x45e4a0	zEffectAnim::FindOrCreateLightRef	zEffectAnim::FindOrCreateLightRef	retained	Inferred	Retain reconstructed descriptive spelling; exact original spelling is not established.	src/GameZRecoil/zEffect/zeff_anim_init.c:295
recoil:function:0x45e5c0	0x45e5c0	zEffectAnim::ResolveNodeByName	zEffectAnim::ResolveNodeByName	retained	Inferred	Retain reconstructed descriptive spelling; exact original spelling is not established.	src/GameZRecoil/zEffect/zeff_anim_init.c:353
recoil:function:0x45e650	0x45e650	zEffectAnim::FindNodeRecursiveByName	zEffectAnim::FindNodeRecursiveByName	retained	Inferred	Retain reconstructed descriptive spelling; exact original spelling is not established.	src/GameZRecoil/zEffect/zeff_anim_init.c:393
recoil:function:0x45e6d0	0x45e6d0	zEffectAnim::EnsureCopiedRootTree	zEffectAnim::EnsureCopiedRootTree	retained	Inferred	Retain reconstructed descriptive spelling; exact original spelling is not established.	src/GameZRecoil/zEffect/zeff_anim_init.c:422
recoil:function:0x45e730	0x45e730	zEffectAnim::CloneEntryForNode	zEffectAnim::CloneEntryForNode	retained	Inferred	Retain reconstructed descriptive spelling; exact original spelling is not established.	src/GameZRecoil/zEffect/zeff_anim_init.c:454
recoil:function:0x45ed80	0x45ed80	zEffectAnim::RebindEntryToNode	zEffectAnim::RebindEntryToNode	retained	Inferred	Retain reconstructed descriptive spelling; exact original spelling is not established.	src/GameZRecoil/zEffect/zeff_anim_init.c:683
recoil:function:0x45efb0	0x45efb0	zEffect_Anim::LoadZbd	zEffect_Anim::LoadZbd	retained	Inferred	Retain reconstructed descriptive spelling; exact original spelling is not established.	src/GameZRecoil/zEffect/zeff_anim_init.c:783
recoil:function:0x45fb30	0x45fb30	zEffect_Anim::LoadAndInstantiate	zEffect_Anim::LoadAndInstantiate	retained	Inferred	Retain reconstructed descriptive spelling; exact original spelling is not established.	src/GameZRecoil/zEffect/zeff_anim_init.c:1247
recoil:function:0x45fd10	0x45fd10	zEffectAnim::ShutdownEntry	zEffectAnim::ShutdownEntry	retained	Inferred	Retain reconstructed descriptive spelling; exact original spelling is not established.	src/GameZRecoil/zEffect/zeff_anim_init.c:1348
recoil:function:0x45fe50	0x45fe50	zEffect_Anim::Shutdown	zEffect_Anim::Shutdown	retained	Inferred	Retain reconstructed descriptive spelling; exact original spelling is not established.	src/GameZRecoil/zEffect/zeff_anim_init.c:1423
recoil:function:0x45fef0	0x45fef0	zEffect_Anim::ShutdownIfLoaded	zEffect_Anim::ShutdownIfLoaded	retained	Inferred	Retain reconstructed descriptive spelling; exact original spelling is not established.	src/GameZRecoil/zEffect/zeff_anim_init.c:1460
recoil:function:0x45ff10	0x45ff10	zEffectAnim::FindEntryByName	zEffectAnim::FindEntryByName	retained	Inferred	Retain reconstructed descriptive spelling; exact original spelling is not established.	src/GameZRecoil/zEffect/zeff_anim_init.c:1479
recoil:function:0x45ffa0	0x45ffa0	zEffectAnim::FindNextAsyncEntry	zEffectAnim::FindNextAsyncEntry	retained	Inferred	Retain reconstructed descriptive spelling; exact original spelling is not established.	src/GameZRecoil/zEffect/zeff_anim_init.c:1503
recoil:function:0x460010	0x460010	zEffectAnim::GetRootNodeOrNull	zEffectAnim::GetRootNodeOrNull	retained	Inferred	Retain reconstructed descriptive spelling; exact original spelling is not established.	src/GameZRecoil/zEffect/zeff_anim_init.c:1527
recoil:function:0x460020	0x460020	zEffect::Init	zEffect::Init	retained	Inferred	Retain reconstructed descriptive spelling; exact original spelling is not established.	src/GameZRecoil/zEffect/zeff_init.c:39
recoil:function:0x460060	0x460060	zEffect::ShutdownAll	zEffect::ShutdownAll	retained	Inferred	Retain reconstructed descriptive spelling; exact original spelling is not established.	src/GameZRecoil/zEffect/zeff_init.c:61
recoil:function:0x460070	0x460070	zEffect::InitFromPath	zEffect::InitFromPath	retained	Inferred	Retain reconstructed descriptive spelling; exact original spelling is not established.	src/GameZRecoil/zEffect/zeff_init.c:72
recoil:function:0x460330	0x460330	zEffect::Reset	zEffect::Reset	retained	Inferred	Retain reconstructed descriptive spelling; exact original spelling is not established.	src/GameZRecoil/zEffect/zeff_init.c:186
recoil:function:0x4603d0	0x4603d0	zEffect_Anim::ClearActivationRecords	zEffect_Anim::ClearActivationRecords	retained	Inferred	Retain reconstructed descriptive spelling; exact original spelling is not established.	src/GameZRecoil/zEffect/zeff_anim_save.c:146
recoil:function:0x460400	0x460400	zEffect_Anim::HasActivationRecord	zEffect_Anim::HasActivationRecord	retained	Inferred	Retain reconstructed descriptive spelling; exact original spelling is not established.	src/GameZRecoil/zEffect/zeff_anim_save.c:164
recoil:function:0x460470	0x460470	zEffect_Anim::GetActivationRecordCount	zEffect_Anim::GetActivationRecordCount	retained	Inferred	Retain reconstructed descriptive spelling; exact original spelling is not established.	src/GameZRecoil/zEffect/zeff_anim_save.c:186
recoil:function:0x460480	0x460480	zEffect_Anim::GetActivationRecordAt	zEffect_Anim::GetActivationRecordAt	retained	Inferred	Retain reconstructed descriptive spelling; exact original spelling is not established.	src/GameZRecoil/zEffect/zeff_anim_save.c:198
recoil:function:0x460490	0x460490	zEffect_Anim::SaveActivationRecords	zEffect_Anim::SaveActivationRecords	retained	Inferred	Retain reconstructed descriptive spelling; exact original spelling is not established.	src/GameZRecoil/zEffect/zeff_anim_save.c:211
recoil:function:0x4606d0	0x4606d0	zEffect_Anim::LoadActivationRecords	zEffect_Anim::LoadActivationRecords	retained	Inferred	Retain reconstructed descriptive spelling; exact original spelling is not established.	src/GameZRecoil/zEffect/zeff_anim_save.c:306
recoil:function:0x460ae0	0x460ae0	zEffect_Anim::AllocActivationRecord	zEffect_Anim::AllocActivationRecord	retained	Inferred	Retain reconstructed descriptive spelling; exact original spelling is not established.	src/GameZRecoil/zEffect/zeff_anim_save.c:497
recoil:function:0x460bc0	0x460bc0	zEffect_Anim::SaveRunningAnimRecord	zEffect_Anim::SaveRunningAnimRecord	retained	Inferred	Retain reconstructed descriptive spelling; exact original spelling is not established.	src/GameZRecoil/zEffect/zeff_anim_save.c:542
recoil:function:0x460f80	0x460f80	zEffect_Anim::SaveRunningAnimRecords	zEffect_Anim::SaveRunningAnimRecords	retained	Inferred	Retain reconstructed descriptive spelling; exact original spelling is not established.	src/GameZRecoil/zEffect/zeff_anim_save.c:641
recoil:function:0x461040	0x461040	zEffect_Anim::LoadRunningAnimRecords	zEffect_Anim::LoadRunningAnimRecords	retained	Inferred	Retain reconstructed descriptive spelling; exact original spelling is not established.	src/GameZRecoil/zEffect/zeff_anim_save.c:673
recoil:function:0x461430	0x461430	zEffect_Anim::SaveAnimRecords	zEffect_Anim::SaveAnimRecords	retained	Inferred	Retain reconstructed descriptive spelling; exact original spelling is not established.	src/GameZRecoil/zEffect/zeff_anim_save.c:835
recoil:function:0x461670	0x461670	zEffect_Anim::LoadAnimRecords	zEffect_Anim::LoadAnimRecords	retained	Inferred	Retain reconstructed descriptive spelling; exact original spelling is not established.	src/GameZRecoil/zEffect/zeff_anim_save.c:936
recoil:function:0x461800	0x461800	zEffect_Anim::GetActivationRecordPackedSize	zEffect_Anim::GetActivationRecordPackedSize	retained	Inferred	Retain reconstructed descriptive spelling; exact original spelling is not established.	src/GameZRecoil/zEffect/zeff_anim_save.c:1034
recoil:function:0x461840	0x461840	zEffect_Anim::ResetFromActivationRecord	zEffect_Anim::ResetFromActivationRecord	retained	Inferred	Retain reconstructed descriptive spelling; exact original spelling is not established.	src/GameZRecoil/zEffect/zeff_anim_save.c:1057
recoil:function:0x461870	0x461870	zEffect_Anim::ProcessActivationRecord	zEffect_Anim::ProcessActivationRecord	retained	Inferred	Retain reconstructed descriptive spelling; exact original spelling is not established.	src/GameZRecoil/zEffect/zeff_anim_save.c:1072
recoil:function:0x461970	0x461970	zEffectAnim::QueueCmdType1TransformRotVelocity	zEffectAnim::QueueCmdType1TransformRotVelocity	retained	Inferred	Retain reconstructed descriptive spelling; exact original spelling is not established.	src/GameZRecoil/zEffect/zeff_anim_save.c:1151
recoil:function:0x461a90	0x461a90	zEffect_Anim::DiscardLastActivationRecord	zEffect_Anim::DiscardLastActivationRecord	retained	Inferred	Retain reconstructed descriptive spelling; exact original spelling is not established.	src/GameZRecoil/zEffect/zeff_anim_save.c:1228
recoil:function:0x461aa0	0x461aa0	zEffectAnim::QueueCmdType2Velocity	zEffectAnim::QueueCmdType2Velocity	retained	Inferred	Retain reconstructed descriptive spelling; exact original spelling is not established.	src/GameZRecoil/zEffect/zeff_anim_save.c:1243
recoil:function:0x461ba0	0x461ba0	zEffectAnim::QueueCmdType3PositionRefAndVelocity	zEffectAnim::QueueCmdType3PositionRefAndVelocity	retained	Inferred	Retain reconstructed descriptive spelling; exact original spelling is not established.	src/GameZRecoil/zEffect/zeff_anim_save.c:1303
recoil:function:0x461d00	0x461d00	zEffectAnim::QueueCmdType4TransformRefs	zEffectAnim::QueueCmdType4TransformRefs	retained	Inferred	Retain reconstructed descriptive spelling; exact original spelling is not established.	src/GameZRecoil/zEffect/zeff_anim_save.c:1380
recoil:function:0x461eb0	0x461eb0	zEffect_Anim::SetActivationDispatchContext	zEffect_Anim::SetActivationDispatchContext	retained	Inferred	Retain reconstructed descriptive spelling; exact original spelling is not established.	src/GameZRecoil/zEffect/zeff_anim_save.c:1464
recoil:function:0x461ec0	0x461ec0	zEffect::FindNodeUserDataRecursive	zEffect::FindNodeUserDataRecursive	retained	Inferred	Retain reconstructed descriptive spelling; exact original spelling is not established.	src/GameZRecoil/zEffect/zeff_anim_save.c:1483
recoil:function:0x461f00	0x461f00	zEffect::SpawnRuntimeInstanceAt	zEffect::SpawnRuntimeInstanceAt	retained	Inferred	Retain reconstructed descriptive spelling; exact original spelling is not established.	src/GameZRecoil/zEffect/zeff_anim_save.c:1509
recoil:function:0x461f50	0x461f50	zEffect::ActivateRuntimeEntryAtPosition	zEffect::ActivateRuntimeEntryAtPosition	retained	Inferred	Retain reconstructed descriptive spelling; exact original spelling is not established.	src/GameZRecoil/zEffect/zeff_anim_save.c:1537
recoil:function:0x462050	0x462050	zEffect::ComputeDistanceSqToListener	zEffect::ComputeDistanceSqToListener	retained	Inferred	Retain reconstructed descriptive spelling; exact original spelling is not established.	src/GameZRecoil/zEffect/zeff_anim_save.c:1595
recoil:function:0x4620d0	0x4620d0	zEffect::AcquireRuntimeEntryByIndex	zEffect::AcquireRuntimeEntryByIndex	retained	Inferred	Retain reconstructed descriptive spelling; exact original spelling is not established.	src/GameZRecoil/zEffect/zeff_anim_save.c:1614
recoil:function:0x462130	0x462130	zEffect::CloneRuntimeEntryFromTemplate	zEffect::CloneRuntimeEntryFromTemplate	retained	Inferred	Retain reconstructed descriptive spelling; exact original spelling is not established.	src/GameZRecoil/zEffect/zeff_anim_save.c:1642
recoil:function:0x4621b0	0x4621b0	zEffect::RuntimeNodeActionCallback	zEffect::RuntimeNodeActionCallback	retained	Inferred	Retain reconstructed descriptive spelling; exact original spelling is not established.	src/GameZRecoil/zEffect/zeff_anim_save.c:1679
recoil:function:0x462280	0x462280	zEffect::FindTemplateIndexByName	zEffect::FindTemplateIndexByName	retained	Inferred	Retain reconstructed descriptive spelling; exact original spelling is not established.	src/GameZRecoil/zEffect/zeff_anim_save.c:1723
recoil:function:0x4622f0	0x4622f0	zError::EmitDebugBuffer	zError::EmitDebugBuffer	retained	Inferred	Retain reconstructed descriptive spelling; exact original spelling is not established.	src/GameZRecoil/zError/zerr_old.c:14
recoil:function:0x462310	0x462310	RecoilError::InitOutputContext	zError::InitOutputContext	renamed	Inferred	Synchronize current defining source name; descriptive reconstruction, not recovered original spelling.	src/GameZRecoil/zError/zerr_old.c:28
recoil:function:0x462330	0x462330	zFMV_Playback::Constructor	CZFMVPlayback::Constructor	renamed	Inferred	Synchronize renamed source identifier within existing physical/compiler projection label.	
recoil:function:0x462360	0x462360	zFMV_Playback::~zFMV_Playback	CZFMVPlayback::~CZFMVPlayback	renamed	Inferred	Synchronize renamed source identifier within existing physical/compiler projection label.	
recoil:function:0x462370	0x462370	zFMV_Playback::OpenAndPlay	CZFMVPlayback::OpenAndPlay	renamed	Inferred	Synchronize current defining source name; descriptive reconstruction, not recovered original spelling.	src/GameZRecoil/zFMV/fmv_main.cpp:92
recoil:function:0x4624f0	0x4624f0	zFMV_Playback::StopAndClose	CZFMVPlayback::StopAndClose	renamed	Inferred	Synchronize current defining source name; descriptive reconstruction, not recovered original spelling.	src/GameZRecoil/zFMV/fmv_main.cpp:176
recoil:function:0x462540	0x462540	zFMV_Playback::SetDestRect	CZFMVPlayback::SetDestRect	renamed	Inferred	Synchronize current defining source name; descriptive reconstruction, not recovered original spelling.	src/GameZRecoil/zFMV/fmv_main.cpp:195
recoil:function:0x462570	0x462570	zFMV_Playback::ReportMciError	CZFMVPlayback::ReportMciError	renamed	Inferred	Synchronize current defining source name; descriptive reconstruction, not recovered original spelling.	src/GameZRecoil/zFMV/fmv_main.cpp:209
recoil:function:0x4625e0	0x4625e0	zFMV_Script::Init	zFMV_Script::Init	retained	Inferred	Retain reconstructed descriptive spelling; exact original spelling is not established.	src/GameZRecoil/zFMV/fmv_script.cpp:227
recoil:function:0x462630	0x462630	zFMV_Script::Cleanup	zFMV_Script::Cleanup	retained	Inferred	Retain reconstructed descriptive spelling; exact original spelling is not established.	src/GameZRecoil/zFMV/fmv_script.cpp:253
recoil:function:0x462660	0x462660	zFMV_Script::Reset	zFMV_Script::Reset	retained	Inferred	Retain reconstructed descriptive spelling; exact original spelling is not established.	src/GameZRecoil/zFMV/fmv_script.cpp:269
recoil:function:0x4626b0	0x4626b0	zFMV_Script::LoadActionsFromZrd	zFMV_Script::LoadActionsFromZrd	retained	Inferred	Retain reconstructed descriptive spelling; exact original spelling is not established.	src/GameZRecoil/zFMV/fmv_script.cpp:299
recoil:function:0x462e30	0x462e30	zFMV_Action::RunBlockingImmediate	zFMV_Action::RunBlockingImmediate	retained	Inferred	Retain reconstructed descriptive spelling; exact original spelling is not established.	src/GameZRecoil/zFMV/fmv_script.cpp:416
recoil:function:0x462e70	0x462e70	zFMV_Action::SharedScalarDeletingDestructor	zFMV_Action::SharedScalarDeletingDestructor	retained	Inferred	Retain physical/compiler projection label; no unique attached defining function body in the source inventory.	
recoil:function:0x462e90	0x462e90	zFMV_ActionPlaySound::Begin	CZFMVActionPlaySound::Begin	renamed	Inferred	Synchronize current defining source name; descriptive reconstruction, not recovered original spelling.	src/GameZRecoil/zFMV/fmv_script.cpp:430
recoil:function:0x462ed0	0x462ed0	zFMV_ActionWait::Begin	CZFMVActionWait::Begin	renamed	Inferred	Synchronize current defining source name; descriptive reconstruction, not recovered original spelling.	src/GameZRecoil/zFMV/fmv_script.cpp:449
recoil:function:0x462ee0	0x462ee0	zFMV_ActionWait::Update	CZFMVActionWait::Update	renamed	Inferred	Synchronize current defining source name; descriptive reconstruction, not recovered original spelling.	src/GameZRecoil/zFMV/fmv_script.cpp:460
recoil:function:0x462f00	0x462f00	zFMV_Action::FlipSurfaces	zFMV_Action::FlipSurfaces	retained	Inferred	Retain reconstructed descriptive spelling; exact original spelling is not established.	src/GameZRecoil/zFMV/fmv_script.cpp:482
recoil:function:0x462f10	0x462f10	zFMV_Script::AppendAction	zFMV_Script::AppendAction	retained	Inferred	Retain reconstructed descriptive spelling; exact original spelling is not established.	src/GameZRecoil/zFMV/fmv_script.cpp:493
recoil:function:0x462f50	0x462f50	zFMV_Script::RunBlocking	zFMV_Script::RunBlocking	retained	Inferred	Retain reconstructed descriptive spelling; exact original spelling is not established.	src/GameZRecoil/zFMV/fmv_script.cpp:520
recoil:function:0x462f90	0x462f90	zFMV_Script::BeginCurrentAction	zFMV_Script::BeginCurrentAction	retained	Inferred	Retain reconstructed descriptive spelling; exact original spelling is not established.	src/GameZRecoil/zFMV/fmv_script.cpp:539
recoil:function:0x463000	0x463000	zFMV_Script::Update	zFMV_Script::Update	retained	Inferred	Retain reconstructed descriptive spelling; exact original spelling is not established.	src/GameZRecoil/zFMV/fmv_script.cpp:566
recoil:function:0x4630a0	0x4630a0	zFMV_Script::BeginAtTime	zFMV_Script::BeginAtTime	retained	Inferred	Retain reconstructed descriptive spelling; exact original spelling is not established.	src/GameZRecoil/zFMV/fmv_script.cpp:602
recoil:function:0x4630e0	0x4630e0	zFMV_Script::UpdateAtTime	zFMV_Script::UpdateAtTime	retained	Inferred	Retain reconstructed descriptive spelling; exact original spelling is not established.	src/GameZRecoil/zFMV/fmv_script.cpp:611
recoil:function:0x463120	0x463120	zFMV_Script::BeginNow	zFMV_Script::BeginNow	retained	Inferred	Retain reconstructed descriptive spelling; exact original spelling is not established.	src/GameZRecoil/zFMV/fmv_script.cpp:622
recoil:function:0x463130	0x463130	zFMV_ActionImage::ConstructorWithScreenRect	CZFMVActionImage::ConstructorWithScreenRect	renamed	Inferred	Synchronize renamed source identifier within existing physical/compiler projection label.	
recoil:function:0x4631d0	0x4631d0	zFMV_ActionImage::ScalarDeletingDestructor	CZFMVActionImage::ScalarDeletingDestructor	renamed	Inferred	Synchronize renamed source identifier within existing physical/compiler projection label.	
recoil:function:0x4631f0	0x4631f0	zFMV_ActionImage::ConstructorScaled	CZFMVActionImage::ConstructorScaled	renamed	Inferred	Synchronize renamed source identifier within existing physical/compiler projection label.	
recoil:function:0x4632a0	0x4632a0	zFMV_ActionImage::Destructor	CZFMVActionImage::Destructor	renamed	Inferred	Synchronize renamed source identifier within existing physical/compiler projection label.	
recoil:function:0x463300	0x463300	zFMV_ActionImage::Begin	CZFMVActionImage::Begin	renamed	Inferred	Synchronize current defining source name; descriptive reconstruction, not recovered original spelling.	src/GameZRecoil/zFMV/fmv_script.cpp:697
recoil:function:0x463320	0x463320	zFMV_ActionImage::Update	CZFMVActionImage::Update	renamed	Inferred	Synchronize current defining source name; descriptive reconstruction, not recovered original spelling.	src/GameZRecoil/zFMV/fmv_script.cpp:708
recoil:function:0x4633a0	0x4633a0	zFMV_ActionImage::End	CZFMVActionImage::End	renamed	Inferred	Synchronize current defining source name; descriptive reconstruction, not recovered original spelling.	src/GameZRecoil/zFMV/fmv_script.cpp:746
recoil:function:0x4633c0	0x4633c0	zFMV_ActionFade::Constructor	CZFMVActionFade::Constructor	renamed	Inferred	Synchronize renamed source identifier within existing physical/compiler projection label.	
recoil:function:0x463410	0x463410	zFMV_ActionFade::Begin	CZFMVActionFade::Begin	renamed	Inferred	Synchronize current defining source name; descriptive reconstruction, not recovered original spelling.	src/GameZRecoil/zFMV/fmv_script.cpp:780
recoil:function:0x463440	0x463440	zFMV_ActionFade::Update	CZFMVActionFade::Update	renamed	Inferred	Synchronize current defining source name; descriptive reconstruction, not recovered original spelling.	src/GameZRecoil/zFMV/fmv_script.cpp:790
recoil:function:0x463550	0x463550	zFMV_ActionFade::End	CZFMVActionFade::End	renamed	Inferred	Synchronize current defining source name; descriptive reconstruction, not recovered original spelling.	src/GameZRecoil/zFMV/fmv_script.cpp:845
recoil:function:0x463570	0x463570	zFMV_ActionPlayAvi::Constructor	CZFMVActionPlayAvi::Constructor	renamed	Inferred	Synchronize renamed source identifier within existing physical/compiler projection label.	
recoil:function:0x463650	0x463650	zFMV_ActionPlayAvi::ScalarDeletingDestructor	CZFMVActionPlayAvi::ScalarDeletingDestructor	renamed	Inferred	Synchronize renamed source identifier within existing physical/compiler projection label.	
recoil:function:0x463670	0x463670	zFMV_ActionPlayAvi::Destructor	CZFMVActionPlayAvi::Destructor	renamed	Inferred	Synchronize renamed source identifier within existing physical/compiler projection label.	
recoil:function:0x4636d0	0x4636d0	zFMV_ActionPlayAvi::Update	CZFMVActionPlayAvi::Update	renamed	Inferred	Synchronize current defining source name; descriptive reconstruction, not recovered original spelling.	src/GameZRecoil/zFMV/fmv_script.cpp:888
recoil:function:0x463790	0x463790	zFMV_ActionPlayAvi::Begin	CZFMVActionPlayAvi::Begin	renamed	Inferred	Synchronize current defining source name; descriptive reconstruction, not recovered original spelling.	src/GameZRecoil/zFMV/fmv_script.cpp:939
recoil:function:0x463820	0x463820	zFMV_ActionPlayAvi::End	CZFMVActionPlayAvi::End	renamed	Inferred	Synchronize current defining source name; descriptive reconstruction, not recovered original spelling.	src/GameZRecoil/zFMV/fmv_script.cpp:963
recoil:function:0x463850	0x463850	zFMV_ActionBlur::Constructor	zFMV_ActionBlur::Constructor	retained	Inferred	Retain physical/compiler projection label; no unique attached defining function body in the source inventory.	
recoil:function:0x463870	0x463870	zFMV_ActionBlur::Begin	zFMV_ActionBlur::Begin	retained	Inferred	Retain reconstructed descriptive spelling; exact original spelling is not established.	src/GameZRecoil/zFMV/fmv_script.cpp:990
recoil:function:0x463920	0x463920	zFMV_ActionBlur::End	zFMV_ActionBlur::End	retained	Inferred	Retain reconstructed descriptive spelling; exact original spelling is not established.	src/GameZRecoil/zFMV/fmv_script.cpp:1034
recoil:function:0x463950	0x463950	zFMV_ActionBlur::Update	zFMV_ActionBlur::Update	retained	Inferred	Retain reconstructed descriptive spelling; exact original spelling is not established.	src/GameZRecoil/zFMV/fmv_script.cpp:1059
recoil:function:0x4639e0	0x4639e0	zFMV_ActionBlurH::Update	CZFMVActionBlurH::Update	renamed	Inferred	Synchronize current defining source name; descriptive reconstruction, not recovered original spelling.	src/GameZRecoil/zFMV/fmv_script.cpp:1102
recoil:function:0x463a70	0x463a70	zFMV_ActionBlurV::Update	CZFMVActionBlurV::Update	renamed	Inferred	Synchronize current defining source name; descriptive reconstruction, not recovered original spelling.	src/GameZRecoil/zFMV/fmv_script.cpp:1145
recoil:function:0x463b00	0x463b00	zFMV_ActionPlayMci::Constructor	CZFMVActionPlayMci::Constructor	renamed	Inferred	Synchronize renamed source identifier within existing physical/compiler projection label.	
recoil:function:0x463bf0	0x463bf0	zFMV_ActionPlayMci::ScalarDeletingDestructor	CZFMVActionPlayMci::ScalarDeletingDestructor	renamed	Inferred	Synchronize renamed source identifier within existing physical/compiler projection label.	
recoil:function:0x463c10	0x463c10	zFMV_ActionPlayMci::Destructor	CZFMVActionPlayMci::Destructor	renamed	Inferred	Synchronize renamed source identifier within existing physical/compiler projection label.	
recoil:function:0x463c90	0x463c90	zFMV_ActionPlayMci::Update	CZFMVActionPlayMci::Update	renamed	Inferred	Synchronize current defining source name; descriptive reconstruction, not recovered original spelling.	src/GameZRecoil/zFMV/fmv_script.cpp:1229
recoil:function:0x463ca0	0x463ca0	zFMV_ActionPlayMci::Begin	CZFMVActionPlayMci::Begin	renamed	Inferred	Synchronize current defining source name; descriptive reconstruction, not recovered original spelling.	src/GameZRecoil/zFMV/fmv_script.cpp:1242
recoil:function:0x463cc0	0x463cc0	zFMV_ActionPlayMci::End	CZFMVActionPlayMci::End	renamed	Inferred	Synchronize current defining source name; descriptive reconstruction, not recovered original spelling.	src/GameZRecoil/zFMV/fmv_script.cpp:1257
recoil:function:0x463d50	0x463d50	zFMV_Stream::Init	zFMV_Stream::Init	retained	Inferred	Retain reconstructed descriptive spelling; exact original spelling is not established.	src/GameZRecoil/zFMV/fmv_stream.cpp:106
recoil:function:0x463dd0	0x463dd0	zFMV_Stream::Destructor	zFMV_Stream::Destructor	retained	Inferred	Retain reconstructed descriptive spelling; exact original spelling is not established.	src/GameZRecoil/zFMV/fmv_stream.cpp:137
recoil:function:0x463ef0	0x463ef0	zFMV_Stream::Constructor	zFMV_Stream::Constructor	retained	Inferred	Retain reconstructed descriptive spelling; exact original spelling is not established.	src/GameZRecoil/zFMV/fmv_stream.cpp:187
recoil:function:0x4641a0	0x4641a0	zFMV_Stream::OpenAudio	zFMV_Stream::OpenAudio	retained	Inferred	Retain reconstructed descriptive spelling; exact original spelling is not established.	src/GameZRecoil/zFMV/fmv_stream.cpp:321
recoil:function:0x4643a0	0x4643a0	zFMV_Stream::ReadAndDecodeFrame	zFMV_Stream::ReadAndDecodeFrame	retained	Inferred	Retain reconstructed descriptive spelling; exact original spelling is not established.	src/GameZRecoil/zFMV/fmv_stream.cpp:429
recoil:function:0x464540	0x464540	zFMV_Stream::FillAudioBuffer	zFMV_Stream::FillAudioBuffer	retained	Inferred	Retain reconstructed descriptive spelling; exact original spelling is not established.	src/GameZRecoil/zFMV/fmv_stream.cpp:513
recoil:function:0x464670	0x464670	zGeometry_Weiler::GetInputContourAPointList	zGeometry_Weiler::GetInputContourAPointList	retained	Inferred	Retain reconstructed descriptive spelling; exact original spelling is not established.	src/GameZRecoil/zGeometry/zgeo_weiler.cpp:220
recoil:function:0x464680	0x464680	zGeometry_Weiler::Init	zGeometry_Weiler::Init	retained	Inferred	Retain reconstructed descriptive spelling; exact original spelling is not established.	src/GameZRecoil/zGeometry/zgeo_weiler.cpp:237
recoil:function:0x464790	0x464790	zGeometry_ClipPolygon::ResetWeilerStateFromContourPoints	zGeometry_ClipPolygon::ResetWeilerStateFromContourPoints	retained	Inferred	Retain reconstructed descriptive spelling; exact original spelling is not established.	src/GameZRecoil/zGeometry/zgeo_weiler.cpp:301
recoil:function:0x4647d0	0x4647d0	zGeometry_Weiler::DestroyState	zGeometry_Weiler::DestroyState	retained	Inferred	Retain reconstructed descriptive spelling; exact original spelling is not established.	src/GameZRecoil/zGeometry/zgeo_weiler.cpp:328
recoil:function:0x464810	0x464810	zGeometry_Weiler::ClipPointList	zGeometry_Weiler::ClipPointList	retained	Inferred	Retain reconstructed descriptive spelling; exact original spelling is not established.	src/GameZRecoil/zGeometry/zgeo_weiler.cpp:347
recoil:function:0x464b30	0x464b30	zGeometry_WeilerClipOutput::Destroy	zGeometry_WeilerClipOutput::Destroy	retained	Inferred	Retain reconstructed descriptive spelling; exact original spelling is not established.	src/GameZRecoil/zGeometry/zgeo_weiler.cpp:597
recoil:function:0x464b90	0x464b90	zGeometry_Weiler::InitInputContourPair	zGeometry_Weiler::InitInputContourPair	retained	Inferred	Retain reconstructed descriptive spelling; exact original spelling is not established.	src/GameZRecoil/zGeometry/zgeo_weiler.cpp:633
recoil:function:0x464c90	0x464c90	zGeometry_Weiler::ClassifyInputContourPairBounds	zGeometry_Weiler::ClassifyInputContourPairBounds	retained	Inferred	Retain reconstructed descriptive spelling; exact original spelling is not established.	src/GameZRecoil/zGeometry/zgeo_weiler.cpp:691
recoil:function:0x464ea0	0x464ea0	zGeometry_Weiler::OutputPreclassifiedContourPairResult	zGeometry_Weiler::OutputPreclassifiedContourPairResult	retained	Inferred	Retain reconstructed descriptive spelling; exact original spelling is not established.	src/GameZRecoil/zGeometry/zgeo_weiler.cpp:786
recoil:function:0x464f70	0x464f70	zGeometry_Weiler::PreclassifyInputContourPair	zGeometry_Weiler::PreclassifyInputContourPair	retained	Inferred	Retain reconstructed descriptive spelling; exact original spelling is not established.	src/GameZRecoil/zGeometry/zgeo_weiler.cpp:847
recoil:function:0x465ac0	0x465ac0	zGeometry_Weiler::ClassifyContainedContour	zGeometry_Weiler::ClassifyContainedContour	retained	Inferred	Retain reconstructed descriptive spelling; exact original spelling is not established.	src/GameZRecoil/zGeometry/zgeo_weiler.cpp:1305
recoil:function:0x467600	0x467600	zGeometry_WeilerBuffer::Init	zGeometry_WeilerBuffer::Init	retained	Inferred	Retain reconstructed descriptive spelling; exact original spelling is not established.	src/GameZRecoil/zGeometry/zgeo_weiler.cpp:1853
recoil:function:0x467630	0x467630	zGeometry_WeilerBuffer::Destroy	zGeometry_WeilerBuffer::Destroy	retained	Inferred	Retain reconstructed descriptive spelling; exact original spelling is not established.	src/GameZRecoil/zGeometry/zgeo_weiler.cpp:1873
recoil:function:0x467660	0x467660	zGeometry_WeilerBuffer::GetAppendSpace	zGeometry_WeilerBuffer::GetAppendSpace	retained	Inferred	Retain reconstructed descriptive spelling; exact original spelling is not established.	src/GameZRecoil/zGeometry/zgeo_weiler.cpp:1891
recoil:function:0x4676c0	0x4676c0	zGeometry_Weiler::EnsureContourOutput	zGeometry_Weiler::EnsureContourOutput	retained	Inferred	Retain reconstructed descriptive spelling; exact original spelling is not established.	src/GameZRecoil/zGeometry/zgeo_weiler.cpp:1922
recoil:function:0x467710	0x467710	zGeometry_Weiler::MergeContours	zGeometry_Weiler::MergeContours	retained	Inferred	Retain reconstructed descriptive spelling; exact original spelling is not established.	src/GameZRecoil/zGeometry/zgeo_weiler.cpp:1954
recoil:function:0x4680b0	0x4680b0	zGeometry_Weiler::NewContour	zGeometry_Weiler::NewContour	retained	Inferred	Retain reconstructed descriptive spelling; exact original spelling is not established.	src/GameZRecoil/zGeometry/zgeo_weiler.cpp:2343
recoil:function:0x4681a0	0x4681a0	zGeometry_Weiler::OutputContoursForClipMode	zGeometry_Weiler::OutputContoursForClipMode	retained	Inferred	Retain reconstructed descriptive spelling; exact original spelling is not established.	src/GameZRecoil/zGeometry/zgeo_weiler.cpp:2416
recoil:function:0x4682c0	0x4682c0	zGeometry_Weiler::OutputContourToPolygonSet	zGeometry_Weiler::OutputContourToPolygonSet	retained	Inferred	Retain reconstructed descriptive spelling; exact original spelling is not established.	src/GameZRecoil/zGeometry/zgeo_weiler.cpp:2496
recoil:function:0x4683a0	0x4683a0	zGeometry_Weiler::TogglePointAxesForContourSource	zGeometry_Weiler::TogglePointAxesForContourSource	retained	Inferred	Retain reconstructed descriptive spelling; exact original spelling is not established.	src/GameZRecoil/zGeometry/zgeo_weiler.cpp:2554
recoil:function:0x468410	0x468410	zGeometry_WeilerContourSegment::UpdateBounds	zGeometry_WeilerContourSegment::UpdateBounds	retained	Inferred	Retain reconstructed descriptive spelling; exact original spelling is not established.	src/GameZRecoil/zGeometry/zgeo_weiler.cpp:2584
recoil:function:0x468470	0x468470	zGeometry_Weiler::BuildPointSideTablesForContourPair	zGeometry_Weiler::BuildPointSideTablesForContourPair	retained	Inferred	Retain reconstructed descriptive spelling; exact original spelling is not established.	src/GameZRecoil/zGeometry/zgeo_weiler.cpp:2618
recoil:function:0x468580	0x468580	zGeometry_Weiler::DivideContourSegmentAtPoint	zGeometry_Weiler::DivideContourSegmentAtPoint	retained	Inferred	Retain reconstructed descriptive spelling; exact original spelling is not established.	src/GameZRecoil/zGeometry/zgeo_weiler.cpp:2661
recoil:function:0x468650	0x468650	zGeometry_Weiler::CreateForwardSegmentPairAtPoint	zGeometry_Weiler::CreateForwardSegmentPairAtPoint	retained	Inferred	Retain reconstructed descriptive spelling; exact original spelling is not established.	src/GameZRecoil/zGeometry/zgeo_weiler.cpp:2718
recoil:function:0x468700	0x468700	zGeometry_Weiler::OutputSelectedInputContourToPolygonSetA	zGeometry_Weiler::OutputSelectedInputContourToPolygonSetA	retained	Inferred	Retain reconstructed descriptive spelling; exact original spelling is not established.	src/GameZRecoil/zGeometry/zgeo_weiler.cpp:2768
recoil:function:0x4687b0	0x4687b0	zGeometry_Weiler::GenerateOutsideResults	zGeometry_Weiler::GenerateOutsideResults	retained	Inferred	Retain reconstructed descriptive spelling; exact original spelling is not established.	src/GameZRecoil/zGeometry/zgeo_weiler.cpp:2810
recoil:function:0x468a10	0x468a10	zGeometry_Weiler::ClassifyPointInContourPointListXY	zGeometry_Weiler::ClassifyPointInContourPointListXY	retained	Inferred	Retain reconstructed descriptive spelling; exact original spelling is not established.	src/GameZRecoil/zGeometry/zgeo_weiler.cpp:2918
recoil:function:0x468c40	0x468c40	zGeometry_Weiler::Intersect2d	zGeometry_Weiler::Intersect2d	retained	Inferred	Retain reconstructed descriptive spelling; exact original spelling is not established.	src/GameZRecoil/zGeometry/zgeo_weiler.cpp:2989
recoil:function:0x468fa0	0x468fa0	zGeometry_Weiler::ClassifyIntersect2d	zGeometry_Weiler::ClassifyIntersect2d	retained	Inferred	Retain reconstructed descriptive spelling; exact original spelling is not established.	src/GameZRecoil/zGeometry/zgeo_weiler.cpp:3109
recoil:function:0x4693a0	0x4693a0	zGeometry_WeilerContourSegmentArray::UpdateBounds	zGeometry_WeilerContourSegmentArray::UpdateBounds	retained	Inferred	Retain reconstructed descriptive spelling; exact original spelling is not established.	src/GameZRecoil/zGeometry/zgeo_weiler.cpp:3217
recoil:function:0x4693c0	0x4693c0	zGeometry_WeilerContourSegmentArray::InitFromPointList	zGeometry_WeilerContourSegmentArray::InitFromPointList	retained	Inferred	Retain reconstructed descriptive spelling; exact original spelling is not established.	src/GameZRecoil/zGeometry/zgeo_weiler.cpp:3231
recoil:function:0x469430	0x469430	zGeometry_Weiler::GetNextContourSegmentForTraversal	zGeometry_Weiler::GetNextContourSegmentForTraversal	retained	Inferred	Retain reconstructed descriptive spelling; exact original spelling is not established.	src/GameZRecoil/zGeometry/zgeo_weiler.cpp:3267
recoil:function:0x469450	0x469450	zGeometry_Weiler::ClassifyAdjacentEdgePairAgainstContourSegment	zGeometry_Weiler::ClassifyAdjacentEdgePairAgainstContourSegment	retained	Inferred	Retain reconstructed descriptive spelling; exact original spelling is not established.	src/GameZRecoil/zGeometry/zgeo_weiler.cpp:3290
recoil:function:0x469560	0x469560	zGeometry_Weiler::ClassifyAdjacentEdgePairAgainstAdjacentEdgePair	zGeometry_Weiler::ClassifyAdjacentEdgePairAgainstAdjacentEdgePair	retained	Inferred	Retain reconstructed descriptive spelling; exact original spelling is not established.	src/GameZRecoil/zGeometry/zgeo_weiler.cpp:3325
recoil:function:0x469960	0x469960	zGeometry_Weiler::RecenterPointSetsIfOutOfRange	zGeometry_Weiler::RecenterPointSetsIfOutOfRange	retained	Inferred	Retain reconstructed descriptive spelling; exact original spelling is not established.	src/GameZRecoil/zGeometry/zgeo_weiler.cpp:3465
recoil:function:0x469a30	0x469a30	zGeometry_Weiler::PreclassifyInputContourAAdjacentEdgePairs	zGeometry_Weiler::PreclassifyInputContourAAdjacentEdgePairs	retained	Inferred	Retain reconstructed descriptive spelling; exact original spelling is not established.	src/GameZRecoil/zGeometry/zgeo_weiler.cpp:3505
recoil:function:0x469ae0	0x469ae0	zGeometry_WeilerBuffer::SetCountAndAppendPtr	zGeometry_WeilerBuffer::SetCountAndAppendPtr	retained	Inferred	Retain reconstructed descriptive spelling; exact original spelling is not established.	src/GameZRecoil/zGeometry/zgeo_weiler.cpp:3545
recoil:function:0x469af0	0x469af0	zGeometry_Weiler::RestorePointTranslation	zGeometry_Weiler::RestorePointTranslation	retained	Inferred	Retain reconstructed descriptive spelling; exact original spelling is not established.	src/GameZRecoil/zGeometry/zgeo_weiler.cpp:3561
recoil:function:0x469b60	0x469b60	zGeometry_Weiler::RestoreOutputZFromInputPlane	zGeometry_Weiler::RestoreOutputZFromInputPlane	retained	Inferred	Retain reconstructed descriptive spelling; exact original spelling is not established.	src/GameZRecoil/zGeometry/zgeo_weiler.cpp:3588
recoil:function:0x469ca0	0x469ca0	zGeometry_Vec3::IsBetweenEndpointsXY	zGeometry_Vec3::IsBetweenEndpointsXY	retained	Inferred	Retain reconstructed descriptive spelling; exact original spelling is not established.	src/GameZRecoil/zGeometry/zgeo_weiler.cpp:3635
recoil:function:0x469d60	0x469d60	zGeometry_Weiler::SelectForwardStartPointInContourA	zGeometry_Weiler::SelectForwardStartPointInContourA	retained	Inferred	Retain reconstructed descriptive spelling; exact original spelling is not established.	src/GameZRecoil/zGeometry/zgeo_weiler.cpp:3663
recoil:function:0x469e50	0x469e50	zGeometry_Vec3::IsNearEqualXY	zGeometry_Vec3::IsNearEqualXY	retained	Inferred	Retain reconstructed descriptive spelling; exact original spelling is not established.	src/GameZRecoil/zGeometry/zgeo_weiler.cpp:3717
recoil:function:0x469e90	0x469e90	zGeometry_Vec3::SnapPointToSegmentXYIfNear	zGeometry_Vec3::SnapPointToSegmentXYIfNear	retained	Inferred	Retain reconstructed descriptive spelling; exact original spelling is not established.	src/GameZRecoil/zGeometry/zgeo_weiler.cpp:3734
recoil:function:0x46a080	0x46a080	zGeometry_Vec3Array::RemoveAdjacentDuplicatePointsXY	zGeometry_Vec3Array::RemoveAdjacentDuplicatePointsXY	retained	Inferred	Retain reconstructed descriptive spelling; exact original spelling is not established.	src/GameZRecoil/zGeometry/zgeo_weiler.cpp:3788
recoil:function:0x46a130	0x46a130	zGeometry_Polygon::SnapPointsXYIfNear	zGeometry_Polygon::SnapPointsXYIfNear	retained	Inferred	Retain reconstructed descriptive spelling; exact original spelling is not established.	src/GameZRecoil/zGeometry/zgeo_weiler.cpp:3833
recoil:function:0x46a1f0	0x46a1f0	zGeometry_Weiler::ValidateXings	zGeometry_Weiler::ValidateXings	retained	Inferred	Retain reconstructed descriptive spelling; exact original spelling is not established.	src/GameZRecoil/zGeometry/zgeo_weiler.cpp:3883
recoil:function:0x46a5e0	0x46a5e0	zGeometry_Vec3Array::RotateNeg90AroundX	zGeometry_Vec3Array::RotateNeg90AroundX	retained	Inferred	Retain reconstructed descriptive spelling; exact original spelling is not established.	src/GameZRecoil/zGeometry/zgeo_weiler.cpp:4016
recoil:function:0x46a600	0x46a600	zGeometry_Vec3Array::RotatePos90AroundX	zGeometry_Vec3Array::RotatePos90AroundX	retained	Inferred	Retain reconstructed descriptive spelling; exact original spelling is not established.	src/GameZRecoil/zGeometry/zgeo_weiler.cpp:4036
recoil:function:0x46a620	0x46a620	zGeometry_Bounds2D::OverlapsWithUnitMargin	zGeometry_Bounds2D::OverlapsWithUnitMargin	retained	Inferred	Retain reconstructed descriptive spelling; exact original spelling is not established.	src/GameZRecoil/zGeometry/zgeo_weiler.cpp:4059
recoil:function:0x46a690	0x46a690	zGeometry_Model::FindOrCreateRandomDebugMaterial	zGeometry_Model::FindOrCreateRandomDebugMaterial	retained	Inferred	Retain reconstructed descriptive spelling; exact original spelling is not established.	src/GameZRecoil/zGeometry/zgeo_model.cpp:89
recoil:function:0x46a770	0x46a770	zGeometry_Model::AddPolygonToDi	zGeometry_Model::AddPolygonToDi	retained	Inferred	Retain reconstructed descriptive spelling; exact original spelling is not established.	src/GameZRecoil/zGeometry/zgeo_model.cpp:113
recoil:function:0x46a7f0	0x46a7f0	zGeometry_Model::BuildPolygonUvList	zGeometry_Model::BuildPolygonUvList	retained	Inferred	Retain reconstructed descriptive spelling; exact original spelling is not established.	src/GameZRecoil/zGeometry/zgeo_model.cpp:158
recoil:function:0x46a8e0	0x46a8e0	zGeometry_Polygon::SolveUvAxisCoefficientsXZ	zGeometry_Polygon::SolveUvAxisCoefficientsXZ	retained	Inferred	Retain reconstructed descriptive spelling; exact original spelling is not established.	src/GameZRecoil/zGeometry/zgeo_model.cpp:212
recoil:function:0x46a9c0	0x46a9c0	zGeometry_Vec3Array::ComputeBoundsXY	zGeometry_Vec3Array::ComputeBoundsXY	retained	Inferred	Retain reconstructed descriptive spelling; exact original spelling is not established.	src/GameZRecoil/zGeometry/zgeo_model.cpp:248
recoil:function:0x46aa40	0x46aa40	zGeometry_ClipPolygon::CreateFromPointList	zGeometry_ClipPolygon::CreateFromPointList	retained	Inferred	Retain reconstructed descriptive spelling; exact original spelling is not established.	src/GameZRecoil/zGeometry/zgeo_model.cpp:288
recoil:function:0x46aab0	0x46aab0	zGeometry_ClipPolygon::CopyPointsOutRotatedBack	zGeometry_ClipPolygon::CopyPointsOutRotatedBack	retained	Inferred	Retain reconstructed descriptive spelling; exact original spelling is not established.	src/GameZRecoil/zGeometry/zgeo_model.cpp:312
recoil:function:0x46ab10	0x46ab10	zGeometry_ClipPolygon::FinalizeAndDestroy	zGeometry_ClipPolygon::FinalizeAndDestroy	retained	Inferred	Retain reconstructed descriptive spelling; exact original spelling is not established.	src/GameZRecoil/zGeometry/zgeo_model.cpp:334
recoil:function:0x46ab40	0x46ab40	zGeometry_ClipPolygon::FindPointIndexXY	zGeometry_ClipPolygon::FindPointIndexXY	retained	Inferred	Retain reconstructed descriptive spelling; exact original spelling is not established.	src/GameZRecoil/zGeometry/zgeo_model.cpp:350
recoil:function:0x46ab90	0x46ab90	zGeometry_ClipPolygon::UpsertPointListXY	zGeometry_ClipPolygon::UpsertPointListXY	retained	Inferred	Retain reconstructed descriptive spelling; exact original spelling is not established.	src/GameZRecoil/zGeometry/zgeo_model.cpp:368
recoil:function:0x46ac80	0x46ac80	zGeometry_ClipPolygon::FindPointInsertionEdgeXYIndex	zGeometry_ClipPolygon::FindPointInsertionEdgeXYIndex	retained	Inferred	Retain reconstructed descriptive spelling; exact original spelling is not established.	src/GameZRecoil/zGeometry/zgeo_model.cpp:421
recoil:function:0x46ae40	0x46ae40	zGeometry_ClipPatchOutput::ApplyNodeDiPairs	zGeometry_ClipPatchOutput::ApplyNodeDiPairs	retained	Inferred	Retain reconstructed descriptive spelling; exact original spelling is not established.	src/GameZRecoil/zGeometry/zgeo_model.cpp:474
recoil:function:0x46af00	0x46af00	zGeometry_ClipPatchOutput::Create	zGeometry_ClipPatchOutput::Create	retained	Inferred	Retain reconstructed descriptive spelling; exact original spelling is not established.	src/GameZRecoil/zGeometry/zgeo_model.cpp:514
recoil:function:0x46af20	0x46af20	zGeometry_ClipPatchOutput::Destroy	zGeometry_ClipPatchOutput::Destroy	retained	Inferred	Retain reconstructed descriptive spelling; exact original spelling is not established.	src/GameZRecoil/zGeometry/zgeo_model.cpp:532
recoil:function:0x46af40	0x46af40	zDEClient::CreateFeatureNodeAndDiFromClipPatchPartition	zDEClient::CreateFeatureNodeAndDiFromClipPatchPartition	retained	Inferred	Retain physical/compiler projection label; no unique attached defining function body in the source inventory.	
recoil:function:0x46b030	0x46b030	zGeometry_ClipPolygon::SnapPointsNearNodeModelXY	zGeometry_ClipPolygon::SnapPointsNearNodeModelXY	retained	Inferred	Retain reconstructed descriptive spelling; exact original spelling is not established.	src/GameZRecoil/zGeometry/zgeo_model.cpp:615
recoil:function:0x46b1f0	0x46b1f0	zGeometry_Model::ClipPatch	zGeometry_Model::ClipPatch	retained	Inferred	Retain reconstructed descriptive spelling; exact original spelling is not established.	src/GameZRecoil/zGeometry/zgeo_model.cpp:713
recoil:function:0x46b550	0x46b550	zGeometry_ClipPolygon::ProcessNodePolygonSetXY	zGeometry_ClipPolygon::ProcessNodePolygonSetXY	retained	Inferred	Retain reconstructed descriptive spelling; exact original spelling is not established.	src/GameZRecoil/zGeometry/zgeo_model.cpp:917
recoil:function:0x46b650	0x46b650	zGeometry_Model::GetLinearBufferOfPolygonVertices	zGeometry_Model::GetLinearBufferOfPolygonVertices	retained	Inferred	Retain reconstructed descriptive spelling; exact original spelling is not established.	src/GameZRecoil/zGeometry/zgeo_model.cpp:964
recoil:function:0x46b6d0	0x46b6d0	zGeometry_Model::ProcessClipPatchNode	zGeometry_Model::ProcessClipPatchNode	retained	Inferred	Retain reconstructed descriptive spelling; exact original spelling is not established.	src/GameZRecoil/zGeometry/zgeo_model.cpp:985
recoil:function:0x46ba90	0x46ba90	zGeometry_Model::AddPointListPolygonToDi	zGeometry_Model::AddPointListPolygonToDi	retained	Inferred	Retain reconstructed descriptive spelling; exact original spelling is not established.	src/GameZRecoil/zGeometry/zgeo_model.cpp:1202
recoil:function:0x46bb30	0x46bb30	zGeometry_Model::AddIndexedPolygonToDi	zGeometry_Model::AddIndexedPolygonToDi	retained	Inferred	Retain reconstructed descriptive spelling; exact original spelling is not established.	src/GameZRecoil/zGeometry/zgeo_model.cpp:1258
recoil:function:0x46bb90	0x46bb90	zGeometry_Model::IsFullyInsideClipPolygonXY	zGeometry_Model::IsFullyInsideClipPolygonXY	retained	Inferred	Retain reconstructed descriptive spelling; exact original spelling is not established.	src/GameZRecoil/zGeometry/zgeo_model.cpp:1291
recoil:function:0x46bd50	0x46bd50	zGeometry_TriangulateHole::TryAppendBridgeEdge	zGeometry_TriangulateHole::TryAppendBridgeEdge	retained	Inferred	Retain reconstructed descriptive spelling; exact original spelling is not established.	src/GameZRecoil/zGeometry/zgeo_convexify.cpp:430
recoil:function:0x46be20	0x46be20	zGeometry_Segment::IntersectsSegmentXY	zGeometry_Segment::IntersectsSegmentXY	retained	Inferred	Retain reconstructed descriptive spelling; exact original spelling is not established.	src/GameZRecoil/zGeometry/zgeo_convexify.cpp:477
recoil:function:0x46bf30	0x46bf30	zGeometry_TriangulateHole::CollectActiveEdgeIndicesForVertex	zGeometry_TriangulateHole::CollectActiveEdgeIndicesForVertex	retained	Inferred	Retain reconstructed descriptive spelling; exact original spelling is not established.	src/GameZRecoil/zGeometry/zgeo_convexify.cpp:515
recoil:function:0x46bf70	0x46bf70	zGeometry_TriangulateHole::FindActiveEdgeState	zGeometry_TriangulateHole::FindActiveEdgeState	retained	Inferred	Retain reconstructed descriptive spelling; exact original spelling is not established.	src/GameZRecoil/zGeometry/zgeo_convexify.cpp:541
recoil:function:0x46bfc0	0x46bfc0	zGeometry_TriangulateHole::TryEmitTriangleFromEdgePair	zGeometry_TriangulateHole::TryEmitTriangleFromEdgePair	retained	Inferred	Retain reconstructed descriptive spelling; exact original spelling is not established.	src/GameZRecoil/zGeometry/zgeo_convexify.cpp:569
recoil:function:0x46c070	0x46c070	zGeometry::TriangulatePolygonWithHole	zGeometry::TriangulatePolygonWithHole	retained	Inferred	Retain reconstructed descriptive spelling; exact original spelling is not established.	src/GameZRecoil/zGeometry/zgeo_convexify.cpp:622
recoil:function:0x46c390	0x46c390	zGeometry_TriangulateHole::CacheCombinedPlane	zGeometry_TriangulateHole::CacheCombinedPlane	retained	Inferred	Retain reconstructed descriptive spelling; exact original spelling is not established.	src/GameZRecoil/zGeometry/zgeo_convexify.cpp:772
recoil:function:0x46c3a0	0x46c3a0	zGeometry_Vec3Array::ComputeNewellPlane	zGeometry_Vec3Array::ComputeNewellPlane	retained	Inferred	Retain reconstructed descriptive spelling; exact original spelling is not established.	src/GameZRecoil/zGeometry/zgeo_convexify.cpp:790
recoil:function:0x46c570	0x46c570	zGeometry_TriangulateHole::ProjectInnerRingOntoCachedPlane	zGeometry_TriangulateHole::ProjectInnerRingOntoCachedPlane	retained	Inferred	Retain reconstructed descriptive spelling; exact original spelling is not established.	src/GameZRecoil/zGeometry/zgeo_convexify.cpp:847
recoil:function:0x46c5b0	0x46c5b0	zGeometry_Vec3Array::ReversePoints	zGeometry_Vec3Array::ReversePoints	retained	Inferred	Retain reconstructed descriptive spelling; exact original spelling is not established.	src/GameZRecoil/zGeometry/zgeo_convexify.cpp:867
recoil:function:0x46c620	0x46c620	zGeometry_Vec3Array::EnsurePositiveCrossZ	zGeometry_Vec3Array::EnsurePositiveCrossZ	retained	Inferred	Retain reconstructed descriptive spelling; exact original spelling is not established.	src/GameZRecoil/zGeometry/zgeo_convexify.cpp:891
recoil:function:0x46c720	0x46c720	zGeometry_ConvexPolygonSet::Destroy	zGeometry_ConvexPolygonSet::Destroy	retained	Inferred	Retain reconstructed descriptive spelling; exact original spelling is not established.	src/GameZRecoil/zGeometry/zgeo_convexify.cpp:926
recoil:function:0x46c760	0x46c760	zGeometry_Polygon::Convexify	zGeometry_Polygon::convexify	renamed	Recoil-confirmed leaf; inferred scope	Retail diagnostic at 0x4e050c establishes leaf convexify; existing source scope is retained.	src/GameZRecoil/zGeometry/zgeo_convexify.cpp:952
recoil:function:0x46cb50	0x46cb50	zGeometry_Polygon::TriangulatePointDwordOffsetsRecursive	zGeometry_Polygon::TriangulatePointDwordOffsetsRecursive	retained	Inferred	Retain reconstructed descriptive spelling; exact original spelling is not established.	src/GameZRecoil/zGeometry/zgeo_convexify.cpp:1071
recoil:function:0x46ced0	0x46ced0	zGeometry_Polygon::TrySplitPointDwordOffsetsAtBestDiagonal	zGeometry_Polygon::TrySplitPointDwordOffsetsAtBestDiagonal	retained	Inferred	Retain reconstructed descriptive spelling; exact original spelling is not established.	src/GameZRecoil/zGeometry/zgeo_convexify.cpp:1262
recoil:function:0x46d310	0x46d310	zImage::TexDirEntryToIndex	zImage::TexDirEntryToIndex	retained	Inferred	Retain reconstructed descriptive spelling; exact original spelling is not established.	src/GameZRecoil/zImage/zimg_texture.cpp:218
recoil:function:0x46d340	0x46d340	zImage::TexIndexToDirEntry	zImage::TexIndexToDirEntry	retained	Inferred	Retain reconstructed descriptive spelling; exact original spelling is not established.	src/GameZRecoil/zImage/zimg_texture.cpp:240
recoil:function:0x46d360	0x46d360	zImage::WriteTextureDirectory	zImage::WriteTextureDirectory	retained	Inferred	Retain reconstructed descriptive spelling; exact original spelling is not established.	src/GameZRecoil/zImage/zimg_texture.cpp:263
recoil:function:0x46d420	0x46d420	zImage::ReadTextureDirectory	zImage::ReadTextureDirectory	retained	Inferred	Retain reconstructed descriptive spelling; exact original spelling is not established.	src/GameZRecoil/zImage/zimg_texture.cpp:309
recoil:function:0x46d4c0	0x46d4c0	zImage::GetDefaultImageRefPtr	zImage::GetDefaultImageRefPtr	retained	Inferred	Retain reconstructed descriptive spelling; exact original spelling is not established.	src/GameZRecoil/zImage/zimg_texture.cpp:360
recoil:function:0x46d4d0	0x46d4d0	zImage::FindTexDirEntryByName	zImage::FindTexDirEntryByName	retained	Inferred	Retain reconstructed descriptive spelling; exact original spelling is not established.	src/GameZRecoil/zImage/zimg_texture.cpp:375
recoil:function:0x46d550	0x46d550	zImage::InitTextureDirectory	zImage::InitTextureDirectory	retained	Inferred	Retain reconstructed descriptive spelling; exact original spelling is not established.	src/GameZRecoil/zImage/zimg_texture.cpp:400
recoil:function:0x46d5a0	0x46d5a0	zVid_Image::ReleaseIfNotDefault	zVid_Image::ReleaseIfNotDefault	retained	Inferred	Retain reconstructed descriptive spelling; exact original spelling is not established.	src/GameZRecoil/zImage/zimg_texture.cpp:437
recoil:function:0x46d5b0	0x46d5b0	zVid::SetTexturePackLoadState	zVid::SetTexturePackLoadState	retained	Inferred	Retain reconstructed descriptive spelling; exact original spelling is not established.	src/GameZRecoil/zImage/zimg_texture.cpp:454
recoil:function:0x46d5c0	0x46d5c0	zVid::GetTexturePackLoadState	zVid::GetTexturePackLoadState	retained	Inferred	Retain reconstructed descriptive spelling; exact original spelling is not established.	src/GameZRecoil/zImage/zimg_texture.cpp:465
recoil:function:0x46d5d0	0x46d5d0	zVid_TexDir::Shutdown	zVid_TexDir::Shutdown	retained	Inferred	Retain reconstructed descriptive spelling; exact original spelling is not established.	src/GameZRecoil/zImage/zimg_texture.cpp:483
recoil:function:0x46d6b0	0x46d6b0	zVid_TexturePack::ShutdownBuiltinPacks	zVid_TexturePack::ShutdownBuiltinPacks	retained	Inferred	Retain reconstructed descriptive spelling; exact original spelling is not established.	src/GameZRecoil/zImage/zimg_texture.cpp:542
recoil:function:0x46d730	0x46d730	zImage::ShutdownTextureDirectoryRuntime	zImage::ShutdownTextureDirectoryRuntime	retained	Inferred	Retain reconstructed descriptive spelling; exact original spelling is not established.	src/GameZRecoil/zImage/zimg_texture.cpp:576
recoil:function:0x46d780	0x46d780	zVid_TexturePack::Shutdown	zVid_TexturePack::Shutdown	retained	Inferred	Retain reconstructed descriptive spelling; exact original spelling is not established.	src/GameZRecoil/zImage/zimg_texture.cpp:600
recoil:function:0x46d810	0x46d810	zImage::TexDir_FindOrAppendByPath	zImage::TexDirFindOrAppendByPath	renamed	Inferred	Synchronize current defining source name; descriptive reconstruction, not recovered original spelling.	src/GameZRecoil/zImage/zimg_texture.cpp:635
recoil:function:0x46d870	0x46d870	zVid_Image::ClearZeroAlphaPixelsInPlace	zVid_Image::ClearZeroAlphaPixelsInPlace	retained	Inferred	Retain reconstructed descriptive spelling; exact original spelling is not established.	src/GameZRecoil/zImage/zimg_texture.cpp:668
recoil:function:0x46d900	0x46d900	zImage::TexDirFindOrCreateByPath	zImage::TexDirFindOrCreateByPath	retained	Inferred	Retain reconstructed descriptive spelling; exact original spelling is not established.	src/GameZRecoil/zImage/zimg_texture.cpp:722
recoil:function:0x46d940	0x46d940	zVid_TexturePack::LoadImageByName	zVidTexturePackLoadImageByName	renamed	Inferred	Synchronize current defining source name; descriptive reconstruction, not recovered original spelling.	src/GameZRecoil/zImage/zimg_texture.cpp:744
recoil:function:0x46da40	0x46da40	zVid_TexturePack::EnsureDefaultImagePackLoaded	zVidTexturePackEnsureDefaultImagePackLoaded	renamed	Inferred	Synchronize current defining source name; descriptive reconstruction, not recovered original spelling.	src/GameZRecoil/zImage/zimg_texture.cpp:784
recoil:function:0x46dae0	0x46dae0	zVid_TexturePackEntry::LoadFromFile	zVidTexturePackEntryLoadFromFile	renamed	Inferred	Synchronize current defining source name; descriptive reconstruction, not recovered original spelling.	src/GameZRecoil/zImage/zimg_texture.cpp:816
recoil:function:0x46dd30	0x46dd30	zVid_TexturePack::LoadBuiltinImageByName	zVid_TexturePack::LoadBuiltinImageByName	retained	Inferred	Retain physical/compiler projection label; no unique attached defining function body in the source inventory.	
recoil:function:0x46de50	0x46de50	zImage::TexDir_LoadPendingEntries	zImage::TexDirLoadPendingEntries	renamed	Inferred	Synchronize current defining source name; descriptive reconstruction, not recovered original spelling.	src/GameZRecoil/zImage/zimg_texture.cpp:968
recoil:function:0x46df50	0x46df50	zVid_TexturePack::EnsureBuiltinTexturePacksLoaded	zVidTexturePackEnsureBuiltinTexturePacksLoaded	renamed	Inferred	Synchronize current defining source name; descriptive reconstruction, not recovered original spelling.	src/GameZRecoil/zImage/zimg_texture.cpp:1025
recoil:function:0x46e250	0x46e250	zImage::InvalidateLoadedVariantChain	zImage::InvalidateLoadedVariantChain	retained	Inferred	Retain reconstructed descriptive spelling; exact original spelling is not established.	src/GameZRecoil/zImage/zimg_texture.cpp:1168
recoil:function:0x46e290	0x46e290	zImage_TexDirEntry::GetVariantImageAtIndex	zImage_TexDirEntryPartial::GetVariantImageAtIndex	renamed	Inferred	Synchronize current defining source name; descriptive reconstruction, not recovered original spelling.	src/GameZRecoil/zImage/zimg_texture.cpp:1194
recoil:function:0x46e2c0	0x46e2c0	zImage::SetPathExtension	zImage::SetPathExtension	retained	Inferred	Retain reconstructed descriptive spelling; exact original spelling is not established.	src/GameZRecoil/zImage/zimg_texture.cpp:1225
recoil:function:0x46e380	0x46e380	zImage::TexDirSetBaseNameFromPath	zImage::TexDirSetBaseNameFromPath	retained	Inferred	Retain reconstructed descriptive spelling; exact original spelling is not established.	src/GameZRecoil/zImage/zimg_texture.cpp:1268
recoil:function:0x46e3e0	0x46e3e0	zImage_TexDirEntry::BuildMipChain	zImage_TexDirEntryPartial::BuildMipChain	renamed	Inferred	Synchronize current defining source name; descriptive reconstruction, not recovered original spelling.	src/GameZRecoil/zImage/zimg_texture.cpp:1302
recoil:function:0x46e4e0	0x46e4e0	zVid_PaletteRemap::ApplyRecipeToPaletteVariant	zVid_PaletteRemap::ApplyRecipeToPaletteVariant	retained	Inferred	Retain reconstructed descriptive spelling; exact original spelling is not established.	src/GameZRecoil/zImage/zimg_texture.cpp:1349
recoil:function:0x46e680	0x46e680	zVid_PaletteRemap::FindRecipeIndex	zVid_PaletteRemap::FindRecipeIndex	retained	Inferred	Retain reconstructed descriptive spelling; exact original spelling is not established.	src/GameZRecoil/zImage/zimg_texture.cpp:1412
recoil:function:0x46e720	0x46e720	zVid_PaletteRemap::BuildPaletteVariant	zVidPaletteRemapBuildPaletteVariant	renamed	Inferred	Synchronize current defining source name; descriptive reconstruction, not recovered original spelling.	src/GameZRecoil/zImage/zimg_texture.cpp:1438
recoil:function:0x46e8d0	0x46e8d0	zVid_PaletteRemap::BuildAllRecipeVariantsForPalette	zVidPaletteRemapBuildAllRecipeVariantsForPalette	renamed	Inferred	Synchronize current defining source name; descriptive reconstruction, not recovered original spelling.	src/GameZRecoil/zImage/zimg_texture.cpp:1533
recoil:function:0x46e960	0x46e960	zVid_PaletteRemap::FindRecipeIndexFromRgb	zVidPaletteRemapFindRecipeIndexFromRgb	renamed	Inferred	Synchronize current defining source name; descriptive reconstruction, not recovered original spelling.	src/GameZRecoil/zImage/zimg_texture.cpp:1581
recoil:function:0x46e9b0	0x46e9b0	zVid_Image::ResampleSquare	zVid_Image::ResampleSquare	retained	Inferred	Retain reconstructed descriptive spelling; exact original spelling is not established.	src/GameZRecoil/zImage/zimg_texture.cpp:1609
recoil:function:0x46eb20	0x46eb20	zImage::Init	zImageInit	renamed	Inferred	Synchronize current defining source name; descriptive reconstruction, not recovered original spelling.	src/GameZRecoil/zImage/zimg_texture.cpp:1670
recoil:function:0x46eb90	0x46eb90	zImage::ShutdownSubsystem	zImage::ShutdownSubsystem	retained	Inferred	Retain reconstructed descriptive spelling; exact original spelling is not established.	src/GameZRecoil/zImage/zimg_texture.cpp:1702
recoil:function:0x46eba0	0x46eba0	zImg::Init	zImg::Init	retained	Inferred	Retain reconstructed descriptive spelling; exact original spelling is not established.	src/GameZRecoil/zImage/zimg_texture.cpp:1720
recoil:function:0x46ebb0	0x46ebb0	zImage::Shutdown	zImage::Shutdown	retained	Inferred	Retain reconstructed descriptive spelling; exact original spelling is not established.	src/GameZRecoil/zImage/zimg_texture.cpp:1738
recoil:function:0x46ebd0	0x46ebd0	zImage::InitMissionResources	zImageInitMissionResources	renamed	Inferred	Synchronize current defining source name; descriptive reconstruction, not recovered original spelling.	src/GameZRecoil/zImage/zimg_texture.cpp:1758
recoil:function:0x46ec00	0x46ec00	zVid_Image::Create	zVid_Image::Create	retained	Inferred	Retain reconstructed descriptive spelling; exact original spelling is not established.	src/GameZRecoil/zImage/zimg_texture.cpp:1777
recoil:function:0x46ec20	0x46ec20	zVid_Image::QueryBytesPerPixel	zVid_Image::QueryBytesPerPixel	retained	Inferred	Retain reconstructed descriptive spelling; exact original spelling is not established.	src/GameZRecoil/zImage/zimg_texture.cpp:1790
recoil:function:0x46ec30	0x46ec30	zVid_Image::SetHeaderFlagsByte	zVid_Image::SetHeaderFlagsByte	retained	Inferred	Retain reconstructed descriptive spelling; exact original spelling is not established.	src/GameZRecoil/zImage/zimg_texture.cpp:1803
recoil:function:0x46ec40	0x46ec40	zVid_Image::QueryPixelDataBytes	zVid_Image::QueryPixelDataBytes	retained	Inferred	Retain reconstructed descriptive spelling; exact original spelling is not established.	src/GameZRecoil/zImage/zimg_texture.cpp:1818
recoil:function:0x46ec60	0x46ec60	zVid_Image::SetFormatCode	zVid_Image::SetFormatCode	retained	Inferred	Retain reconstructed descriptive spelling; exact original spelling is not established.	src/GameZRecoil/zImage/zimg_texture.cpp:1835
recoil:function:0x46ec70	0x46ec70	zVid_Image::SetPixels	zVid_Image::zVidImageSetPixels	renamed	Inferred	Synchronize current defining source name; descriptive reconstruction, not recovered original spelling.	src/GameZRecoil/zImage/zimg_texture.cpp:1848
recoil:function:0x46ec90	0x46ec90	zVid_Image::SetSize	zVid_Image::SetSize	retained	Inferred	Retain reconstructed descriptive spelling; exact original spelling is not established.	src/GameZRecoil/zImage/zimg_texture.cpp:1867
recoil:function:0x46ecc0	0x46ecc0	zVid_Image::Destroy	zVid_Image::Destroy	retained	Inferred	Retain reconstructed descriptive spelling; exact original spelling is not established.	src/GameZRecoil/zImage/zimg_texture.cpp:1890
recoil:function:0x46ecf0	0x46ecf0	zVid_Image::ReleaseOwnedBuffers	zVid_Image::ReleaseOwnedBuffers	retained	Inferred	Retain reconstructed descriptive spelling; exact original spelling is not established.	src/GameZRecoil/zImage/zimg_texture.cpp:1910
recoil:function:0x46ed70	0x46ed70	zVid_Image::ReadHeader	zVid_Image::ReadHeader	retained	Inferred	Retain reconstructed descriptive spelling; exact original spelling is not established.	src/GameZRecoil/zImage/zimg_texture.cpp:1955
recoil:function:0x46ede0	0x46ede0	zVid_Image::ReadData	zVid_Image::ReadData	retained	Inferred	Retain reconstructed descriptive spelling; exact original spelling is not established.	src/GameZRecoil/zImage/zimg_texture.cpp:1978
recoil:function:0x46ef70	0x46ef70	zVid_Image::ReadFromFile	zVid_Image::ReadFromFile	retained	Inferred	Retain reconstructed descriptive spelling; exact original spelling is not established.	src/GameZRecoil/zImage/zimg_texture.cpp:2055
recoil:function:0x46efc0	0x46efc0	zImage_Font::GetByIndexOrDefault	zImage_Font::GetByIndexOrDefault	retained	Inferred	Retain reconstructed descriptive spelling; exact original spelling is not established.	src/GameZRecoil/zImage/zimg_fonts.cpp:20
recoil:function:0x46efe0	0x46efe0	zImage::FontsLoadFromPath	zImage::FontsLoadFromPath	retained	Inferred	Retain reconstructed descriptive spelling; exact original spelling is not established.	src/GameZRecoil/zImage/zimg_fonts.cpp:43
recoil:function:0x46f130	0x46f130	zImage_Font::BuildGlyphRects	zImage_Font::BuildGlyphRects	retained	Inferred	Retain reconstructed descriptive spelling; exact original spelling is not established.	src/GameZRecoil/zImage/zimg_fonts.cpp:114
recoil:function:0x46f210	0x46f210	zImage_Font::IsImageColumnTransparent	zImage_Font::IsImageColumnTransparent	retained	Inferred	Retain reconstructed descriptive spelling; exact original spelling is not established.	src/GameZRecoil/zImage/zimg_fonts.cpp:166
recoil:function:0x46f260	0x46f260	zImage_Font::MeasureString	zImage_Font::MeasureString	retained	Inferred	Retain reconstructed descriptive spelling; exact original spelling is not established.	src/GameZRecoil/zImage/zimg_fonts.cpp:201
recoil:function:0x46f300	0x46f300	zInput::Keyboard_InitDevice	zInput::KeyboardInitDevice	renamed	Inferred	Synchronize current defining source name; descriptive reconstruction, not recovered original spelling.	src/GameZRecoil/zInput/zin_kbd.cpp:150
recoil:function:0x46f420	0x46f420	zInput::Keyboard_ShutdownDevice	zInput::KeyboardShutdownDevice	renamed	Inferred	Synchronize current defining source name; descriptive reconstruction, not recovered original spelling.	src/GameZRecoil/zInput/zin_kbd.cpp:215
recoil:function:0x46f450	0x46f450	zInput::Keyboard_ResetTransitionState	zInput::KeyboardResetTransitionState	renamed	Inferred	Synchronize current defining source name; descriptive reconstruction, not recovered original spelling.	src/GameZRecoil/zInput/zin_kbd.cpp:241
recoil:function:0x46f690	0x46f690	zInput::Keyboard_PollState	zInput::KeyboardPollState	renamed	Inferred	Synchronize current defining source name; descriptive reconstruction, not recovered original spelling.	src/GameZRecoil/zInput/zin_kbd.cpp:334
recoil:function:0x46f970	0x46f970	zInput::Keyboard_SetRawEventCallback	zInput::KeyboardSetRawEventCallback	renamed	Inferred	Synchronize current defining source name; descriptive reconstruction, not recovered original spelling.	src/GameZRecoil/zInput/zin_kbd.cpp:377
recoil:function:0x46f980	0x46f980	zInput::Keyboard_GetKeyTransitionState	zInput::KeyboardGetKeyTransitionState	renamed	Inferred	Synchronize current defining source name; descriptive reconstruction, not recovered original spelling.	src/GameZRecoil/zInput/zin_kbd.cpp:392
recoil:function:0x46f9b0	0x46f9b0	zInput::Keyboard_RegisterKeyCallback	zInput::KeyboardRegisterKeyCallback	renamed	Inferred	Synchronize current defining source name; descriptive reconstruction, not recovered original spelling.	src/GameZRecoil/zInput/zin_kbd.cpp:412
recoil:function:0x46f9d0	0x46f9d0	zInput::Keyboard_UnregisterKeyCallback	zInput::KeyboardUnregisterKeyCallback	renamed	Inferred	Synchronize current defining source name; descriptive reconstruction, not recovered original spelling.	src/GameZRecoil/zInput/zin_kbd.cpp:430
recoil:function:0x46f9f0	0x46f9f0	zInput::Keyboard_ClearKeyCallbackTable	zInput::KeyboardClearKeyCallbackTable	renamed	Inferred	Synchronize current defining source name; descriptive reconstruction, not recovered original spelling.	src/GameZRecoil/zInput/zin_kbd.cpp:443
recoil:function:0x46fa10	0x46fa10	zInput::Keyboard_WaitForAnyKeyPress	zInput::KeyboardWaitForAnyKeyPress	renamed	Inferred	Synchronize current defining source name; descriptive reconstruction, not recovered original spelling.	src/GameZRecoil/zInput/zin_kbd.cpp:460
recoil:function:0x46fba0	0x46fba0	zInput::Keyboard_TranslateDikToAscii	zInput::KeyboardTranslateDikToAscii	renamed	Inferred	Synchronize current defining source name; descriptive reconstruction, not recovered original spelling.	src/GameZRecoil/zInput/zin_kbd.cpp:545
recoil:function:0x46fd20	0x46fd20	zInput::Keyboard_InitDikToAsciiTable	zInput::KeyboardInitDikToAsciiTable	renamed	Inferred	Synchronize current defining source name; descriptive reconstruction, not recovered original spelling.	src/GameZRecoil/zInput/zin_kbd.cpp:616
recoil:function:0x470020	0x470020	zInput::Mouse_ApplyClientCursorPosToOS	zInput::MouseApplyClientCursorPosToOS	renamed	Inferred	Synchronize current defining source name; descriptive reconstruction, not recovered original spelling.	src/GameZRecoil/zInput/zin_mouse.cpp:26
recoil:function:0x470060	0x470060	zInput::Mouse_UpdateClientRectAndCenter	zInput::MouseUpdateClientRectAndCenter	renamed	Inferred	Synchronize current defining source name; descriptive reconstruction, not recovered original spelling.	src/GameZRecoil/zInput/zin_mouse.cpp:41
recoil:function:0x4700a0	0x4700a0	zInput::Mouse_SetNormalizedCursorPos	zInput::MouseSetNormalizedCursorPos	renamed	Inferred	Synchronize current defining source name; descriptive reconstruction, not recovered original spelling.	src/GameZRecoil/zInput/zin_mouse.cpp:56
recoil:function:0x470150	0x470150	zInput::Mouse_RecenterCursor	zInput::MouseRecenterCursor	renamed	Inferred	Synchronize current defining source name; descriptive reconstruction, not recovered original spelling.	src/GameZRecoil/zInput/zin_mouse.cpp:89
recoil:function:0x470180	0x470180	zInput::Mouse_RecenterCursorX	zInput::MouseRecenterCursorX	renamed	Inferred	Synchronize current defining source name; descriptive reconstruction, not recovered original spelling.	src/GameZRecoil/zInput/zin_mouse.cpp:106
recoil:function:0x470190	0x470190	zInput::Mouse_IsInitialized	zInput::MouseIsInitialized	renamed	Inferred	Synchronize current defining source name; descriptive reconstruction, not recovered original spelling.	src/GameZRecoil/zInput/zin_mouse.cpp:117
recoil:function:0x4701a0	0x4701a0	zInput::Mouse_SetClientSizeAndCenter	zInput::MouseSetClientSizeAndCenter	renamed	Inferred	Synchronize current defining source name; descriptive reconstruction, not recovered original spelling.	src/GameZRecoil/zInput/zin_mouse.cpp:128
recoil:function:0x4701f0	0x4701f0	zInput::Mouse_InitDevice	zInput::MouseInitDevice	renamed	Inferred	Synchronize current defining source name; descriptive reconstruction, not recovered original spelling.	src/GameZRecoil/zInput/zin_mouse.cpp:152
recoil:function:0x4702e0	0x4702e0	zInput::Mouse_GetButtonTransitionState	zInput::MouseGetButtonTransitionState	renamed	Inferred	Synchronize current defining source name; descriptive reconstruction, not recovered original spelling.	src/GameZRecoil/zInput/zin_mouse.cpp:193
recoil:function:0x470310	0x470310	zInput::Mouse_UpdateAcquireState	zInput::MouseUpdateAcquireState	renamed	Inferred	Synchronize current defining source name; descriptive reconstruction, not recovered original spelling.	src/GameZRecoil/zInput/zin_mouse.cpp:223
recoil:function:0x470360	0x470360	zInput::Mouse_ShutdownDevice	zInput::MouseShutdownDevice	renamed	Inferred	Synchronize current defining source name; descriptive reconstruction, not recovered original spelling.	src/GameZRecoil/zInput/zin_mouse.cpp:254
recoil:function:0x4703a0	0x4703a0	zInput::Mouse_GetStateSnapshotPtr	zInput::MouseGetStateSnapshotPtr	renamed	Inferred	Synchronize current defining source name; descriptive reconstruction, not recovered original spelling.	src/GameZRecoil/zInput/zin_mouse.cpp:275
recoil:function:0x4703b0	0x4703b0	zInput::Mouse_PollAndStoreState	zInput::MousePollAndStoreState	renamed	Inferred	Synchronize current defining source name; descriptive reconstruction, not recovered original spelling.	src/GameZRecoil/zInput/zin_mouse.cpp:286
recoil:function:0x4703c0	0x4703c0	zInput::Mouse_PollState	zInput::MousePollState	renamed	Inferred	Synchronize current defining source name; descriptive reconstruction, not recovered original spelling.	src/GameZRecoil/zInput/zin_mouse.cpp:297
recoil:function:0x4704f0	0x4704f0	zInput::Mouse_ApplyAccumulatedDelta	zInput::MouseApplyAccumulatedDelta	renamed	Inferred	Synchronize current defining source name; descriptive reconstruction, not recovered original spelling.	src/GameZRecoil/zInput/zin_mouse.cpp:350
recoil:function:0x4705f0	0x4705f0	zInput::Mouse_GetStateSnapshot	zInput::MouseGetStateSnapshot	renamed	Inferred	Synchronize current defining source name; descriptive reconstruction, not recovered original spelling.	src/GameZRecoil/zInput/zin_mouse.cpp:399
recoil:function:0x470610	0x470610	zInput::Mouse_ResetTransitionState	zInput::MouseResetTransitionState	renamed	Inferred	Synchronize current defining source name; descriptive reconstruction, not recovered original spelling.	src/GameZRecoil/zInput/zin_mouse.cpp:421
recoil:function:0x470670	0x470670	zInput::Mouse_SetCooperativeLevelFlags	zInput::MouseSetCooperativeLevelFlags	renamed	Inferred	Synchronize current defining source name; descriptive reconstruction, not recovered original spelling.	src/GameZRecoil/zInput/zin_mouse.cpp:447
recoil:function:0x470680	0x470680	zInput::Mouse_WaitForButtonPress	zInput::MouseWaitForButtonPress	renamed	Inferred	Synchronize current defining source name; descriptive reconstruction, not recovered original spelling.	src/GameZRecoil/zInput/zin_mouse.cpp:464
recoil:function:0x4706c0	0x4706c0	zInput_BindMapContext::InitFromTemplate	zInput_BindMapContext::InitFromTemplate	retained	Inferred	Retain reconstructed descriptive spelling; exact original spelling is not established.	src/GameZRecoil/zInput/zInput.cpp:898
recoil:function:0x4707a0	0x4707a0	zInput_BindMapContext::FreeAllBuffers	zInput_BindMapContext::FreeAllBuffers	retained	Inferred	Retain reconstructed descriptive spelling; exact original spelling is not established.	src/GameZRecoil/zInput/zInput.cpp:937
recoil:function:0x470820	0x470820	zInput_BindMapContext::RebuildLookupIndices	zInput_BindMapContext::RebuildLookupIndices	retained	Inferred	Retain reconstructed descriptive spelling; exact original spelling is not established.	src/GameZRecoil/zInput/zInput.cpp:967
recoil:function:0x4708f0	0x4708f0	zInput_BindMapContext::InitCommandMap	zInput_BindMapContext::InitCommandMap	retained	Inferred	Retain reconstructed descriptive spelling; exact original spelling is not established.	src/GameZRecoil/zInput/zInput.cpp:1006
recoil:function:0x470960	0x470960	zInput_BindMapContext::FreeNonOwnedBuffers	zInput_BindMapContext::FreeNonOwnedBuffers	retained	Inferred	Retain reconstructed descriptive spelling; exact original spelling is not established.	src/GameZRecoil/zInput/zInput.cpp:1035
recoil:function:0x4709d0	0x4709d0	zInput_BindMapContext::ResetAllBindings	zInput_BindMapContext::ResetAllBindings	retained	Inferred	Retain reconstructed descriptive spelling; exact original spelling is not established.	src/GameZRecoil/zInput/zInput.cpp:1061
recoil:function:0x470a10	0x470a10	zInput::BindMap_PackBindingCode	zInput::BindMapPackBindingCode	renamed	Inferred	Synchronize current defining source name; descriptive reconstruction, not recovered original spelling.	src/GameZRecoil/zInput/zInput.cpp:1077
recoil:function:0x470a40	0x470a40	zInput_BindMapContext::GetPrimaryKeyboardKey	zInput_BindMapContext::GetPrimaryKeyboardKey	retained	Inferred	Retain reconstructed descriptive spelling; exact original spelling is not established.	src/GameZRecoil/zInput/zInput.cpp:1094
recoil:function:0x470a60	0x470a60	zInput_BindMapContext::GetSecondaryKeyboardKey	zInput_BindMapContext::GetSecondaryKeyboardKey	retained	Inferred	Retain reconstructed descriptive spelling; exact original spelling is not established.	src/GameZRecoil/zInput/zInput.cpp:1107
recoil:function:0x470a80	0x470a80	zInput_BindMapContext::GetJoystickButtonSlot	zInput_BindMapContext::GetJoystickButtonSlot	retained	Inferred	Retain reconstructed descriptive spelling; exact original spelling is not established.	src/GameZRecoil/zInput/zInput.cpp:1120
recoil:function:0x470aa0	0x470aa0	zInput_BindMapContext::GetMouseButtonSlot	zInput_BindMapContext::GetMouseButtonSlot	retained	Inferred	Retain reconstructed descriptive spelling; exact original spelling is not established.	src/GameZRecoil/zInput/zInput.cpp:1133
recoil:function:0x470ac0	0x470ac0	zInput_BindMapContext::GetCommandByPrimaryKey	zInput_BindMapContext::GetCommandByPrimaryKey	retained	Inferred	Retain reconstructed descriptive spelling; exact original spelling is not established.	src/GameZRecoil/zInput/zInput.cpp:1146
recoil:function:0x470ad0	0x470ad0	zInput_BindMapContext::GetCommandBySecondaryKey	zInput_BindMapContext::GetCommandBySecondaryKey	retained	Inferred	Retain reconstructed descriptive spelling; exact original spelling is not established.	src/GameZRecoil/zInput/zInput.cpp:1159
recoil:function:0x470ae0	0x470ae0	zInput_BindMapContext::GetCommandByAnyKeyboardKey	zInput_BindMapContext::GetCommandByAnyKeyboardKey	retained	Inferred	Retain reconstructed descriptive spelling; exact original spelling is not established.	src/GameZRecoil/zInput/zInput.cpp:1172
recoil:function:0x470b00	0x470b00	zInput_BindMapContext::GetCommandByJoystickSlot	zInput_BindMapContext::GetCommandByJoystickSlot	retained	Inferred	Retain reconstructed descriptive spelling; exact original spelling is not established.	src/GameZRecoil/zInput/zInput.cpp:1190
recoil:function:0x470b10	0x470b10	zInput_BindMapContext::GetCommandByMouseSlot	zInput_BindMapContext::GetCommandByMouseSlot	retained	Inferred	Retain reconstructed descriptive spelling; exact original spelling is not established.	src/GameZRecoil/zInput/zInput.cpp:1203
recoil:function:0x470b20	0x470b20	zInput_BindMapContext::SetPrimaryKeyBinding	zInput_BindMapContext::SetPrimaryKeyBinding	retained	Inferred	Retain reconstructed descriptive spelling; exact original spelling is not established.	src/GameZRecoil/zInput/zInput.cpp:1216
recoil:function:0x470b80	0x470b80	zInput_BindMapContext::SetSecondaryKeyBinding	zInput_BindMapContext::SetSecondaryKeyBinding	retained	Inferred	Retain reconstructed descriptive spelling; exact original spelling is not established.	src/GameZRecoil/zInput/zInput.cpp:1240
recoil:function:0x470bf0	0x470bf0	zInput_BindMapContext::SetJoystickBinding	zInput_BindMapContext::SetJoystickBinding	retained	Inferred	Retain reconstructed descriptive spelling; exact original spelling is not established.	src/GameZRecoil/zInput/zInput.cpp:1264
recoil:function:0x470c60	0x470c60	zInput_BindMapContext::SetMouseBinding	zInput_BindMapContext::SetMouseBinding	retained	Inferred	Retain reconstructed descriptive spelling; exact original spelling is not established.	src/GameZRecoil/zInput/zInput.cpp:1288
recoil:function:0x470cd0	0x470cd0	zInput_BindMapContext::SetBindingRecord	zInput_BindMapContext::SetBindingRecord	retained	Inferred	Retain reconstructed descriptive spelling; exact original spelling is not established.	src/GameZRecoil/zInput/zInput.cpp:1312
recoil:function:0x470d40	0x470d40	zInput_BindMapContext::DispatchMouseButtonCallbacks	zInput_BindMapContext::DispatchMouseButtonCallbacks	retained	Inferred	Retain reconstructed descriptive spelling; exact original spelling is not established.	src/GameZRecoil/zInput/zInput.cpp:1337
recoil:function:0x470db0	0x470db0	zInput_BindMapContext::DispatchJoystickButtonCallbacks	zInput_BindMapContext::DispatchJoystickButtonCallbacks	retained	Inferred	Retain reconstructed descriptive spelling; exact original spelling is not established.	src/GameZRecoil/zInput/zInput.cpp:1369
recoil:function:0x470df0	0x470df0	zInput_BindMapContext::SetCommandCallback	zInput_BindMapContext::SetCommandCallback	retained	Inferred	Retain reconstructed descriptive spelling; exact original spelling is not established.	src/GameZRecoil/zInput/zInput.cpp:1388
recoil:function:0x470e80	0x470e80	zInput_BindMapContext::DispatchFromKeyboardEvent	zInputBindMapContextDispatchFromKeyboardEvent	renamed	Inferred	Synchronize current defining source name; descriptive reconstruction, not recovered original spelling.	src/GameZRecoil/zInput/zInput.cpp:1422
recoil:function:0x470eb0	0x470eb0	zInput_BindMapContext::ReadCommandInputState	zInput_BindMapContext::ReadCommandInputState	retained	Inferred	Retain reconstructed descriptive spelling; exact original spelling is not established.	src/GameZRecoil/zInput/zInput.cpp:1437
recoil:function:0x470f50	0x470f50	zInput_BindMapContext::CopyCommandLabel	zInput_BindMapContext::CopyCommandLabel	retained	Inferred	Retain reconstructed descriptive spelling; exact original spelling is not established.	src/GameZRecoil/zInput/zInput.cpp:1478
recoil:function:0x470f80	0x470f80	zInput::BindMap_FormatKeyComboName	zInput::BindMapFormatKeyComboName	renamed	Inferred	Synchronize current defining source name; descriptive reconstruction, not recovered original spelling.	src/GameZRecoil/zInput/zInput.cpp:1502
recoil:function:0x471040	0x471040	zInput::BindMap_CopyJoystickButtonName	zInput::BindMapCopyJoystickButtonName	renamed	Inferred	Synchronize current defining source name; descriptive reconstruction, not recovered original spelling.	src/GameZRecoil/zInput/zInput.cpp:1538
recoil:function:0x471070	0x471070	zInput::BindMap_CopyMouseButtonName	zInput::BindMapCopyMouseButtonName	renamed	Inferred	Synchronize current defining source name; descriptive reconstruction, not recovered original spelling.	src/GameZRecoil/zInput/zInput.cpp:1559
recoil:function:0x4710a0	0x4710a0	zInput::BindMapSystem_Init	zInput::BindMapSystemInit	renamed	Inferred	Synchronize current defining source name; descriptive reconstruction, not recovered original spelling.	src/GameZRecoil/zInput/zInput.cpp:1581
recoil:function:0x471120	0x471120	zInput::BindMap_InitDikKeyNameTable	zInput::BindMapInitDikKeyNameTable	renamed	Inferred	Synchronize current defining source name; descriptive reconstruction, not recovered original spelling.	src/GameZRecoil/zInput/zInput.cpp:1603
recoil:function:0x4715e0	0x4715e0	zInput::BindMap_InitJoystickButtonNameTable	zInput::BindMapInitJoystickButtonNameTable	renamed	Inferred	Synchronize current defining source name; descriptive reconstruction, not recovered original spelling.	src/GameZRecoil/zInput/zInput.cpp:1733
recoil:function:0x471640	0x471640	zInput::BindMap_InitMouseButtonNameTable	zInput::BindMapInitMouseButtonNameTable	renamed	Inferred	Synchronize current defining source name; descriptive reconstruction, not recovered original spelling.	src/GameZRecoil/zInput/zInput.cpp:1751
recoil:function:0x471660	0x471660	zInput::BindMapSystem_Shutdown	zInput::BindMapSystemShutdown	renamed	Inferred	Synchronize current defining source name; descriptive reconstruction, not recovered original spelling.	src/GameZRecoil/zInput/zInput.cpp:1766
recoil:function:0x4716b0	0x4716b0	zInput::BindMap_Current_RebuildLookupIndices	zInput::BindMapCurrentRebuildLookupIndices	renamed	Inferred	Synchronize current defining source name; descriptive reconstruction, not recovered original spelling.	src/GameZRecoil/zInput/zInput.cpp:1790
recoil:function:0x4716c0	0x4716c0	zInput::BindMapCurrent_ResetAllBindings	zInput::BindMapCurrentResetAllBindings	renamed	Inferred	Synchronize current defining source name; descriptive reconstruction, not recovered original spelling.	src/GameZRecoil/zInput/zInput.cpp:1799
recoil:function:0x4716d0	0x4716d0	zInput::BindMapCurrent_GetPrimaryKeyboardKey	zInput::BindMapCurrentGetPrimaryKeyboardKey	renamed	Inferred	Synchronize current defining source name; descriptive reconstruction, not recovered original spelling.	src/GameZRecoil/zInput/zInput.cpp:1810
recoil:function:0x4716e0	0x4716e0	zInput::BindMapCurrent_GetSecondaryKeyboardKey	zInput::BindMapCurrentGetSecondaryKeyboardKey	renamed	Inferred	Synchronize current defining source name; descriptive reconstruction, not recovered original spelling.	src/GameZRecoil/zInput/zInput.cpp:1823
recoil:function:0x4716f0	0x4716f0	zInput::BindMapCurrent_GetJoystickButtonSlot	zInput::BindMapCurrentGetJoystickButtonSlot	renamed	Inferred	Synchronize current defining source name; descriptive reconstruction, not recovered original spelling.	src/GameZRecoil/zInput/zInput.cpp:1836
recoil:function:0x471700	0x471700	zInput::BindMapCurrent_GetMouseButtonSlot	zInput::BindMapCurrentGetMouseButtonSlot	renamed	Inferred	Synchronize current defining source name; descriptive reconstruction, not recovered original spelling.	src/GameZRecoil/zInput/zInput.cpp:1849
recoil:function:0x471710	0x471710	zInput::BindMapCurrent_GetCommandByPrimaryKey	zInput::BindMapCurrentGetCommandByPrimaryKey	renamed	Inferred	Synchronize current defining source name; descriptive reconstruction, not recovered original spelling.	src/GameZRecoil/zInput/zInput.cpp:1862
recoil:function:0x471720	0x471720	zInput::BindMapCurrent_GetCommandBySecondaryKey	zInput::BindMapCurrentGetCommandBySecondaryKey	renamed	Inferred	Synchronize current defining source name; descriptive reconstruction, not recovered original spelling.	src/GameZRecoil/zInput/zInput.cpp:1875
recoil:function:0x471730	0x471730	zInput::BindMapCurrent_GetCommandByJoystickSlot	zInput::BindMapCurrentGetCommandByJoystickSlot	renamed	Inferred	Synchronize current defining source name; descriptive reconstruction, not recovered original spelling.	src/GameZRecoil/zInput/zInput.cpp:1888
recoil:function:0x471740	0x471740	zInput::BindMapCurrent_GetCommandByMouseSlot	zInput::BindMapCurrentGetCommandByMouseSlot	renamed	Inferred	Synchronize current defining source name; descriptive reconstruction, not recovered original spelling.	src/GameZRecoil/zInput/zInput.cpp:1901
recoil:function:0x471750	0x471750	zInput::BindMapCurrent_SetPrimaryKeyBinding	zInput::BindMapCurrentSetPrimaryKeyBinding	renamed	Inferred	Synchronize current defining source name; descriptive reconstruction, not recovered original spelling.	src/GameZRecoil/zInput/zInput.cpp:1914
recoil:function:0x471760	0x471760	zInput::BindMapCurrent_SetSecondaryKeyBinding	zInput::BindMapCurrentSetSecondaryKeyBinding	renamed	Inferred	Synchronize current defining source name; descriptive reconstruction, not recovered original spelling.	src/GameZRecoil/zInput/zInput.cpp:1928
recoil:function:0x471770	0x471770	zInput::BindMapCurrent_SetJoystickBinding	zInput::BindMapCurrentSetJoystickBinding	renamed	Inferred	Synchronize current defining source name; descriptive reconstruction, not recovered original spelling.	src/GameZRecoil/zInput/zInput.cpp:1942
recoil:function:0x471780	0x471780	zInput::BindMapCurrent_SetMouseBinding	zInput::BindMapCurrentSetMouseBinding	renamed	Inferred	Synchronize current defining source name; descriptive reconstruction, not recovered original spelling.	src/GameZRecoil/zInput/zInput.cpp:1956
recoil:function:0x471790	0x471790	zInput::BindMap_Current_SetBindingRecord	zInput::BindMapCurrentSetBindingRecord	renamed	Inferred	Synchronize current defining source name; descriptive reconstruction, not recovered original spelling.	src/GameZRecoil/zInput/zInput.cpp:1968
recoil:function:0x4717c0	0x4717c0	zInput::BindMapCurrent_SetCommandCallback	zInput::BindMapCurrentSetCommandCallback	renamed	Inferred	Synchronize current defining source name; descriptive reconstruction, not recovered original spelling.	src/GameZRecoil/zInput/zInput.cpp:1989
recoil:function:0x4717d0	0x4717d0	zInput::BindMapCurrent_ReadCommandInputState	zInput::BindMapCurrentReadCommandInputState	renamed	Inferred	Synchronize current defining source name; descriptive reconstruction, not recovered original spelling.	src/GameZRecoil/zInput/zInput.cpp:2004
recoil:function:0x4717e0	0x4717e0	zInput::BindMapCurrent_CopyCommandLabel	zInput::BindMapCurrentCopyCommandLabel	renamed	Inferred	Synchronize current defining source name; descriptive reconstruction, not recovered original spelling.	src/GameZRecoil/zInput/zInput.cpp:2018
recoil:function:0x471800	0x471800	zInput::BindMapCurrent_FormatKeyComboName	zInput::BindMapCurrentFormatKeyComboName	renamed	Inferred	Synchronize current defining source name; descriptive reconstruction, not recovered original spelling.	src/GameZRecoil/zInput/zInput.cpp:2033
recoil:function:0x471820	0x471820	zInput::BindMapCurrent_CopyJoystickButtonName	zInput::BindMapCurrentCopyJoystickButtonName	renamed	Inferred	Synchronize current defining source name; descriptive reconstruction, not recovered original spelling.	src/GameZRecoil/zInput/zInput.cpp:2048
recoil:function:0x471840	0x471840	zInput::BindMapCurrent_CopyMouseButtonName	zInput::BindMapCurrentCopyMouseButtonName	renamed	Inferred	Synchronize current defining source name; descriptive reconstruction, not recovered original spelling.	src/GameZRecoil/zInput/zInput.cpp:2063
recoil:function:0x471860	0x471860	zInput::PushBindMapContextOverlay	zInput::BindMapContextPush	renamed	Inferred	Synchronize current defining source name; descriptive reconstruction, not recovered original spelling.	src/GameZRecoil/zInput/zInput.cpp:2076
recoil:function:0x471950	0x471950	zInput::PopBindMapContextOverlay	zInput::BindMapContextPop	renamed	Inferred	Synchronize current defining source name; descriptive reconstruction, not recovered original spelling.	src/GameZRecoil/zInput/zInput.cpp:2125
recoil:function:0x4719e0	0x4719e0	zInput::GlobalStateStaticInitAndRegisterAtExit	zInput::GlobalStateStaticInitAndRegisterAtExit	retained	Inferred	Retain reconstructed descriptive spelling; exact original spelling is not established.	src/GameZRecoil/zInput/zin_init.cpp:51
recoil:function:0x4719f0	0x4719f0	zInput::GlobalStateStaticInit	zInput::GlobalStateStaticInit	retained	Inferred	Retain reconstructed descriptive spelling; exact original spelling is not established.	src/GameZRecoil/zInput/zin_init.cpp:73
recoil:function:0x471a00	0x471a00	zInput::GlobalStateRegisterAtExit	zInput::GlobalStateRegisterAtExit	retained	Inferred	Retain reconstructed descriptive spelling; exact original spelling is not established.	src/GameZRecoil/zInput/zin_init.cpp:85
recoil:function:0x471a10	0x471a10	zInput::GlobalStateAtExitDestructor	zInput::GlobalStateAtExitDestructor	retained	Inferred	Retain reconstructed descriptive spelling; exact original spelling is not established.	src/GameZRecoil/zInput/zin_init.cpp:97
recoil:function:0x471a20	0x471a20	zInput_GlobalState::Destructor	zInput::GlobalStateDestructor	renamed	Inferred	Synchronize current defining source name; descriptive reconstruction, not recovered original spelling.	src/GameZRecoil/zInput/zin_init.cpp:110
recoil:function:0x471ab0	0x471ab0	zInput_GlobalState::Constructor	zInput::GlobalStateConstructor	renamed	Inferred	Synchronize current defining source name; descriptive reconstruction, not recovered original spelling.	src/GameZRecoil/zInput/zin_init.cpp:134
recoil:function:0x471ae0	0x471ae0	zInput::OnAppDeactivate	zInput::OnAppDeactivate	retained	Inferred	Retain reconstructed descriptive spelling; exact original spelling is not established.	src/GameZRecoil/zInput/zin_init.cpp:158
recoil:function:0x471b20	0x471b20	zInput::OnAppActivate	zInput::OnAppActivate	retained	Inferred	Retain reconstructed descriptive spelling; exact original spelling is not established.	src/GameZRecoil/zInput/zin_init.cpp:185
recoil:function:0x471b50	0x471b50	zInput::Init	zInput::Init	retained	Inferred	Retain reconstructed descriptive spelling; exact original spelling is not established.	src/GameZRecoil/zInput/zin_init.cpp:204
recoil:function:0x471c10	0x471c10	zInput::Shutdown	zInput::Shutdown	retained	Inferred	Retain reconstructed descriptive spelling; exact original spelling is not established.	src/GameZRecoil/zInput/zin_init.cpp:247
recoil:function:0x471c50	0x471c50	zInput::ResetAllTransitionState	zInput::ResetAllTransitionState	retained	Inferred	Retain reconstructed descriptive spelling; exact original spelling is not established.	src/GameZRecoil/zInput/zin_init.cpp:275
recoil:function:0x471c60	0x471c60	zInput::Mouse_IsUnsuspended	zInput::MouseIsUnsuspended	renamed	Inferred	Synchronize current defining source name; descriptive reconstruction, not recovered original spelling.	src/GameZRecoil/zInput/zin_init.cpp:288
recoil:function:0x471c70	0x471c70	zInput::Joystick_IsUnsuspended	zInput::JoystickIsUnsuspended	renamed	Inferred	Synchronize current defining source name; descriptive reconstruction, not recovered original spelling.	src/GameZRecoil/zInput/zin_init.cpp:299
recoil:function:0x471c80	0x471c80	zInputKeyboard::IsUnsuspended	zInputKeyboardIsUnsuspended	renamed	Inferred	Synchronize current defining source name; descriptive reconstruction, not recovered original spelling.	src/GameZRecoil/zInput/zin_init.cpp:313
recoil:function:0x471c90	0x471c90	zInput::Mouse_ResumeFromSuspend	zInput::MouseResumeFromSuspend	renamed	Inferred	Synchronize current defining source name; descriptive reconstruction, not recovered original spelling.	src/GameZRecoil/zInput/zin_init.cpp:371
recoil:function:0x471cb0	0x471cb0	zInput::Joystick_ResumeFromSuspend	zInput::JoystickResumeFromSuspend	renamed	Inferred	Synchronize current defining source name; descriptive reconstruction, not recovered original spelling.	src/GameZRecoil/zInput/zin_init.cpp:389
recoil:function:0x471cd0	0x471cd0	zInput::Keyboard_ResumeFromSuspend	zInput::KeyboardResumeFromSuspend	renamed	Inferred	Synchronize current defining source name; descriptive reconstruction, not recovered original spelling.	src/GameZRecoil/zInput/zin_init.cpp:407
recoil:function:0x471cf0	0x471cf0	zInput::Mouse_Suspend	zInput::MouseSuspend	renamed	Inferred	Synchronize current defining source name; descriptive reconstruction, not recovered original spelling.	src/GameZRecoil/zInput/zin_init.cpp:421
recoil:function:0x471d00	0x471d00	zInput::Joystick_Suspend	zInput::JoystickSuspend	renamed	Inferred	Synchronize current defining source name; descriptive reconstruction, not recovered original spelling.	src/GameZRecoil/zInput/zin_init.cpp:431
recoil:function:0x471d10	0x471d10	zInput::Keyboard_Suspend	zInput::KeyboardSuspend	renamed	Inferred	Synchronize current defining source name; descriptive reconstruction, not recovered original spelling.	src/GameZRecoil/zInput/zin_init.cpp:441
recoil:function:0x471d20	0x471d20	zInput::Keyboard_AddRef	zInput::KeyboardAddRef	renamed	Inferred	Synchronize current defining source name; descriptive reconstruction, not recovered original spelling.	src/GameZRecoil/zInput/zin_init.cpp:452
recoil:function:0x471d50	0x471d50	zInput::DI_AddJoystickRef	zInput::DIAddJoystickRef	renamed	Inferred	Synchronize current defining source name; descriptive reconstruction, not recovered original spelling.	src/GameZRecoil/zInput/zin_init.cpp:470
recoil:function:0x471d80	0x471d80	zInput::DI_ReleaseJoystickRef	zInput::DIReleaseJoystickRef	renamed	Inferred	Synchronize current defining source name; descriptive reconstruction, not recovered original spelling.	src/GameZRecoil/zInput/zin_init.cpp:487
recoil:function:0x471da0	0x471da0	zInput::Mouse_AddRef	zInput::MouseAddRef	renamed	Inferred	Synchronize current defining source name; descriptive reconstruction, not recovered original spelling.	src/GameZRecoil/zInput/zin_init.cpp:504
recoil:function:0x471dd0	0x471dd0	zInput::DI_GetJoystickRefCount	zInput::DIGetJoystickRefCount	renamed	Inferred	Synchronize current defining source name; descriptive reconstruction, not recovered original spelling.	src/GameZRecoil/zInput/zin_init.cpp:521
recoil:function:0x471de0	0x471de0	zInput::PollActiveDevices	zInput::PollActiveDevices	retained	Inferred	Retain reconstructed descriptive spelling; exact original spelling is not established.	src/GameZRecoil/zInput/zin_init.cpp:530
recoil:function:0x471e40	0x471e40	zInput::DI_InitJoystickDevice	zInput::DIInitJoystickDevice	renamed	Inferred	Synchronize current defining source name; descriptive reconstruction, not recovered original spelling.	src/GameZRecoil/zInput/zin_joystick.cpp:141
recoil:function:0x471f60	0x471f60	zInput::DI_EnumDevicesCallback_SelectFirstJoystick	zInput::DIEnumDevicesCallbackSelectFirstJoystick	renamed	Inferred	Synchronize current defining source name; descriptive reconstruction, not recovered original spelling.	src/GameZRecoil/zInput/zin_joystick.cpp:196
recoil:function:0x471fb0	0x471fb0	zInput::DI_AcquireJoystickDevice	zInput::DIAcquireJoystickDevice	renamed	Inferred	Synchronize current defining source name; descriptive reconstruction, not recovered original spelling.	src/GameZRecoil/zInput/zin_joystick.cpp:216
recoil:function:0x471fd0	0x471fd0	zInput::DI_ApplyAxisConfig	zInput::DIApplyAxisConfig	renamed	Inferred	Synchronize current defining source name; descriptive reconstruction, not recovered original spelling.	src/GameZRecoil/zInput/zin_joystick.cpp:236
recoil:function:0x4721a0	0x4721a0	zInput::DI_SetAxisDeadzone	zInput::DISetAxisDeadzone	renamed	Inferred	Synchronize current defining source name; descriptive reconstruction, not recovered original spelling.	src/GameZRecoil/zInput/zin_joystick.cpp:289
recoil:function:0x4721e0	0x4721e0	zInput::DI_SetAxisRange	zInput::DISetAxisRange	renamed	Inferred	Synchronize current defining source name; descriptive reconstruction, not recovered original spelling.	src/GameZRecoil/zInput/zin_joystick.cpp:315
recoil:function:0x472230	0x472230	zInput::DI_GetAxisRange	zInput::DIGetAxisRange	renamed	Inferred	Synchronize current defining source name; descriptive reconstruction, not recovered original spelling.	src/GameZRecoil/zInput/zin_joystick.cpp:344
recoil:function:0x472280	0x472280	zInput::Joystick_ShutdownDevice	zInput::JoystickShutdownDevice	renamed	Inferred	Synchronize current defining source name; descriptive reconstruction, not recovered original spelling.	src/GameZRecoil/zInput/zin_joystick.cpp:380
recoil:function:0x4722b0	0x4722b0	zInput::DI_IsJoystickDeviceReady	zInput::DIIsJoystickDeviceReady	renamed	Inferred	Synchronize current defining source name; descriptive reconstruction, not recovered original spelling.	src/GameZRecoil/zInput/zin_joystick.cpp:398
recoil:function:0x4722c0	0x4722c0	zInput::DI_PollJoystickState	zInput::DIPollJoystickState	renamed	Inferred	Synchronize current defining source name; descriptive reconstruction, not recovered original spelling.	src/GameZRecoil/zInput/zin_joystick.cpp:409
recoil:function:0x472390	0x472390	zInput::DI_GetCurrentState	zInput::DIGetCurrentState	renamed	Inferred	Synchronize current defining source name; descriptive reconstruction, not recovered original spelling.	src/GameZRecoil/zInput/zin_joystick.cpp:456
recoil:function:0x4723a0	0x4723a0	zInput::DI_GetButtonTransitionState	zInput::DIGetButtonTransitionState	renamed	Inferred	Synchronize current defining source name; descriptive reconstruction, not recovered original spelling.	src/GameZRecoil/zInput/zin_joystick.cpp:466
recoil:function:0x4723d0	0x4723d0	zInput::DI_WaitForButtonPress	zInput::DIWaitForButtonPress	renamed	Inferred	Synchronize current defining source name; descriptive reconstruction, not recovered original spelling.	src/GameZRecoil/zInput/zin_joystick.cpp:482
recoil:function:0x472410	0x472410	zInput::DI_ResetTransitionState	zInput::DIResetTransitionState	renamed	Inferred	Synchronize current defining source name; descriptive reconstruction, not recovered original spelling.	src/GameZRecoil/zInput/zin_joystick.cpp:514
recoil:function:0x472450	0x472450	zInputDI::CreateForceFeedbackEffect	zInputDICreateForceFeedbackEffect	renamed	Inferred	Synchronize current defining source name; descriptive reconstruction, not recovered original spelling.	src/GameZRecoil/zInput/zin_joystick.cpp:540
recoil:function:0x472480	0x472480	zInputDI::HasForceFeedback	zInputDIHasForceFeedback	renamed	Inferred	Synchronize current defining source name; descriptive reconstruction, not recovered original spelling.	src/GameZRecoil/zInput/zin_joystick.cpp:559
recoil:function:0x472490	0x472490	zInput::DI_ReportError	zInput::DIReportError	renamed	Inferred	Synchronize current defining source name; descriptive reconstruction, not recovered original spelling.	src/GameZRecoil/zInput/zin_joystick.cpp:572
recoil:function:0x472670	0x472670	zMath::Vec3DeltaLengthSq	zMath::Vec3DeltaLengthSq	retained	Inferred	Retain reconstructed descriptive spelling; exact original spelling is not established.	src/GameZRecoil/zMath/zmth_main.c:447
recoil:function:0x4726d0	0x4726d0	zMath::Vec3DeltaLength	zMath::Vec3DeltaLength	retained	Inferred	Retain reconstructed descriptive spelling; exact original spelling is not established.	src/GameZRecoil/zMath/zmth_main.c:465
recoil:function:0x472730	0x472730	zMath::Vec3DistSqXZ	zMath::Vec3DistSqXZ	retained	Inferred	Retain reconstructed descriptive spelling; exact original spelling is not established.	src/GameZRecoil/zMath/zmth_main.c:484
recoil:function:0x472770	0x472770	zMath::Vec3ScaleAdd	zMath::Vec3ScaleAdd	retained	Inferred	Retain reconstructed descriptive spelling; exact original spelling is not established.	src/GameZRecoil/zMath/zmth_main.c:502
recoil:function:0x4727a0	0x4727a0	zMath::Vec3DivScalar	zMathVec3DivScalar	renamed	Inferred	Synchronize current defining source name; descriptive reconstruction, not recovered original spelling.	src/GameZRecoil/zMath/zmth_main.c:521
recoil:function:0x4727f0	0x4727f0	zMath::Vec3NormalizeXZ	zMath::Vec3NormalizeXZ	retained	Inferred	Retain reconstructed descriptive spelling; exact original spelling is not established.	src/GameZRecoil/zMath/zmth_main.c:545
recoil:function:0x472860	0x472860	zMath::Vec3Reflect	zMath::Vec3Reflect	retained	Inferred	Retain reconstructed descriptive spelling; exact original spelling is not established.	src/GameZRecoil/zMath/zmth_main.c:570
recoil:function:0x472960	0x472960	zMath::Vec3Lerp	zMath::Vec3Lerp	retained	Inferred	Retain reconstructed descriptive spelling; exact original spelling is not established.	src/GameZRecoil/zMath/zmth_main.c:605
recoil:function:0x4729b0	0x4729b0	zMath::Vec3DirectionTo	zMath::Vec3DirectionTo	retained	Inferred	Retain reconstructed descriptive spelling; exact original spelling is not established.	src/GameZRecoil/zMath/zmth_main.c:623
recoil:function:0x4729f0	0x4729f0	zMath::Vec3LerpNormalize	zMath::Vec3LerpNormalize	retained	Inferred	Retain reconstructed descriptive spelling; exact original spelling is not established.	src/GameZRecoil/zMath/zmth_main.c:644
recoil:function:0x472a10	0x472a10	zMath::Vec3Slerp	zMath::Vec3Slerp	retained	Inferred	Retain reconstructed descriptive spelling; exact original spelling is not established.	src/GameZRecoil/zMath/zmth_main.c:658
recoil:function:0x472cc0	0x472cc0	zMath::Vec3Perp2D	zMath::Vec3Perp2D	retained	Inferred	Retain reconstructed descriptive spelling; exact original spelling is not established.	src/GameZRecoil/zMath/zmth_main.c:726
recoil:function:0x472d30	0x472d30	zMath::CrtMatherrHandler	zMath::CrtMatherrHandler	retained	Inferred	Retain reconstructed descriptive spelling; exact original spelling is not established.	src/GameZRecoil/zMath/zmth_main.c:755
recoil:function:0x472ed0	0x472ed0	zMath::ProjectGetLastScreenScaleXY	zMathProjectGetLastScreenScaleXY	renamed	Inferred	Synchronize current defining source name; descriptive reconstruction, not recovered original spelling.	src/GameZRecoil/zMath/zmth_main.c:801
recoil:function:0x472ef0	0x472ef0	zMath::MatStackPushAndCloneParent	zMath::MatStackPushAndCloneParent	retained	Inferred	Retain reconstructed descriptive spelling; exact original spelling is not established.	src/GameZRecoil/zMath/zmth_main.c:817
recoil:function:0x472f30	0x472f30	zMath::MatStackPushPtr	zMath::MatStackPushPtr	retained	Inferred	Retain reconstructed descriptive spelling; exact original spelling is not established.	src/GameZRecoil/zMath/zmth_main.c:835
recoil:function:0x472f60	0x472f60	zMath::MatStackPopPtr	zMath::MatStackPopPtr	retained	Inferred	Retain reconstructed descriptive spelling; exact original spelling is not established.	src/GameZRecoil/zMath/zmth_main.c:851
recoil:function:0x472f90	0x472f90	zMath::MatLoadCameraScratchB	zMath::MatLoadCameraScratchB	retained	Inferred	Retain reconstructed descriptive spelling; exact original spelling is not established.	src/GameZRecoil/zMath/zmth_main.c:863
recoil:function:0x472fa0	0x472fa0	zMath::MatLoadCameraScratchA	zMath::MatLoadCameraScratchA	retained	Inferred	Retain reconstructed descriptive spelling; exact original spelling is not established.	src/GameZRecoil/zMath/zmth_main.c:874
recoil:function:0x472fb0	0x472fb0	zMath::MatLoadProjection	zMathMatLoadProjection	renamed	Inferred	Synchronize current defining source name; descriptive reconstruction, not recovered original spelling.	src/GameZRecoil/zMath/zmth_main.c:885
recoil:function:0x473060	0x473060	zMath::MatLoadView	zMathMatLoadView	renamed	Inferred	Synchronize current defining source name; descriptive reconstruction, not recovered original spelling.	src/GameZRecoil/zMath/zmth_main.c:916
recoil:function:0x4731f0	0x4731f0	zMath::MatSetupCamera	zMathMatSetupCamera	renamed	Inferred	Synchronize current defining source name; descriptive reconstruction, not recovered original spelling.	src/GameZRecoil/zMath/zmth_main.c:972
recoil:function:0x473210	0x473210	zMath::MatCopyCurrentTo	zMath::MatCopyCurrentTo	retained	Inferred	Retain reconstructed descriptive spelling; exact original spelling is not established.	src/GameZRecoil/zMath/zmth_main.c:986
recoil:function:0x473230	0x473230	zMath::MatGetCurrent	zMathMatGetCurrent	renamed	Inferred	Synchronize current defining source name; descriptive reconstruction, not recovered original spelling.	src/GameZRecoil/zMath/zmth_main.c:1001
recoil:function:0x473240	0x473240	zMath::MatIsCurrentIdentity	zMathMatIsCurrentIdentity	renamed	Inferred	Synchronize current defining source name; descriptive reconstruction, not recovered original spelling.	src/GameZRecoil/zMath/zmth_main.c:1012
recoil:function:0x473250	0x473250	zMath::MatLoadCurrentFrom	zMath::MatLoadCurrentFrom	retained	Inferred	Retain reconstructed descriptive spelling; exact original spelling is not established.	src/GameZRecoil/zMath/zmth_main.c:1025
recoil:function:0x473280	0x473280	zMath::MatLoadRotationFrom3x3	zMath::MatLoadRotationFrom3x3	retained	Inferred	Retain reconstructed descriptive spelling; exact original spelling is not established.	src/GameZRecoil/zMath/zmth_main.c:1040
recoil:function:0x4732f0	0x4732f0	zMath::MatLoadIdentity	zMath::MatLoadIdentity	retained	Inferred	Retain reconstructed descriptive spelling; exact original spelling is not established.	src/GameZRecoil/zMath/zmth_main.c:1066
recoil:function:0x473370	0x473370	zMath::MatMultiply	zMath::MatMultiply	retained	Inferred	Retain reconstructed descriptive spelling; exact original spelling is not established.	src/GameZRecoil/zMath/zmth_main.c:1089
recoil:function:0x473690	0x473690	zMath::MatScale	zMath::MatScale	retained	Inferred	Retain reconstructed descriptive spelling; exact original spelling is not established.	src/GameZRecoil/zMath/zmth_main.c:1132
recoil:function:0x4737e0	0x4737e0	zMath::MatTranslate	zMath::MatTranslate	retained	Inferred	Retain reconstructed descriptive spelling; exact original spelling is not established.	src/GameZRecoil/zMath/zmth_main.c:1178
recoil:function:0x473970	0x473970	zMath::MatRotateX	zMath::MatRotateX	retained	Inferred	Retain reconstructed descriptive spelling; exact original spelling is not established.	src/GameZRecoil/zMath/zmth_main.c:1204
recoil:function:0x473b10	0x473b10	zMath::MatRotateY	zMath::MatRotateY	retained	Inferred	Retain reconstructed descriptive spelling; exact original spelling is not established.	src/GameZRecoil/zMath/zmth_main.c:1242
recoil:function:0x473cc0	0x473cc0	zMath::MatRotateZ	zMath::MatRotateZ	retained	Inferred	Retain reconstructed descriptive spelling; exact original spelling is not established.	src/GameZRecoil/zMath/zmth_main.c:1291
recoil:function:0x473e60	0x473e60	zMath::CameraStageInverseRotation	zMathCameraStageInverseRotation	renamed	Inferred	Synchronize current defining source name; descriptive reconstruction, not recovered original spelling.	src/GameZRecoil/zMath/zmth_main.c:1329
recoil:function:0x473fc0	0x473fc0	zMath::Vec3ArrayProjectToCachedY	zMath::Vec3ArrayProjectToCachedY	retained	Inferred	Retain reconstructed descriptive spelling; exact original spelling is not established.	src/GameZRecoil/zMath/zmth_main.c:1379
recoil:function:0x474010	0x474010	zMath::MatApplyLocalTRS	zMath::MatApplyLocalTRS	retained	Inferred	Retain reconstructed descriptive spelling; exact original spelling is not established.	src/GameZRecoil/zMath/zmth_main.c:1397
recoil:function:0x474260	0x474260	zMath::MatBuildEulerRotation3x3	zMath::MatBuildEulerRotation3x3	retained	Inferred	Retain reconstructed descriptive spelling; exact original spelling is not established.	src/GameZRecoil/zMath/zmth_main.c:1460
recoil:function:0x4743e0	0x4743e0	zMath::SetScreenSize	zMathSetScreenSize	renamed	Inferred	Synchronize current defining source name; descriptive reconstruction, not recovered original spelling.	src/GameZRecoil/zMath/zmth_main.c:1499
recoil:function:0x474400	0x474400	zMath::SetupProjection	zMathSetupProjection	renamed	Inferred	Synchronize current defining source name; descriptive reconstruction, not recovered original spelling.	src/GameZRecoil/zMath/zmth_main.c:1512
recoil:function:0x4744f0	0x4744f0	zMath::Vec3ArrayAddScaled	zMathVec3ArrayAddScaled	renamed	Inferred	Synchronize current defining source name; descriptive reconstruction, not recovered original spelling.	src/GameZRecoil/zMath/zmth_main.c:1546
recoil:function:0x474580	0x474580	zMath::Vec3DirFromYaw	zMathVec3DirFromYaw	renamed	Inferred	Synchronize current defining source name; descriptive reconstruction, not recovered original spelling.	src/GameZRecoil/zMath/zmth_main.c:1566
recoil:function:0x4745c0	0x4745c0	zMath::Vec3PerpXZ	zMath::Vec3PerpXZ	retained	Inferred	Retain reconstructed descriptive spelling; exact original spelling is not established.	src/GameZRecoil/zMath/zmth_main.c:1586
recoil:function:0x4745e0	0x4745e0	zMath::Vec3ArrayUntransformDirection	zMathVec3ArrayUntransformDirection	renamed	Inferred	Synchronize current defining source name; descriptive reconstruction, not recovered original spelling.	src/GameZRecoil/zMath/zmth_main.c:1602
recoil:function:0x474670	0x474670	zMath::Vec3ArrayTransformDirection	zMath::Vec3ArrayTransformDirection	retained	Inferred	Retain reconstructed descriptive spelling; exact original spelling is not established.	src/GameZRecoil/zMath/zmth_main.c:1630
recoil:function:0x474710	0x474710	zMath::MatTransformNormalBatch	zMathMatTransformNormalBatch	renamed	Inferred	Synchronize current defining source name; descriptive reconstruction, not recovered original spelling.	src/GameZRecoil/zMath/zmth_main.c:1654
recoil:function:0x4747d0	0x4747d0	zMath::MatTransformPointBatchInPlace	zMath::MatTransformPointBatchInPlace	retained	Inferred	Retain reconstructed descriptive spelling; exact original spelling is not established.	src/GameZRecoil/zMath/zmth_main.c:1684
recoil:function:0x474870	0x474870	zMath::MatTransformBBoxToCorners	zMathMatTransformBBoxToCorners	renamed	Inferred	Synchronize current defining source name; descriptive reconstruction, not recovered original spelling.	src/GameZRecoil/zMath/zmth_main.c:1710
recoil:function:0x474b20	0x474b20	zMath::ProjectPointBatch	zMath::ProjectPointBatch	retained	Inferred	Retain reconstructed descriptive spelling; exact original spelling is not established.	src/GameZRecoil/zMath/zmth_main.c:1779
recoil:function:0x474b70	0x474b70	zMath::ProjectSphereBatch	zMathProjectSphereBatch	renamed	Inferred	Synchronize current defining source name; descriptive reconstruction, not recovered original spelling.	src/GameZRecoil/zMath/zmth_main.c:1801
recoil:function:0x474bc0	0x474bc0	zMath::UnprojectPointBatch	zMathUnprojectPointBatch	renamed	Inferred	Synchronize current defining source name; descriptive reconstruction, not recovered original spelling.	src/GameZRecoil/zMath/zmth_main.c:1821
recoil:function:0x474c20	0x474c20	zMath::UnprojectPointBatchZBuf	zMathUnprojectPointBatchZBuf	renamed	Inferred	Synchronize current defining source name; descriptive reconstruction, not recovered original spelling.	src/GameZRecoil/zMath/zmth_main.c:1839
recoil:function:0x474d10	0x474d10	zMath::Vec3DirectionAnglesBetweenPoints	zMath::Vec3DirectionAnglesBetweenPoints	retained	Inferred	Retain reconstructed descriptive spelling; exact original spelling is not established.	src/GameZRecoil/zMath/zmth_main.c:1882
recoil:function:0x474d90	0x474d90	zMath::Vec3ElevationAngleBetweenPoints	zMathVec3ElevationAngleBetweenPoints	renamed	Inferred	Synchronize current defining source name; descriptive reconstruction, not recovered original spelling.	src/GameZRecoil/zMath/zmth_main.c:1903
recoil:function:0x474de0	0x474de0	zMath::MatExtractYaw	zMathMatExtractYaw	renamed	Inferred	Synchronize current defining source name; descriptive reconstruction, not recovered original spelling.	src/GameZRecoil/zMath/zmth_main.c:1919
recoil:function:0x474e10	0x474e10	zMath::MatExtractEulerAngles	zMathMatExtractEulerAngles	renamed	Inferred	Synchronize current defining source name; descriptive reconstruction, not recovered original spelling.	src/GameZRecoil/zMath/zmth_main.c:1934
recoil:function:0x474ec0	0x474ec0	zMath::Vec3RotateX	zMathVec3RotateX	renamed	Inferred	Synchronize current defining source name; descriptive reconstruction, not recovered original spelling.	src/GameZRecoil/zMath/zmth_main.c:1965
recoil:function:0x474f40	0x474f40	zMath::Vec3RotateY	zMath::Vec3RotateY	retained	Inferred	Retain reconstructed descriptive spelling; exact original spelling is not established.	src/GameZRecoil/zMath/zmth_main.c:1990
recoil:function:0x474fc0	0x474fc0	zMath::ApproxExpNeg	zMath::ApproxExpNeg	retained	Inferred	Retain reconstructed descriptive spelling; exact original spelling is not established.	src/GameZRecoil/zMath/zmth_main.c:2008
recoil:function:0x475070	0x475070	zMath::Vec3TriangleNormal	zMathVec3TriangleNormal	renamed	Inferred	Synchronize current defining source name; descriptive reconstruction, not recovered original spelling.	src/GameZRecoil/zMath/zmth_main.c:2037
recoil:function:0x475130	0x475130	zMath::SolveLinearGradient2D	zMathSolveLinearGradient2D	renamed	Inferred	Synchronize current defining source name; descriptive reconstruction, not recovered original spelling.	src/GameZRecoil/zMath/zmth_main.c:2068
recoil:function:0x475210	0x475210	zMath::LineVsSphereHit	zMath::LineVsSphereHit	retained	Inferred	Retain reconstructed descriptive spelling; exact original spelling is not established.	src/GameZRecoil/zMath/zmth_main.c:2110
recoil:function:0x4753e0	0x4753e0	zMath::BuildPerspectiveTextureInterpolants	zMathBuildPerspectiveTextureInterpolants	renamed	Inferred	Synchronize current defining source name; descriptive reconstruction, not recovered original spelling.	src/GameZRecoil/zMath/zmth_main.c:2187
recoil:function:0x4757c0	0x4757c0	zMath::QuatFromEuler	zMathQuatFromEuler	renamed	Inferred	Synchronize current defining source name; descriptive reconstruction, not recovered original spelling.	src/GameZRecoil/zMath/zmth_main.c:2285
recoil:function:0x475910	0x475910	zMath::QuatMultiply	zMathQuatMultiply	renamed	Inferred	Synchronize current defining source name; descriptive reconstruction, not recovered original spelling.	src/GameZRecoil/zMath/zmth_main.c:2316
recoil:function:0x4759d0	0x4759d0	zMath::QuatMultiplyInverse	zMathQuatMultiplyInverse	renamed	Inferred	Synchronize current defining source name; descriptive reconstruction, not recovered original spelling.	src/GameZRecoil/zMath/zmth_main.c:2336
recoil:function:0x475a80	0x475a80	zMath::QuatToMatrix	zMathQuatToMatrix	renamed	Inferred	Synchronize current defining source name; descriptive reconstruction, not recovered original spelling.	src/GameZRecoil/zMath/zmth_main.c:2356
recoil:function:0x475b80	0x475b80	zMath::QuatFromRotationVector	zMathQuatFromRotationVector	renamed	Inferred	Synchronize current defining source name; descriptive reconstruction, not recovered original spelling.	src/GameZRecoil/zMath/zmth_main.c:2390
recoil:function:0x475c40	0x475c40	zModel_Display::Init	zModelDisplayInit	renamed	Inferred	Synchronize current defining source name; descriptive reconstruction, not recovered original spelling.	src/GameZRecoil/zModel/gmod_init.c:2351
recoil:function:0x475e60	0x475e60	zModel_Display::ShutdownThunk	zModel_Display::ShutdownThunk	retained	Inferred	Retain reconstructed descriptive spelling; exact original spelling is not established.	src/GameZRecoil/zModel/gmod_init.c:2439
recoil:function:0x475e70	0x475e70	zModel::Init	zModel::Init	retained	Inferred	Retain reconstructed descriptive spelling; exact original spelling is not established.	src/GameZRecoil/zModel/gmod_init.c:2451
recoil:function:0x475f60	0x475f60	zModel_Display::Reset	zModel_Display::Reset	retained	Inferred	Retain reconstructed descriptive spelling; exact original spelling is not established.	src/GameZRecoil/zModel/gmod_init.c:2492
recoil:function:0x475fa0	0x475fa0	zModel_Display::Shutdown	zModel_Display::Shutdown	retained	Inferred	Retain reconstructed descriptive spelling; exact original spelling is not established.	src/GameZRecoil/zModel/gmod_init.c:2509
recoil:function:0x475ff0	0x475ff0	zModel::SetDisplayInstancePoolCapacity	zModel::SetDisplayInstancePoolCapacity	retained	Inferred	Retain reconstructed descriptive spelling; exact original spelling is not established.	src/GameZRecoil/zModel/gmod_init.c:2530
recoil:function:0x476020	0x476020	zModel::SetSoftwarePathActive	zModel::SetSoftwarePathActive	retained	Inferred	Retain reconstructed descriptive spelling; exact original spelling is not established.	src/GameZRecoil/zModel/gmod_init.c:2556
recoil:function:0x476030	0x476030	zModel::SetVertexShadingEnabled	zModel::SetVertexShadingEnabled	retained	Inferred	Retain reconstructed descriptive spelling; exact original spelling is not established.	src/GameZRecoil/zModel/gmod_init.c:2573
recoil:function:0x476040	0x476040	zModel::SetFogTargetColorOverride	zModel::SetFogTargetColorOverride	retained	Inferred	Retain physical/compiler projection label; no unique attached defining function body in the source inventory.	
recoil:function:0x476070	0x476070	zModel::SetRenderAlphaScale	zModel::SetRenderAlphaScale	retained	Inferred	Retain physical/compiler projection label; no unique attached defining function body in the source inventory.	
recoil:function:0x476080	0x476080	zModel::SetRenderVertexAlphaEnabled	zModel::SetRenderVertexAlphaEnabled	retained	Inferred	Retain physical/compiler projection label; no unique attached defining function body in the source inventory.	
recoil:function:0x476090	0x476090	zModel::SetTextureWorldPerMeter	zModel::SetTextureWorldPerMeter	retained	Inferred	Retain reconstructed descriptive spelling; exact original spelling is not established.	src/GameZRecoil/zModel/gmod_init.c:2620
recoil:function:0x4760b0	0x4760b0	zModel::SetTextureWorldBase	zModel::SetTextureWorldBase	retained	Inferred	Retain reconstructed descriptive spelling; exact original spelling is not established.	src/GameZRecoil/zModel/gmod_init.c:2637
recoil:function:0x4760d0	0x4760d0	zModel::SetDiTextureWorldPerMeter	zModel::SetDiTextureWorldPerMeter	retained	Inferred	Retain reconstructed descriptive spelling; exact original spelling is not established.	src/GameZRecoil/zModel/gmod_init.c:2652
recoil:function:0x476120	0x476120	zClipAlt::SetSourceRect	zClipAlt::SetSourceRect	retained	Inferred	Retain reconstructed descriptive spelling; exact original spelling is not established.	src/GameZRecoil/zModel/gmod_init.c:2683
recoil:function:0x476170	0x476170	zModel_Fog::SetEnabled	zModel_Fog::SetEnabled	retained	Inferred	Retain physical/compiler projection label; no unique attached defining function body in the source inventory.	
recoil:function:0x476180	0x476180	zModel_Fog::IsEnabled	zModel_Fog::IsEnabled	retained	Inferred	Retain physical/compiler projection label; no unique attached defining function body in the source inventory.	
recoil:function:0x476190	0x476190	zModel_Fog::SetDistanceStart	zModel_Fog::SetDistanceStart	retained	Inferred	Retain physical/compiler projection label; no unique attached defining function body in the source inventory.	
recoil:function:0x4761d0	0x4761d0	zModel_Fog::GetDistanceStart	zModel_Fog::GetDistanceStart	retained	Inferred	Retain physical/compiler projection label; no unique attached defining function body in the source inventory.	
recoil:function:0x4761e0	0x4761e0	zModel_Fog::SetDistanceEnd	zModel_Fog::SetDistanceEnd	retained	Inferred	Retain physical/compiler projection label; no unique attached defining function body in the source inventory.	
recoil:function:0x476220	0x476220	zModel_Fog::SetHeightHigh	zModel_Fog::SetHeightHigh	retained	Inferred	Retain physical/compiler projection label; no unique attached defining function body in the source inventory.	
recoil:function:0x476260	0x476260	zModel_Fog::SetHeightLow	zModel_Fog::SetHeightLow	retained	Inferred	Retain physical/compiler projection label; no unique attached defining function body in the source inventory.	
recoil:function:0x4762a0	0x4762a0	zModel_Fog::SetDensity	zModel_Fog::SetDensity	retained	Inferred	Retain physical/compiler projection label; no unique attached defining function body in the source inventory.	
recoil:function:0x4762b0	0x4762b0	zModel_Fog::SetLinearModeEnabled	zModel_Fog::SetLinearModeEnabled	retained	Inferred	Retain physical/compiler projection label; no unique attached defining function body in the source inventory.	
recoil:function:0x4762c0	0x4762c0	zModel_Fog::SetColorRgb01	zModel_Fog::SetColorRgb01	retained	Inferred	Retain physical/compiler projection label; no unique attached defining function body in the source inventory.	
recoil:function:0x4762f0	0x4762f0	zModel_Fog::ApplyCurrentColor	zModel_Fog::ApplyCurrentColor	retained	Inferred	Retain physical/compiler projection label; no unique attached defining function body in the source inventory.	
recoil:function:0x476300	0x476300	zRndr::SetInverseZTolerance	zRndr::SetInverseZTolerance	retained	Inferred	Retain reconstructed descriptive spelling; exact original spelling is not established.	src/GameZRecoil/zModel/gmod_init.c:2813
recoil:function:0x476320	0x476320	zTag4::Clear	zTag4::Clear	retained	Inferred	Retain reconstructed descriptive spelling; exact original spelling is not established.	src/GameZRecoil/zModel/gmod_init.c:2829
recoil:function:0x476340	0x476340	zDi::SetVariantTagIfUnset	zDi::SetVariantTagIfUnset	retained	Inferred	Retain reconstructed descriptive spelling; exact original spelling is not established.	src/GameZRecoil/zModel/gmod_init.c:2851
recoil:function:0x476370	0x476370	VariantTag::TagsOverlap	VariantTag::TagsOverlap	retained	Inferred	Retain reconstructed descriptive spelling; exact original spelling is not established.	src/GameZRecoil/zModel/gmod_init.c:2875
recoil:function:0x476400	0x476400	VariantTag::CurrentAllowsId	VariantTag::CurrentAllowsId	retained	Inferred	Retain reconstructed descriptive spelling; exact original spelling is not established.	src/GameZRecoil/zModel/gmod_init.c:2916
recoil:function:0x476460	0x476460	zModel::SetBackfaceEliminationToleranceScalar	zModel::SetBackfaceEliminationToleranceScalar	retained	Inferred	Retain reconstructed descriptive spelling; exact original spelling is not established.	src/GameZRecoil/zModel/gmod_init.c:2952
recoil:function:0x476470	0x476470	zModel::GetBackfaceEliminationToleranceScalar	zModel::GetBackfaceEliminationToleranceScalar	retained	Inferred	Retain reconstructed descriptive spelling; exact original spelling is not established.	src/GameZRecoil/zModel/gmod_init.c:2967
recoil:function:0x476480	0x476480	zMath::ProjectPointAndClampToScreenClip	zMath::ProjectPointAndClampToScreenClip	retained	Inferred	Retain physical/compiler projection label; no unique attached defining function body in the source inventory.	
recoil:function:0x4766a0	0x4766a0	zClipAlt::RemapPointXYInPlace	zClipAlt::RemapPointXYInPlace	retained	Inferred	Retain reconstructed descriptive spelling; exact original spelling is not established.	src/GameZRecoil/zModel/gmod_init.c:3052
recoil:function:0x476700	0x476700	zScene::TestProjectedSphereVisible	zScene::TestProjectedSphereVisible	retained	Inferred	Retain reconstructed descriptive spelling; exact original spelling is not established.	src/GameZRecoil/zModel/gmod_init.c:3073
recoil:function:0x476a50	0x476a50	zDi::EvalBoundingSphereLightingFlags	zDi::EvalBoundingSphereLightingFlags	retained	Inferred	Retain reconstructed descriptive spelling; exact original spelling is not established.	src/GameZRecoil/zModel/gmod_init.c:3208
recoil:function:0x476cf0	0x476cf0	zModel::RenderNodeSoftware	zModel::RenderNodeSoftware	retained	Inferred	Retain reconstructed descriptive spelling; exact original spelling is not established.	src/GameZRecoil/zModel/gmod_init.c:3299
recoil:function:0x477b30	0x477b30	zModel::RenderNodeHardware	zModel::RenderNodeHardware	retained	Inferred	Retain reconstructed descriptive spelling; exact original spelling is not established.	src/GameZRecoil/zModel/gmod_init.c:3697
recoil:function:0x478c70	0x478c70	zVideo::FrustumTestSphereClipMask	zVideoFrustumTestSphereClipMask	renamed	Inferred	Synchronize current defining source name; descriptive reconstruction, not recovered original spelling.	src/GameZRecoil/zModel/gmod_init.c:4197
recoil:function:0x478fc0	0x478fc0	zModel_Instance::UpdateScrollingTexturesIfNeeded	zModelInstanceUpdateScrollingTexturesIfNeeded	renamed	Inferred	Synchronize current defining source name; descriptive reconstruction, not recovered original spelling.	src/GameZRecoil/zModel/gmod_init.c:4307
recoil:function:0x479020	0x479020	zModel::RenderPointQueueEntry	zModelRenderPointQueueEntry	renamed	Inferred	Synchronize current defining source name; descriptive reconstruction, not recovered original spelling.	src/GameZRecoil/zModel/gmod_init.c:4342
recoil:function:0x4791c0	0x4791c0	zModel_Instance::UpdateScrollingTextures	zModelInstanceUpdateScrollingTextures	renamed	Inferred	Synchronize current defining source name; descriptive reconstruction, not recovered original spelling.	src/GameZRecoil/zModel/gmod_init.c:4387
recoil:function:0x479660	0x479660	OptCatalog::ApplyDamageMaskStampOnHit	OptCatalog::ApplyDamageMaskStampOnHit	retained	Inferred	Retain reconstructed descriptive spelling; exact original spelling is not established.	src/GameZRecoil/zModel/gmod_init.c:4480
recoil:function:0x479c50	0x479c50	OptCatalog::SetDamageMaskSlotIndex	OptCatalog::SetDamageMaskSlotIndex	retained	Inferred	Retain reconstructed descriptive spelling; exact original spelling is not established.	src/GameZRecoil/zModel/gmod_init.c:4652
recoil:function:0x479c60	0x479c60	OptCatalog::RegisterDamageMaskSlotPtr	OptCatalog::RegisterDamageMaskSlotPtr	retained	Inferred	Retain reconstructed descriptive spelling; exact original spelling is not established.	src/GameZRecoil/zModel/gmod_init.c:4667
recoil:function:0x479c80	0x479c80	OptCatalog::IsDamageMaskEnabled	OptCatalogIsDamageMaskEnabled	renamed	Inferred	Synchronize current defining source name; descriptive reconstruction, not recovered original spelling.	src/GameZRecoil/zModel/gmod_init.c:4682
recoil:function:0x479c90	0x479c90	OptCatalog::SetDamageMaskUv	OptCatalogSetDamageMaskUv	renamed	Inferred	Synchronize current defining source name; descriptive reconstruction, not recovered original spelling.	src/GameZRecoil/zModel/gmod_init.c:4693
recoil:function:0x479cb0	0x479cb0	OptCatalog::SetDamageMaskEnabled	OptCatalogSetDamageMaskEnabled	renamed	Inferred	Synchronize current defining source name; descriptive reconstruction, not recovered original spelling.	src/GameZRecoil/zModel/gmod_init.c:4708
recoil:function:0x479cc0	0x479cc0	OptCatalog::IsDamageMaskSlotPtrRegistered	OptCatalogIsDamageMaskSlotPtrRegistered	renamed	Inferred	Synchronize current defining source name; descriptive reconstruction, not recovered original spelling.	src/GameZRecoil/zModel/gmod_init.c:4719
recoil:function:0x479ce0	0x479ce0	zVideo::SetActiveViewContext	zVideoSetActiveViewContext	renamed	Inferred	Synchronize current defining source name; descriptive reconstruction, not recovered original spelling.	src/GameZRecoil/zModel/gmod_init.c:4740
recoil:function:0x479f90	0x479f90	zClipAlt::SetTargetRect	zClipAlt::SetTargetRect	retained	Inferred	Retain reconstructed descriptive spelling; exact original spelling is not established.	src/GameZRecoil/zModel/gmod_init.c:4848
recoil:function:0x47a0c0	0x47a0c0	zVideo::UpdateProjectionStateFromCameraData	zVideoUpdateProjectionStateFromCameraData	renamed	Inferred	Synchronize current defining source name; descriptive reconstruction, not recovered original spelling.	src/GameZRecoil/zModel/gmod_init.c:4888
recoil:function:0x47a1d0	0x47a1d0	zClipAlt::BuildFrustumPlanes	zClipAltBuildFrustumPlanes	renamed	Inferred	Synchronize current defining source name; descriptive reconstruction, not recovered original spelling.	src/GameZRecoil/zModel/gmod_init.c:4935
recoil:function:0x47a200	0x47a200	zClipRect::ClipPolyZRange_NoUV	zClipRect::ClipPolyZRange_NoUV	retained	Inferred	Retain reconstructed descriptive spelling; exact original spelling is not established.	src/GameZRecoil/zModel/gmod_init.c:4953
recoil:function:0x47a4e0	0x47a4e0	zClipRect::ClipPolyZRange_NoUV_WithAttribs	zClipRect::ClipPolyZRange_NoUV_WithAttribs	retained	Inferred	Retain reconstructed descriptive spelling; exact original spelling is not established.	src/GameZRecoil/zModel/gmod_init.c:5055
recoil:function:0x47aa80	0x47aa80	zClipRect::ClipPolyNearZ	zClipRect::ClipPolyNearZ	retained	Inferred	Retain reconstructed descriptive spelling; exact original spelling is not established.	src/GameZRecoil/zModel/gmod_init.c:5163
recoil:function:0x47af60	0x47af60	zClipRect::ClipPolyNearZ_WithAttr0	zClipRect::ClipPolyNearZ_WithAttr0	retained	Inferred	Retain reconstructed descriptive spelling; exact original spelling is not established.	src/GameZRecoil/zModel/gmod_init.c:5275
recoil:function:0x47b540	0x47b540	zClipRect::ClipPoly_NoUV_Alt	zClipRect::ClipPoly_NoUV_Alt	deferred	Inferred	Retain provisional label pending stronger role/source evidence; a cosmetic replacement would imply unsupported precision.	src/GameZRecoil/zModel/gmod_init.c:5379
recoil:function:0x47bd30	0x47bd30	zClipRect::ClipPoly_NoUV_WithAttr012_Alt	zClipRect::ClipPoly_NoUV_WithAttr012_Alt	deferred	Inferred	Retain provisional label pending stronger role/source evidence; a cosmetic replacement would imply unsupported precision.	src/GameZRecoil/zModel/gmod_init.c:5638
recoil:function:0x47cdc0	0x47cdc0	zClipRect::ClipPoly_NoUV	zClipRect::ClipPoly_NoUV	retained	Inferred	Retain reconstructed descriptive spelling; exact original spelling is not established.	src/GameZRecoil/zModel/gmod_init.c:6053
recoil:function:0x47d3f0	0x47d3f0	zClipRect::ClipPoly	zClipRect::ClipPoly	retained	Inferred	Retain reconstructed descriptive spelling; exact original spelling is not established.	src/GameZRecoil/zModel/gmod_init.c:6304
recoil:function:0x47dfb0	0x47dfb0	zClipRect::ClipPoly_NoUV_WithAttr0_Alt	zClipRect::ClipPoly_NoUV_WithAttr0_Alt	deferred	Inferred	Retain provisional label pending stronger role/source evidence; a cosmetic replacement would imply unsupported precision.	src/GameZRecoil/zModel/gmod_init.c:6631
recoil:function:0x47e900	0x47e900	zClipRect::ClipPolyZRange_WithAttr012	zClipRect::ClipPolyZRange_WithAttr012	retained	Inferred	Retain reconstructed descriptive spelling; exact original spelling is not established.	src/GameZRecoil/zModel/gmod_init.c:6942
recoil:function:0x47efd0	0x47efd0	zClipRect::ClipPoly_WithAttr012	zClipRect::ClipPoly_WithAttr012	retained	Inferred	Retain reconstructed descriptive spelling; exact original spelling is not established.	src/GameZRecoil/zModel/gmod_init.c:7060
recoil:function:0x4803b0	0x4803b0	zClipRect::TrivialRejectPolyXY	zClipRect::TrivialRejectPolyXY	retained	Inferred	Retain reconstructed descriptive spelling; exact original spelling is not established.	src/GameZRecoil/zModel/gmod_init.c:7544
recoil:function:0x4804c0	0x4804c0	zModel::UpdateSmallPolyRejectThresholds	zModel::UpdateSmallPolyRejectThresholds	retained	Inferred	Retain reconstructed descriptive spelling; exact original spelling is not established.	src/GameZRecoil/zModel/gmod_init.c:7613
recoil:function:0x4804e0	0x4804e0	zReader::FindGlobalStringPrefixIndex	zReader::FindGlobalStringPrefixIndex	retained	Inferred	Retain reconstructed descriptive spelling; exact original spelling is not established.	src/GameZRecoil/zModel/gmod_init.c:7628
recoil:function:0x4805b0	0x4805b0	zModel_MatlSlot::IndexFromPtrOrMinus1	zModel_MatlSlot::IndexFromPtrOrMinus1	retained	Inferred	Retain reconstructed descriptive spelling; exact original spelling is not established.	src/GameZRecoil/zModel/gmod_matl.c:223
recoil:function:0x4805e0	0x4805e0	zModel_Matl::GetPoolEntry	zModel_Matl::GetPoolEntry	retained	Inferred	Retain reconstructed descriptive spelling; exact original spelling is not established.	src/GameZRecoil/zModel/gmod_matl.c:240
recoil:function:0x480600	0x480600	zModel_MatlBuffer::WriteGameZ	zModel_MatlBuffer::WriteGameZ	retained	Inferred	Retain reconstructed descriptive spelling; exact original spelling is not established.	src/GameZRecoil/zModel/gmod_matl.c:259
recoil:function:0x4808c0	0x4808c0	zModel_MatlBuffer::ReadGameZ	zModel_MatlBuffer::ReadGameZ	retained	Inferred	Retain reconstructed descriptive spelling; exact original spelling is not established.	src/GameZRecoil/zModel/gmod_matl.c:356
recoil:function:0x480ae0	0x480ae0	zModel_Matl::InitGlobals	zModel_Matl::InitGlobals	retained	Inferred	Retain reconstructed descriptive spelling; exact original spelling is not established.	src/GameZRecoil/zModel/gmod_matl.c:483
recoil:function:0x480bf0	0x480bf0	zModel_MatlBuffer::SetArraySize	zModel_MatlBuffer::SetArraySize	retained	Inferred	Retain reconstructed descriptive spelling; exact original spelling is not established.	src/GameZRecoil/zModel/gmod_matl.c:517
recoil:function:0x480c40	0x480c40	zModel_Material::ResetDefaults	zModel_Material::ResetDefaults	retained	Inferred	Retain reconstructed descriptive spelling; exact original spelling is not established.	src/GameZRecoil/zModel/gmod_matl.c:553
recoil:function:0x480c80	0x480c80	zModel_Material::HasAuxData	zModel_Material::HasAuxData	retained	Inferred	Retain reconstructed descriptive spelling; exact original spelling is not established.	src/GameZRecoil/zModel/gmod_matl.c:573
recoil:function:0x480ca0	0x480ca0	zModel_Material::FindOrClone	zModel_Material::FindOrClone	retained	Inferred	Retain reconstructed descriptive spelling; exact original spelling is not established.	src/GameZRecoil/zModel/gmod_matl.c:586
recoil:function:0x480d20	0x480d20	zModel_Material::CompareForReuse	zModel_Material::CompareForReuse	retained	Inferred	Retain reconstructed descriptive spelling; exact original spelling is not established.	src/GameZRecoil/zModel/gmod_matl.c:614
recoil:function:0x480d80	0x480d80	zModel_MatlBuffer::ReleaseAllActive	zModel_MatlBuffer::ReleaseAllActive	retained	Inferred	Retain reconstructed descriptive spelling; exact original spelling is not established.	src/GameZRecoil/zModel/gmod_matl.c:658
recoil:function:0x480dc0	0x480dc0	zModel_MatlSlot::Release	zModel_MatlSlot::Release	retained	Inferred	Retain reconstructed descriptive spelling; exact original spelling is not established.	src/GameZRecoil/zModel/gmod_matl.c:679
recoil:function:0x480ec0	0x480ec0	zRndr::GlobalStringTable_ReleaseDynamicEntries	zRndr::GlobalStringTableReleaseDynamicEntries	renamed	Inferred	Synchronize current defining source name; descriptive reconstruction, not recovered original spelling.	src/GameZRecoil/zModel/gmod_matl.c:728
recoil:function:0x480f10	0x480f10	zModel_MatlBuffer::Shutdown	zModel_MatlBuffer::Shutdown	retained	Inferred	Retain reconstructed descriptive spelling; exact original spelling is not established.	src/GameZRecoil/zModel/gmod_matl.c:744
recoil:function:0x480f60	0x480f60	zModel_Material::SetFlagBit9	zModel_Material::SetFlagBit9	retained	Inferred	Retain reconstructed descriptive spelling; exact original spelling is not established.	src/GameZRecoil/zModel/gmod_matl.c:769
recoil:function:0x480f80	0x480f80	zModel_Material::InvalidateImagesIfEligible	zModel_Material::InvalidateImagesIfEligible	retained	Inferred	Retain reconstructed descriptive spelling; exact original spelling is not established.	src/GameZRecoil/zModel/gmod_matl.c:786
recoil:function:0x480fd0	0x480fd0	zModel_MatlBuffer::ReleaseTextureSurfaces	zModel_MatlBuffer::ReleaseTextureSurfaces	retained	Inferred	Retain reconstructed descriptive spelling; exact original spelling is not established.	src/GameZRecoil/zModel/gmod_matl.c:811
recoil:function:0x481040	0x481040	zModel_Material::SetUserTag	zModel_Material::SetUserTag	retained	Inferred	Retain reconstructed descriptive spelling; exact original spelling is not established.	src/GameZRecoil/zModel/gmod_matl.c:846
recoil:function:0x481050	0x481050	zModel_Material::SetCycleTextureCount	zModel_Material::SetCycleTextureCount	retained	Inferred	Retain reconstructed descriptive spelling; exact original spelling is not established.	src/GameZRecoil/zModel/gmod_matl.c:864
recoil:function:0x481100	0x481100	zModel_Material::AddCycleTexture	zModel_Material::AddCycleTexture	retained	Inferred	Retain reconstructed descriptive spelling; exact original spelling is not established.	src/GameZRecoil/zModel/gmod_matl.c:905
recoil:function:0x481140	0x481140	zModel_Material::UpdateCycleIfNeeded	zModel_Material::UpdateCycleIfNeeded	retained	Inferred	Retain reconstructed descriptive spelling; exact original spelling is not established.	src/GameZRecoil/zModel/gmod_matl.c:936
recoil:function:0x481220	0x481220	zModel_Material::SetCycleTextureLoop	zModel_Material::SetCycleTextureLoop	retained	Inferred	Retain reconstructed descriptive spelling; exact original spelling is not established.	src/GameZRecoil/zModel/gmod_matl.c:976
recoil:function:0x481260	0x481260	zModel_Material::SetCycleTextureSpeed	zModel_Material::SetCycleTextureSpeed	retained	Inferred	Retain reconstructed descriptive spelling; exact original spelling is not established.	src/GameZRecoil/zModel/gmod_matl.c:1006
recoil:function:0x4812b0	0x4812b0	zModel_Material::Clone	zModel_Material::Clone	retained	Inferred	Retain reconstructed descriptive spelling; exact original spelling is not established.	src/GameZRecoil/zModel/gmod_matl.c:1037
recoil:function:0x4812c0	0x4812c0	zModel_MatlBuffer::CloneToActiveSlot	zModel_MatlBuffer::CloneToActiveSlot	retained	Inferred	Retain reconstructed descriptive spelling; exact original spelling is not established.	src/GameZRecoil/zModel/gmod_matl.c:1050
recoil:function:0x481420	0x481420	zModel_Material::FindByTexDirEntry	zModel_Material::FindByTexDirEntry	retained	Inferred	Retain reconstructed descriptive spelling; exact original spelling is not established.	src/GameZRecoil/zModel/gmod_matl.c:1118
recoil:function:0x481460	0x481460	zRndr_GlobalStringTable::LoadDynamicEntriesFromPath	zRndr_GlobalStringTable::LoadDynamicEntriesFromPath	retained	Inferred	Retain reconstructed descriptive spelling; exact original spelling is not established.	src/GameZRecoil/zModel/gmod_matl.c:1146
recoil:function:0x481530	0x481530	zModel_Const::GetVertexMergeEpsilon	zModel_Const::GetVertexMergeEpsilon	retained	Inferred	Retain reconstructed descriptive spelling; exact original spelling is not established.	src/GameZRecoil/zModel/gmod_const.c:1529
recoil:function:0x481540	0x481540	zModel_Const::SetVertexMergeEpsilon	zDi::SetVertexMergeEpsilon	renamed	Inferred	Synchronize current defining source name; descriptive reconstruction, not recovered original spelling.	src/GameZRecoil/zModel/gmod_const.c:1542
recoil:function:0x481550	0x481550	zModel_Const::SetCoplanarTolerance	zModel_DiPool::SetCoplanarTolerance	renamed	Inferred	Synchronize current defining source name; descriptive reconstruction, not recovered original spelling.	src/GameZRecoil/zModel/gmod_const.c:1555
recoil:function:0x481560	0x481560	zModel_Const::SetColinearTolerance	zModel_DiPool::SetColinearTolerance	renamed	Inferred	Synchronize current defining source name; descriptive reconstruction, not recovered original spelling.	src/GameZRecoil/zModel/gmod_const.c:1566
recoil:function:0x481570	0x481570	zDi::PtrToIndexOrMinus1	zModel_DiPool::PtrToIndexOrMinus1	renamed	Inferred	Synchronize current defining source name; descriptive reconstruction, not recovered original spelling.	src/GameZRecoil/zModel/gmod_const.c:1579
recoil:function:0x4815a0	0x4815a0	zDi::IndexToPtrOrNull	zModel_DiPool::IndexToPtrOrNull	renamed	Inferred	Synchronize current defining source name; descriptive reconstruction, not recovered original spelling.	src/GameZRecoil/zModel/gmod_const.c:1598
recoil:function:0x4815c0	0x4815c0	zModel_DiPool::WriteToStream	zModel_DiPool::WriteToStream	retained	Inferred	Retain reconstructed descriptive spelling; exact original spelling is not established.	src/GameZRecoil/zModel/gmod_const.c:1615
recoil:function:0x481aa0	0x481aa0	zModel_DiPool::ReadEntryByIndexFromStream	zModel_DiPool::ReadEntryByIndexFromStream	retained	Inferred	Retain reconstructed descriptive spelling; exact original spelling is not established.	src/GameZRecoil/zModel/gmod_const.c:1862
recoil:function:0x481bc0	0x481bc0	zModel_DiPool::ReadHeaderFromStream	zModel_DiPool::ReadHeaderFromStream	retained	Inferred	Retain reconstructed descriptive spelling; exact original spelling is not established.	src/GameZRecoil/zModel/gmod_const.c:1929
recoil:function:0x481c50	0x481c50	zModel_DiPool::ReadEntryDynamicDataFromStream	zModel_DiPool::ReadEntryDynamicDataFromStream	retained	Inferred	Retain reconstructed descriptive spelling; exact original spelling is not established.	src/GameZRecoil/zModel/gmod_const.c:1975
recoil:function:0x481fa0	0x481fa0	zModel_DiPool::ReadFromStream	zModel_DiPool::ReadFromStream	retained	Inferred	Retain reconstructed descriptive spelling; exact original spelling is not established.	src/GameZRecoil/zModel/gmod_const.c:2146
recoil:function:0x482080	0x482080	zModel_DiPool::AllocFromFreeList	zDi::AllocFromFreeList	renamed	Inferred	Synchronize current defining source name; descriptive reconstruction, not recovered original spelling.	src/GameZRecoil/zModel/gmod_const.c:2202
recoil:function:0x4820f0	0x4820f0	zModel_DiPool::FreeIfUnreferenced	zDi::FreeIfUnreferenced	renamed	Inferred	Synchronize current defining source name; descriptive reconstruction, not recovered original spelling.	src/GameZRecoil/zModel/gmod_const.c:2231
recoil:function:0x482160	0x482160	zDi::FreeContents	zDi::FreeContents	retained	Inferred	Retain reconstructed descriptive spelling; exact original spelling is not established.	src/GameZRecoil/zModel/gmod_const.c:2259
recoil:function:0x482270	0x482270	zDi::CloneToInstance	zDi::CloneToInstance	retained	Inferred	Retain reconstructed descriptive spelling; exact original spelling is not established.	src/GameZRecoil/zModel/gmod_const.c:2319
recoil:function:0x4826a0	0x4826a0	zUtil::StoreInt32	zModel_Const::StoreInt32	renamed	Inferred	Synchronize current defining source name; descriptive reconstruction, not recovered original spelling.	src/GameZRecoil/zModel/gmod_const.c:2469
recoil:function:0x4826b0	0x4826b0	zDi::SetClonedFlag	zModel_Const::SetClonedFlag	renamed	Inferred	Synchronize current defining source name; descriptive reconstruction, not recovered original spelling.	src/GameZRecoil/zModel/gmod_const.c:2485
recoil:function:0x4826d0	0x4826d0	zDi::SetFlagBit0	zModel_Const::SetFlagBit0	renamed	Inferred	Synchronize current defining source name; descriptive reconstruction, not recovered original spelling.	src/GameZRecoil/zModel/gmod_const.c:2503
recoil:function:0x4826f0	0x4826f0	zDi::AddRef	zModel_Const::AddRef	renamed	Inferred	Synchronize current defining source name; descriptive reconstruction, not recovered original spelling.	src/GameZRecoil/zModel/gmod_const.c:2521
recoil:function:0x482700	0x482700	zDi::Release	zModel_Const::Release	renamed	Inferred	Synchronize current defining source name; descriptive reconstruction, not recovered original spelling.	src/GameZRecoil/zModel/gmod_const.c:2535
recoil:function:0x482710	0x482710	zDi::GetRefCount	zModel_Const::GetRefCount	renamed	Inferred	Synchronize current defining source name; descriptive reconstruction, not recovered original spelling.	src/GameZRecoil/zModel/gmod_const.c:2549
recoil:function:0x482720	0x482720	zModel_Const::AddOrMergeVertex	zModel_Const::AddOrMergeVertex	retained	Inferred	Retain reconstructed descriptive spelling; exact original spelling is not established.	src/GameZRecoil/zModel/gmod_const.c:2560
recoil:function:0x482860	0x482860	zModel_Const::AddOrMergeVertexAndNormal	zModel_Const::AddOrMergeVertexAndNormal	retained	Inferred	Retain reconstructed descriptive spelling; exact original spelling is not established.	src/GameZRecoil/zModel/gmod_const.c:2605
recoil:function:0x482a10	0x482a10	zModel_Const::FindOrAppendNormalIndex	zModel_Const::FindOrAppendNormalIndex	retained	Inferred	Retain reconstructed descriptive spelling; exact original spelling is not established.	src/GameZRecoil/zModel/gmod_const.c:2663
recoil:function:0x482b40	0x482b40	zModel_Const::RemoveColinearVerticesInPlace	zModel_Const::check_colinearity	renamed	Recoil-confirmed leaf; inferred scope	Retail diagnostic at 0x4e1700 via call at 0x4836ec establishes leaf check_colinearity; existing source scope is retained.	src/GameZRecoil/zModel/gmod_const.c:2708
recoil:function:0x482c60	0x482c60	zModel_Const::SetNormalizedCrossFromVertexTriplet	zModel_Const::SetNormalizedCrossFromVertexTriplet	retained	Inferred	Retain reconstructed descriptive spelling; exact original spelling is not established.	src/GameZRecoil/zModel/gmod_const.c:2773
recoil:function:0x482db0	0x482db0	zModel_Const::IsPolygonCoplanar	zModel_Const::IsPolygonCoplanar	retained	Inferred	Retain reconstructed descriptive spelling; exact original spelling is not established.	src/GameZRecoil/zModel/gmod_const.c:2814
recoil:function:0x482e30	0x482e30	zModel_Const::ComputePolygonPlaneEquation	zModel_Const::ComputePolygonPlaneEquation	retained	Inferred	Retain reconstructed descriptive spelling; exact original spelling is not established.	src/GameZRecoil/zModel/gmod_const.c:2844
recoil:function:0x482fe0	0x482fe0	zModel_Const::SplitPolygonChunkedByVertexLimit	zDi::SplitPolygonChunkedByVertexLimit	renamed	Inferred	Synchronize current defining source name; descriptive reconstruction, not recovered original spelling.	src/GameZRecoil/zModel/gmod_const.c:2894
recoil:function:0x483240	0x483240	zDi::AddPolygonSplitByVertexLimit	zDi::AddPolygonSplitByVertexLimit	retained	Inferred	Retain reconstructed descriptive spelling; exact original spelling is not established.	src/GameZRecoil/zModel/gmod_const.c:2977
recoil:function:0x483510	0x483510	zModel_Const::QuantizeAndNormalizeUvPairs	zDi::QuantizeAndNormalizeUvPairs	renamed	Inferred	Synchronize current defining source name; descriptive reconstruction, not recovered original spelling.	src/GameZRecoil/zModel/gmod_const.c:3085
recoil:function:0x483610	0x483610	zDi::AddPolygon	zDi::AddPolygon	retained	Inferred	Retain reconstructed descriptive spelling; exact original spelling is not established.	src/GameZRecoil/zModel/gmod_const.c:3128
recoil:function:0x483650	0x483650	zDi::AddPolygonEx	zDi::AddPolygonEx	retained	Inferred	Retain reconstructed descriptive spelling; exact original spelling is not established.	src/GameZRecoil/zModel/gmod_const.c:3164
recoil:function:0x483a60	0x483a60	zDi::HasSpecialFlagsOrAuxMaterialData	zDi::HasSpecialFlagsOrAuxMaterialData	retained	Inferred	Retain reconstructed descriptive spelling; exact original spelling is not established.	src/GameZRecoil/zModel/gmod_const.c:3349
recoil:function:0x483ad0	0x483ad0	zDi::RebuildBounds	zDi::RebuildBounds	retained	Inferred	Retain reconstructed descriptive spelling; exact original spelling is not established.	src/GameZRecoil/zModel/gmod_const.c:3374
recoil:function:0x483b80	0x483b80	zDi::BuildAabb	zDi::BuildAabb	retained	Inferred	Retain reconstructed descriptive spelling; exact original spelling is not established.	src/GameZRecoil/zModel/gmod_const.c:3410
recoil:function:0x483e60	0x483e60	zDi::BuildOriginSymmetricAabb	zDi::BuildOriginSymmetricAabb	retained	Inferred	Retain reconstructed descriptive spelling; exact original spelling is not established.	src/GameZRecoil/zModel/gmod_const.c:3511
recoil:function:0x483f80	0x483f80	zDi::BuildBlendVertsFromConnectivity	zDi::BuildBlendVertsFromConnectivity	retained	Inferred	Retain reconstructed descriptive spelling; exact original spelling is not established.	src/GameZRecoil/zModel/gmod_const.c:3572
recoil:function:0x484140	0x484140	zDi::SetEntryValueForAllEntries	zDi::SetEntryValueForAllEntries	retained	Inferred	Retain reconstructed descriptive spelling; exact original spelling is not established.	src/GameZRecoil/zModel/gmod_const.c:3650
recoil:function:0x484170	0x484170	zDi::SetShowBackFaceForAllEntries	zDi::SetShowBackFaceForAllEntries	retained	Inferred	Retain reconstructed descriptive spelling; exact original spelling is not established.	src/GameZRecoil/zModel/gmod_const.c:3670
recoil:function:0x4841b0	0x4841b0	zDi::SetMaterialFlagBit9ForFlagBit0Entries	zDi::SetMaterialFlagBit9ForFlagBit0Entries	retained	Inferred	Retain reconstructed descriptive spelling; exact original spelling is not established.	src/GameZRecoil/zModel/gmod_const.c:3691
recoil:function:0x4841f0	0x4841f0	zDi::InvalidateImagesForFlagBit8Materials	zDi::InvalidateImagesForFlagBit8Materials	retained	Inferred	Retain reconstructed descriptive spelling; exact original spelling is not established.	src/GameZRecoil/zModel/gmod_const.c:3712
recoil:function:0x484230	0x484230	zDi::ResetCurrentVariant	zModel_Instance::ResetCurrentVariant	renamed	Inferred	Synchronize current defining source name; descriptive reconstruction, not recovered original spelling.	src/GameZRecoil/zModel/gmod_const.c:3728
recoil:function:0x484250	0x484250	zDi::SetCurrentVariantCycleTextureCount	zDi::SetCurrentVariantCycleTextureCount	retained	Inferred	Retain reconstructed descriptive spelling; exact original spelling is not established.	src/GameZRecoil/zModel/gmod_const.c:3746
recoil:function:0x4842b0	0x4842b0	zDi::SetCurrentVariant	zDi::SetCurrentVariant	retained	Inferred	Retain reconstructed descriptive spelling; exact original spelling is not established.	src/GameZRecoil/zModel/gmod_const.c:3782
recoil:function:0x4842f0	0x4842f0	zModel_Instance::SetCycleTextureLoop	zDi::SetCycleTextureLoop	renamed	Inferred	Synchronize current defining source name; descriptive reconstruction, not recovered original spelling.	src/GameZRecoil/zModel/gmod_const.c:3812
recoil:function:0x484310	0x484310	zDi::SetCurrentVariantCycleTextureSpeed	zDi::SetCurrentVariantCycleTextureSpeed	retained	Inferred	Retain reconstructed descriptive spelling; exact original spelling is not established.	src/GameZRecoil/zModel/gmod_const.c:3832
recoil:function:0x484330	0x484330	zModel_Instance::AddCycleTexture	zDi::AddCycleTexture	renamed	Inferred	Synchronize current defining source name; descriptive reconstruction, not recovered original spelling.	src/GameZRecoil/zModel/gmod_const.c:3852
recoil:function:0x484350	0x484350	zDi::SetObject3DColorModeForMaterials	zDi::SetObject3DColorModeForMaterials	retained	Inferred	Retain reconstructed descriptive spelling; exact original spelling is not established.	src/GameZRecoil/zModel/gmod_const.c:3870
recoil:function:0x4843b0	0x4843b0	zDi::RebuildGeneratedUvPairsForEntry	zDi::RebuildGeneratedUvPairsForEntry	retained	Inferred	Retain reconstructed descriptive spelling; exact original spelling is not established.	src/GameZRecoil/zModel/gmod_const.c:3897
recoil:function:0x484860	0x484860	zModel_Const::SolveTriScalarGradient2D	zDi::SolveTriScalarGradient2D	renamed	Inferred	Synchronize current defining source name; descriptive reconstruction, not recovered original spelling.	src/GameZRecoil/zModel/gmod_const.c:4030
recoil:function:0x484960	0x484960	zDi::BuildPickCandidateForQueryPoint	zModelConst::BuildPickCandidateForQueryPoint	renamed	Inferred	Synchronize current defining source name; descriptive reconstruction, not recovered original spelling.	src/GameZRecoil/zModel/gmod_const.c:4069
recoil:function:0x484b70	0x484b70	zModelConst::AddFaceToPlayerProbeSampleBuckets	zClass_cls_di::AddFaceToPlayerProbeSampleBuckets	renamed	Inferred	Synchronize current defining source name; descriptive reconstruction, not recovered original spelling.	src/GameZRecoil/zModel/gmod_const.c:4155
recoil:function:0x484e00	0x484e00	zClass_cls_di::PickTestMeshAtQueryXZ	zClass_cls_di::PickTestMeshAtQueryXZ	retained	Inferred	Retain reconstructed descriptive spelling; exact original spelling is not established.	src/GameZRecoil/zModel/gmod_const.c:4240
recoil:function:0x484fc0	0x484fc0	zClass_cls_di::AppendPickCandidatesForFace	zClass_cls_di::AppendPickCandidatesForFace	retained	Inferred	Retain reconstructed descriptive spelling; exact original spelling is not established.	src/GameZRecoil/zModel/gmod_const.c:4319
recoil:function:0x485380	0x485380	zClass_cls_di::BuildPickCandidatesForSegmentVsBBoxFaces	zClass_cls_di::BuildPickCandidatesForSegmentVsBBoxFaces	retained	Inferred	Retain reconstructed descriptive spelling; exact original spelling is not established.	src/GameZRecoil/zModel/gmod_const.c:4447
recoil:function:0x4856d0	0x4856d0	zClass_cls_di::TryGetPolygonHitAtQueryXZ	zClass_cls_di::TryGetPolygonHitAtQueryXZ	retained	Inferred	Retain reconstructed descriptive spelling; exact original spelling is not established.	src/GameZRecoil/zModel/gmod_const.c:4551
recoil:function:0x4857f0	0x4857f0	zClass_cls_di::BuildPickCandidateForSegmentVsPolygon	zClass_cls_di::BuildPickCandidateForSegmentVsPolygon	retained	Inferred	Retain reconstructed descriptive spelling; exact original spelling is not established.	src/GameZRecoil/zModel/gmod_const.c:4599
recoil:function:0x485d10	0x485d10	zClass_cls_di::BuildPickCandidateForSegmentVsPolygonWithUv	zClass_cls_di::BuildPickCandidateForSegmentVsPolygonWithUv	retained	Inferred	Retain reconstructed descriptive spelling; exact original spelling is not established.	src/GameZRecoil/zModel/gmod_const.c:4720
recoil:function:0x486290	0x486290	zClass_cls_di::BuildPickCandidatesForSegmentBatchVsPolygon	zClass_cls_di::BuildPickCandidatesForSegmentBatchVsPolygon	retained	Inferred	Retain reconstructed descriptive spelling; exact original spelling is not established.	src/GameZRecoil/zModel/gmod_const.c:4943
recoil:function:0x4869a0	0x4869a0	zClass_cls_di::BuildPickCandidatesForSegmentBatchVsPolygonWithDamageMaskUv	zClass_cls_di::BuildPickCandidatesForSegmentBatchVsPolygonWithDamageMaskUv	retained	Inferred	Retain physical/compiler projection label; no unique attached defining function body in the source inventory.	
recoil:function:0x487350	0x487350	zClass_cls_di::FilterRegionsAgainstPolygon	zClass_cls_di::FilterRegionsAgainstPolygon	retained	Inferred	Retain reconstructed descriptive spelling; exact original spelling is not established.	src/GameZRecoil/zModel/gmod_const.c:5388
recoil:function:0x487540	0x487540	zClass_cls_di::FilterRegionsAgainstPolygonWithDamageMaskUv	zClass_cls_di::FilterRegionsAgainstPolygonWithDamageMaskUv	retained	Inferred	Retain reconstructed descriptive spelling; exact original spelling is not established.	src/GameZRecoil/zModel/gmod_const.c:5484
recoil:function:0x487900	0x487900	zClass_cls_di::FilterRegionsAgainstMeshFaces	FilterRegionsAgainstMeshFaces	renamed	Inferred	Synchronize current defining source name; descriptive reconstruction, not recovered original spelling.	src/GameZRecoil/zModel/gmod_const.c:5605
recoil:function:0x4879c0	0x4879c0	zClass_cls_di::FilterRegionsAgainstHexahedronFaces	FilterRegionsAgainstHexahedronFaces	renamed	Inferred	Synchronize current defining source name; descriptive reconstruction, not recovered original spelling.	src/GameZRecoil/zModel/gmod_const.c:5642
recoil:function:0x487a30	0x487a30	zModel_Light::BuildActiveLightList	zModelLightPointInPolygonInitXZ	renamed	Inferred	Synchronize current defining source name; descriptive reconstruction, not recovered original spelling.	src/GameZRecoil/zModel/gmod_light.c:354
recoil:function:0x487c50	0x487c50	zModel_Light::EvaluateActiveLightsForSphereXZ	zModel_Light::PointInPolygonTestRadiusXZ	renamed	Inferred	Synchronize current defining source name; descriptive reconstruction, not recovered original spelling.	src/GameZRecoil/zModel/gmod_light.c:434
recoil:function:0x487f10	0x487f10	zModel_Light::SetActiveLights	zModel_Light::SetActiveLights	retained	Inferred	Retain reconstructed descriptive spelling; exact original spelling is not established.	src/GameZRecoil/zModel/gmod_light.c:553
recoil:function:0x488d60	0x488d60	zModel_Light::BuildLightWeights	zModelLightBuildLightWeights	renamed	Inferred	Synchronize current defining source name; descriptive reconstruction, not recovered original spelling.	src/GameZRecoil/zModel/gmod_light.c:960
recoil:function:0x4894f0	0x4894f0	zModel_Light::EvalDistanceWeight	zModel_Light::EvalDistanceWeight	retained	Inferred	Retain reconstructed descriptive spelling; exact original spelling is not established.	src/GameZRecoil/zModel/gmod_light.c:1208
recoil:function:0x489540	0x489540	zModel_Light::EvalSphereFogFade	zModel_Light::EvalSphereFogFade	retained	Inferred	Retain reconstructed descriptive spelling; exact original spelling is not established.	src/GameZRecoil/zModel/gmod_light.c:1229
recoil:function:0x4896d0	0x4896d0	zModel_Light::BuildAttr0DepthFade	zModel_Light::BuildAttr0DepthFade	retained	Inferred	Retain reconstructed descriptive spelling; exact original spelling is not established.	src/GameZRecoil/zModel/gmod_light.c:1288
recoil:function:0x489920	0x489920	zModel_Light::EvalBatchSphereFade	zModel_Light::EvalBatchSphereFade	retained	Inferred	Retain reconstructed descriptive spelling; exact original spelling is not established.	src/GameZRecoil/zModel/gmod_light.c:1389
recoil:function:0x489a90	0x489a90	zModel_Light::BuildAttr1Falloff	zModel_Light::BuildAttr1Falloff	retained	Inferred	Retain reconstructed descriptive spelling; exact original spelling is not established.	src/GameZRecoil/zModel/gmod_light.c:1443
recoil:function:0x489d00	0x489d00	zNetwork::InitSessionRuntime	zNetwork::InitSessionRuntime	retained	Inferred	Retain reconstructed descriptive spelling; exact original spelling is not established.	src/GameZRecoil/zNetwork/znet_dplay.cpp:361
recoil:function:0x489e10	0x489e10	zNetwork::ShutdownSessionRuntime	zNetwork::ShutdownSessionRuntime	retained	Inferred	Retain reconstructed descriptive spelling; exact original spelling is not established.	src/GameZRecoil/zNetwork/znet_dplay.cpp:408
recoil:function:0x489f30	0x489f30	zNetwork::ClearEnumeratedSessionList	zNetwork::ClearEnumeratedSessionList	retained	Inferred	Retain reconstructed descriptive spelling; exact original spelling is not established.	src/GameZRecoil/zNetwork/znet_dplay.cpp:459
recoil:function:0x489f70	0x489f70	zNetwork::GetLocalPlayerKey	zNetworkGetLocalPlayerKey	renamed	Inferred	Synchronize current defining source name; descriptive reconstruction, not recovered original spelling.	src/GameZRecoil/zNetwork/znet_dplay.cpp:484
recoil:function:0x489f80	0x489f80	zNetwork::IsHost	zNetwork::IsHost	retained	Inferred	Retain reconstructed descriptive spelling; exact original spelling is not established.	src/GameZRecoil/zNetwork/znet_dplay.cpp:497
recoil:function:0x489f90	0x489f90	zNetwork::SetFatalDisconnectCallback	zNetwork::SetFatalDisconnectCallback	retained	Inferred	Retain reconstructed descriptive spelling; exact original spelling is not established.	src/GameZRecoil/zNetwork/znet_dplay.cpp:507
recoil:function:0x489fa0	0x489fa0	zNetwork::ClearServiceProviderList	zNetwork::ClearServiceProviderList	retained	Inferred	Retain reconstructed descriptive spelling; exact original spelling is not established.	src/GameZRecoil/zNetwork/znet_dplay.cpp:519
recoil:function:0x48a030	0x48a030	zNetwork::ClearPlayerRecordList	zNetwork::ClearPlayerRecordList	retained	Inferred	Retain reconstructed descriptive spelling; exact original spelling is not established.	src/GameZRecoil/zNetwork/znet_dplay.cpp:543
recoil:function:0x48a0d0	0x48a0d0	zNetwork_DPlay::RefreshServiceProviderList	zNetwork_DPlay::RefreshServiceProviderList	retained	Inferred	Retain reconstructed descriptive spelling; exact original spelling is not established.	src/GameZRecoil/zNetwork/znet_dplay.cpp:589
recoil:function:0x48a130	0x48a130	zNetworkDPlay::RefreshAndGetServiceProviderList	zNetworkDPlay::RefreshAndGetServiceProviderList	retained	Inferred	Retain reconstructed descriptive spelling; exact original spelling is not established.	src/GameZRecoil/zNetwork/znet_dplay.cpp:618
recoil:function:0x48a140	0x48a140	zNetworkDPlay::InitializeConnectionFromProviderInfo	zNetworkDPlay::InitializeConnectionFromProviderInfo	retained	Inferred	Retain reconstructed descriptive spelling; exact original spelling is not established.	src/GameZRecoil/zNetwork/znet_dplay.cpp:628
recoil:function:0x48a180	0x48a180	zNetworkDPlay::SelectServiceProviderAndInitConnection	zNetworkDPlay::SelectServiceProviderAndInitConnection	retained	Inferred	Retain reconstructed descriptive spelling; exact original spelling is not established.	src/GameZRecoil/zNetwork/znet_dplay.cpp:651
recoil:function:0x48a220	0x48a220	zNetwork_DPlay::EnumSessions	zNetwork_DPlay::EnumSessions	retained	Inferred	Retain reconstructed descriptive spelling; exact original spelling is not established.	src/GameZRecoil/zNetwork/znet_dplay.cpp:693
recoil:function:0x48a2c0	0x48a2c0	zNetworkDPlay::GetEnumeratedSessionNameByIndex	zNetworkDPlay::GetEnumeratedSessionNameByIndex	retained	Inferred	Retain reconstructed descriptive spelling; exact original spelling is not established.	src/GameZRecoil/zNetwork/znet_dplay.cpp:735
recoil:function:0x48a2e0	0x48a2e0	zNetworkDPlay::GetEnumeratedSessionPlayerCountsByIndex	zNetworkDPlay::GetEnumeratedSessionPlayerCountsByIndex	retained	Inferred	Retain reconstructed descriptive spelling; exact original spelling is not established.	src/GameZRecoil/zNetwork/znet_dplay.cpp:754
recoil:function:0x48a310	0x48a310	zNetwork_DPlay::EnumPlayers	zNetwork_DPlay::EnumPlayers	retained	Inferred	Retain reconstructed descriptive spelling; exact original spelling is not established.	src/GameZRecoil/zNetwork/znet_dplay.cpp:777
recoil:function:0x48a350	0x48a350	zNetworkDPlay::QueryCapsAndConfigureSendMode	zNetworkDPlay::QueryCapsAndConfigureSendMode	retained	Inferred	Retain reconstructed descriptive spelling; exact original spelling is not established.	src/GameZRecoil/zNetwork/znet_dplay.cpp:802
recoil:function:0x48a410	0x48a410	zNetwork_DPlay::CreateSessionFromStatusFields	zNetwork_DPlay::CreateSessionFromStatusFields	retained	Inferred	Retain reconstructed descriptive spelling; exact original spelling is not established.	src/GameZRecoil/zNetwork/znet_dplay.cpp:842
recoil:function:0x48a520	0x48a520	zNetworkDPlay::OpenSelectedSessionAndReadStatusFields	zNetworkDPlay::OpenSelectedSessionAndReadStatusFields	retained	Inferred	Retain reconstructed descriptive spelling; exact original spelling is not established.	src/GameZRecoil/zNetwork/znet_dplay.cpp:896
recoil:function:0x48a980	0x48a980	zNetwork_DPlay::DestroyCachedLocalPlayer	zNetworkDPlayDestroyCachedLocalPlayer	renamed	Inferred	Synchronize current defining source name; descriptive reconstruction, not recovered original spelling.	src/GameZRecoil/zNetwork/znet_dplay.cpp:1112
recoil:function:0x48a9c0	0x48a9c0	zNetwork_DPlay::CreateLocalPlayerRecordAndRegister	zNetwork_DPlay::CreateLocalPlayerRecordAndRegister	retained	Inferred	Retain reconstructed descriptive spelling; exact original spelling is not established.	src/GameZRecoil/zNetwork/znet_dplay.cpp:1135
recoil:function:0x48acf0	0x48acf0	zNetworkDPlay::SendUnreliable	zNetworkDPlaySendUnreliable	renamed	Inferred	Synchronize current defining source name; descriptive reconstruction, not recovered original spelling.	src/GameZRecoil/zNetwork/znet_dplay.cpp:1272
recoil:function:0x48ad30	0x48ad30	zNetworkDPlay::SendReliable	zNetworkDPlaySendReliable	renamed	Inferred	Synchronize current defining source name; descriptive reconstruction, not recovered original spelling.	src/GameZRecoil/zNetwork/znet_dplay.cpp:1298
recoil:function:0x48ad70	0x48ad70	zNetworkDPlay::SendExUnreliableTracked	zNetworkDPlaySendExUnreliableTracked	renamed	Inferred	Synchronize current defining source name; descriptive reconstruction, not recovered original spelling.	src/GameZRecoil/zNetwork/znet_dplay.cpp:1323
recoil:function:0x48ae10	0x48ae10	zNetworkDPlay::SendExReliable	zNetworkDPlaySendExReliable	renamed	Inferred	Synchronize current defining source name; descriptive reconstruction, not recovered original spelling.	src/GameZRecoil/zNetwork/znet_dplay.cpp:1361
recoil:function:0x48ae70	0x48ae70	zNetworkDPlay::ReceivePendingMessages	zNetworkDPlay::ReceivePendingMessages	retained	Inferred	Retain reconstructed descriptive spelling; exact original spelling is not established.	src/GameZRecoil/zNetwork/znet_dplay.cpp:1391
recoil:function:0x48afa0	0x48afa0	zNetwork::GetPlayerNameByKey	zNetwork::GetPlayerNameByKey	retained	Inferred	Retain reconstructed descriptive spelling; exact original spelling is not established.	src/GameZRecoil/zNetwork/znet_dplay.cpp:1467
recoil:function:0x48afe0	0x48afe0	zNetworkDPlay::PumpIncomingMessages	zNetworkDPlay::PumpIncomingMessages	retained	Inferred	Retain reconstructed descriptive spelling; exact original spelling is not established.	src/GameZRecoil/zNetwork/znet_dplay.cpp:1489
recoil:function:0x48b3a0	0x48b3a0	zNetworkDPlay::EnumConnectionsCallback_AddServiceProviderInfo	zNetworkDPlay::EnumConnectionsCallbackAddServiceProviderInfo	renamed	Inferred	Synchronize current defining source name; descriptive reconstruction, not recovered original spelling.	src/GameZRecoil/zNetwork/znet_dplay.cpp:1615
recoil:function:0x48b5e0	0x48b5e0	zNetworkDPlay::EnumSessionCallback_AddSessionDescCache	zNetworkDPlay::EnumSessionCallbackAddSessionDescCache	renamed	Inferred	Synchronize current defining source name; descriptive reconstruction, not recovered original spelling.	src/GameZRecoil/zNetwork/znet_dplay.cpp:1641
recoil:function:0x48b660	0x48b660	zNetworkDPlay::EnumPlayerCallback_AddPlayerRecord	zNetworkDPlay::EnumPlayerCallbackAddPlayerRecord	renamed	Inferred	Synchronize current defining source name; descriptive reconstruction, not recovered original spelling.	src/GameZRecoil/zNetwork/znet_dplay.cpp:1664
recoil:function:0x48b730	0x48b730	zNetwork_DPlay::CreateInterfaceAndCoInitialize	zNetwork_DPlay::CreateInterfaceAndCoInitialize	retained	Inferred	Retain reconstructed descriptive spelling; exact original spelling is not established.	src/GameZRecoil/zNetwork/znet_dplay.cpp:1707
recoil:function:0x48b7f0	0x48b7f0	zNetwork_DPlay::CloseReleaseAndCoUninitialize	zNetwork_DPlay::CloseReleaseAndCoUninitialize	retained	Inferred	Retain reconstructed descriptive spelling; exact original spelling is not established.	src/GameZRecoil/zNetwork/znet_dplay.cpp:1763
recoil:function:0x48b820	0x48b820	zNetwork::ApplyPlayerColorAssignmentsPacket	zNetworkApplyPkt01PlayerColorAssignments	renamed	Inferred	Synchronize current defining source name; descriptive reconstruction, not recovered original spelling.	src/GameZRecoil/zNetwork/znet_dplay.cpp:1786
recoil:function:0x48b860	0x48b860	zNetwork::HostSendPlayerColorAssignmentsPacket	zNetwork::HostSendPlayerColorAssignmentsPacket	retained	Inferred	Retain reconstructed descriptive spelling; exact original spelling is not established.	src/GameZRecoil/zNetwork/znet_dplay.cpp:1810
recoil:function:0x48b940	0x48b940	zNetwork::AllocFreePlayerColorIndex	zNetwork::AllocFreePlayerColorIndex	retained	Inferred	Retain reconstructed descriptive spelling; exact original spelling is not established.	src/GameZRecoil/zNetwork/znet_dplay.cpp:1856
recoil:function:0x48b980	0x48b980	zNetwork::GetLocalPlayerColorIndex	zNetworkGetLocalPlayerColorIndex	renamed	Inferred	Synchronize current defining source name; descriptive reconstruction, not recovered original spelling.	src/GameZRecoil/zNetwork/znet_dplay.cpp:1877
recoil:function:0x48b9a0	0x48b9a0	zNetwork::GetPlayerColorIndexByKey	zNetworkGetPlayerColorIndexByKey	renamed	Inferred	Synchronize current defining source name; descriptive reconstruction, not recovered original spelling.	src/GameZRecoil/zNetwork/znet_dplay.cpp:1894
recoil:function:0x48b9d0	0x48b9d0	zNetwork::GetPlayerRecordCount	zNetworkGetPlayerRecordCount	renamed	Inferred	Synchronize current defining source name; descriptive reconstruction, not recovered original spelling.	src/GameZRecoil/zNetwork/znet_dplay.cpp:1919
recoil:function:0x48b9e0	0x48b9e0	zNetwork::RemovePlayerRecordByKey	zNetwork::RemovePlayerRecordByKey	retained	Inferred	Retain reconstructed descriptive spelling; exact original spelling is not established.	src/GameZRecoil/zNetwork/znet_dplay.cpp:1929
recoil:function:0x48ba60	0x48ba60	zNetwork::FindPlayerRecordByKey	zNetworkFindPlayerRecordByKey	renamed	Inferred	Synchronize current defining source name; descriptive reconstruction, not recovered original spelling.	src/GameZRecoil/zNetwork/znet_dplay.cpp:1967
recoil:function:0x48bab0	0x48bab0	zNetwork::ExtractStatusFieldsFromSessionDesc	zNetworkExtractStatusFieldsFromSessionDesc	renamed	Inferred	Synchronize current defining source name; descriptive reconstruction, not recovered original spelling.	src/GameZRecoil/zNetwork/znet_dplay.cpp:1988
recoil:function:0x48bb20	0x48bb20	zNetwork::ApplyStatusFieldsToSessionDesc	zNetworkApplyStatusFieldsToSessionDesc	renamed	Inferred	Synchronize current defining source name; descriptive reconstruction, not recovered original spelling.	src/GameZRecoil/zNetwork/znet_dplay.cpp:2011
recoil:function:0x48bbe0	0x48bbe0	zNetworkDPlay::SelectTcpIpProviderAndEnumSessions	zNetworkDPlay::SelectTcpIpProviderAndEnumSessions	retained	Inferred	Retain reconstructed descriptive spelling; exact original spelling is not established.	src/GameZRecoil/zNetwork/znet_dplay.cpp:2050
recoil:function:0x48be10	0x48be10	zNetworkDPlay::CreateLobby3AInterface	zNetworkDPlay::CreateLobby3AInterface	retained	Inferred	Retain reconstructed descriptive spelling; exact original spelling is not established.	src/GameZRecoil/zNetwork/znet_dplay.cpp:2101
recoil:function:0x48be70	0x48be70	zNetworkDPlay::EnumSessionsForCurrentApp	zNetworkDPlay::EnumSessionsForCurrentApp	retained	Inferred	Retain reconstructed descriptive spelling; exact original spelling is not established.	src/GameZRecoil/zNetwork/znet_dplay.cpp:2127
recoil:function:0x48bee0	0x48bee0	zNetworkDPlay::FreeServiceProviderInfoBuffers	zNetworkDPlayServiceProviderInfo::~zNetworkDPlayServiceProviderInfo	renamed	Inferred	Synchronize current defining source name; descriptive reconstruction, not recovered original spelling.	src/GameZRecoil/zNetwork/znet_dplay.cpp:2159
recoil:function:0x48bf40	0x48bf40	zNetwork::DeleteAllDispatchHandlers	zNetwork::DeleteAllDispatchHandlers	retained	Inferred	Retain reconstructed descriptive spelling; exact original spelling is not established.	src/GameZRecoil/zNetwork/znet_dplay.cpp:2196
recoil:function:0x48bfa0	0x48bfa0	zNetwork::InitMessageHandlers	zNetwork::InitMessageHandlers	retained	Inferred	Retain physical/compiler projection label; no unique attached defining function body in the source inventory.	
recoil:function:0x48bfb0	0x48bfb0	zNetwork::CreateEmptyDispatchHandlerList	zNetwork::CreateEmptyDispatchHandlerList	retained	Inferred	Retain physical/compiler projection label; no unique attached defining function body in the source inventory.	
recoil:function:0x48bfe0	0x48bfe0	zNetwork::RegisterDispatchHandlerListShutdown	zNetwork::RegisterDispatchHandlerListShutdown	retained	Inferred	Retain physical/compiler projection label; no unique attached defining function body in the source inventory.	
recoil:function:0x48bff0	0x48bff0	zNetwork::DestroyDispatchHandlerList	zNetwork::DestroyDispatchHandlerList	retained	Inferred	Retain physical/compiler projection label; no unique attached defining function body in the source inventory.	
recoil:function:0x48c060	0x48c060	zNetwork::SendPacketUnreliable	zNetworkSendPacketUnreliable	renamed	Inferred	Synchronize current defining source name; descriptive reconstruction, not recovered original spelling.	src/GameZRecoil/zNetwork/znet_dplay.cpp:2226
recoil:function:0x48c080	0x48c080	zNetwork::SendPacketReliable	zNetworkSendPacketReliable	renamed	Inferred	Synchronize current defining source name; descriptive reconstruction, not recovered original spelling.	src/GameZRecoil/zNetwork/znet_dplay.cpp:2243
recoil:function:0x48c0a0	0x48c0a0	zNetwork::RegisterPacketHandler	zNetwork::RegisterPacketHandler	retained	Inferred	Retain reconstructed descriptive spelling; exact original spelling is not established.	src/GameZRecoil/zNetwork/znet_dplay.cpp:2261
recoil:function:0x48c120	0x48c120	zNetwork::UnregisterPacketHandler	zNetwork::UnregisterPacketHandler	retained	Inferred	Retain reconstructed descriptive spelling; exact original spelling is not established.	src/GameZRecoil/zNetwork/znet_dplay.cpp:2285
recoil:function:0x48c200	0x48c200	zNetwork_DPlay::DispatchPacketToHandlers	zNetwork_DPlay::DispatchPacketToHandlers	retained	Inferred	Retain reconstructed descriptive spelling; exact original spelling is not established.	src/GameZRecoil/zNetwork/znet_dplay.cpp:2333
recoil:function:0x48c250	0x48c250	zNetwork_DPlay::ReportError	zNetworkDPlayReportError	renamed	Inferred	Synchronize current defining source name; descriptive reconstruction, not recovered original spelling.	src/GameZRecoil/zNetwork/znet_dplay.cpp:2359
recoil:function:0x48c7d0	0x48c7d0	zUtil::ZRDR_PreallocNodePool	zUtil::zRdrInitNodePool	renamed	Inferred	Synchronize current defining source name; descriptive reconstruction, not recovered original spelling.	src/GameZRecoil/zReader/zreader.cpp:56
recoil:function:0x48c800	0x48c800	zUtil_ZRDR::GrowFreePool	zRdrGrowNodePool	renamed	Inferred	Synchronize current defining source name; descriptive reconstruction, not recovered original spelling.	src/GameZRecoil/zReader/zreader.cpp:79
recoil:function:0x48c820	0x48c820	zUtil_ZRDR::PushFreeNode	zRdrFreeNode	renamed	Inferred	Synchronize current defining source name; descriptive reconstruction, not recovered original spelling.	src/GameZRecoil/zReader/zreader.cpp:91
recoil:function:0x48c890	0x48c890	zUtil_ZRDR::FreeNodePool	zRdrFreeNodePool	renamed	Inferred	Synchronize current defining source name; descriptive reconstruction, not recovered original spelling.	src/GameZRecoil/zReader/zreader.cpp:122
recoil:function:0x48c8e0	0x48c8e0	zUtil_ZRDR::PopFreeNode	zUtil_ZRDR_AllocNode	renamed	Inferred	Synchronize current defining source name; descriptive reconstruction, not recovered original spelling.	src/GameZRecoil/zReader/zreader.cpp:143
recoil:function:0x48c950	0x48c950	zArchiveList::CreateEmpty	zArchiveListNew	renamed	Inferred	Synchronize current defining source name; descriptive reconstruction, not recovered original spelling.	src/GameZRecoil/zReader/zreader.cpp:174
recoil:function:0x48c970	0x48c970	zArchiveList::Destroy	zArchiveListFree	renamed	Inferred	Synchronize current defining source name; descriptive reconstruction, not recovered original spelling.	src/GameZRecoil/zReader/zreader.cpp:192
recoil:function:0x48c9a0	0x48c9a0	zArchiveList::LinkNodeBetween	zArchiveListLink	renamed	Inferred	Synchronize current defining source name; descriptive reconstruction, not recovered original spelling.	src/GameZRecoil/zReader/zreader.cpp:213
recoil:function:0x48c9c0	0x48c9c0	zArchiveList::PushFrontPayload	zArchiveListAddHead	renamed	Inferred	Synchronize current defining source name; descriptive reconstruction, not recovered original spelling.	src/GameZRecoil/zReader/zreader.cpp:232
recoil:function:0x48ca10	0x48ca10	zUtil_ZRDR::AllocNodeWithPayload	zArchiveListAllocNode	renamed	Inferred	Synchronize current defining source name; descriptive reconstruction, not recovered original spelling.	src/GameZRecoil/zReader/zreader.cpp:263
recoil:function:0x48ca30	0x48ca30	zArchiveList::PushBackPayload	zArchiveListAddTail	renamed	Inferred	Synchronize current defining source name; descriptive reconstruction, not recovered original spelling.	src/GameZRecoil/zReader/zreader.cpp:279
recoil:function:0x48ca70	0x48ca70	zArchiveList::RemovePayload	zArchiveListRemove	renamed	Inferred	Synchronize current defining source name; descriptive reconstruction, not recovered original spelling.	src/GameZRecoil/zReader/zreader.cpp:308
recoil:function:0x48cae0	0x48cae0	zArchiveList::FreeNode	zArchiveListFreeNode	renamed	Inferred	Synchronize current defining source name; descriptive reconstruction, not recovered original spelling.	src/GameZRecoil/zReader/zreader.cpp:351
recoil:function:0x48cb00	0x48cb00	zArchiveList::FindNodeByPayload	zArchiveListFindNode	renamed	Inferred	Synchronize current defining source name; descriptive reconstruction, not recovered original spelling.	src/GameZRecoil/zReader/zreader.cpp:369
recoil:function:0x48cb30	0x48cb30	zArchiveList::GetAt	zArchiveListGet	renamed	Inferred	Synchronize current defining source name; descriptive reconstruction, not recovered original spelling.	src/GameZRecoil/zReader/zreader.cpp:394
recoil:function:0x48cb70	0x48cb70	zArchiveList::PopFrontPayload	zArchiveListRemoveHead	renamed	Inferred	Synchronize current defining source name; descriptive reconstruction, not recovered original spelling.	src/GameZRecoil/zReader/zreader.cpp:426
recoil:function:0x48cbd0	0x48cbd0	zArchiveList::FindPayloadByPredicate	zArchiveListFindCompare	renamed	Inferred	Synchronize current defining source name; descriptive reconstruction, not recovered original spelling.	src/GameZRecoil/zReader/zreader.cpp:455
recoil:function:0x48cc20	0x48cc20	zArchiveList::FindPayloadByValue	zArchiveListFindKey	renamed	Inferred	Synchronize current defining source name; descriptive reconstruction, not recovered original spelling.	src/GameZRecoil/zReader/zreader.cpp:481
recoil:function:0x48cc50	0x48cc50	zArchiveList::FindPayloadByPredicateThunk	zArchiveListFind	renamed	Inferred	Synchronize current defining source name; descriptive reconstruction, not recovered original spelling.	src/GameZRecoil/zReader/zreader.cpp:508
recoil:function:0x48cc60	0x48cc60	zArchiveList::GetCount	zUtil::zArchiveListCount	renamed	Inferred	Synchronize current defining source name; descriptive reconstruction, not recovered original spelling.	src/GameZRecoil/zReader/zreader.cpp:524
recoil:function:0x48cc70	0x48cc70	zUtil::ZRDR_Init	zRdrInit	renamed	Inferred	Synchronize current defining source name; descriptive reconstruction, not recovered original spelling.	src/GameZRecoil/zReader/zreader.cpp:543
recoil:function:0x48cca0	0x48cca0	zUtil_ZRDR::SetSearchPath	zRdrSetPath	renamed	Inferred	Synchronize current defining source name; descriptive reconstruction, not recovered original spelling.	src/GameZRecoil/zReader/zreader.cpp:564
recoil:function:0x48cce0	0x48cce0	zUtil_ZRDR::AppendSearchPath	zRdrAddPath	renamed	Inferred	Synchronize current defining source name; descriptive reconstruction, not recovered original spelling.	src/GameZRecoil/zReader/zreader.cpp:585
recoil:function:0x48cd10	0x48cd10	zUtil_ZRDR::Shutdown	zReader::zRdrExit	renamed	Inferred	Synchronize current defining source name; descriptive reconstruction, not recovered original spelling.	src/GameZRecoil/zReader/zreader.cpp:605
recoil:function:0x48cd40	0x48cd40	zReader::TryResolvePath	zReader::FindFile	renamed	Inferred	Synchronize current defining source name; descriptive reconstruction, not recovered original spelling.	src/GameZRecoil/zReader/zreader.cpp:621
recoil:function:0x48cda0	0x48cda0	zReader::AllocateNode	zReader::zRdrAllocNode	renamed	Inferred	Synchronize current defining source name; descriptive reconstruction, not recovered original spelling.	src/GameZRecoil/zReader/zreader.cpp:654
recoil:function:0x48cdc0	0x48cdc0	zReader::LoadNodeFromPath	zReader::Load	renamed	Inferred	Synchronize current defining source name; descriptive reconstruction, not recovered original spelling.	src/GameZRecoil/zReader/zreader.cpp:670
recoil:function:0x48ce40	0x48ce40	zReader::FreeLoadedTree	Free	renamed	Inferred	Synchronize current defining source name; descriptive reconstruction, not recovered original spelling.	src/GameZRecoil/zReader/zreader.cpp:698
recoil:function:0x48ce60	0x48ce60	zReader::FreeNodeRecursive	zRdrFreeContents	renamed	Inferred	Synchronize current defining source name; descriptive reconstruction, not recovered original spelling.	src/GameZRecoil/zReader/zreader.cpp:718
recoil:function:0x48cec0	0x48cec0	zReader::FindChildRecursive	zRdrFindNode	renamed	Inferred	Synchronize current defining source name; descriptive reconstruction, not recovered original spelling.	src/GameZRecoil/zReader/zreader.cpp:745
recoil:function:0x48cf70	0x48cf70	zReader::GetNamedNode	zReader::zRdrGetNode	renamed	Inferred	Synchronize current defining source name; descriptive reconstruction, not recovered original spelling.	src/GameZRecoil/zReader/zreader.cpp:787
recoil:function:0x48cf80	0x48cf80	zReader::ReadNamedString	zReader::GetString	renamed	Inferred	Synchronize current defining source name; descriptive reconstruction, not recovered original spelling.	src/GameZRecoil/zReader/zreader.cpp:804
recoil:function:0x48cfb0	0x48cfb0	zReader::ReadNamedFloat	zReader::GetFloat	renamed	Inferred	Synchronize current defining source name; descriptive reconstruction, not recovered original spelling.	src/GameZRecoil/zReader/zreader.cpp:837
recoil:function:0x48d030	0x48d030	zReader::ReadNamedInt	GetInt	renamed	Inferred	Synchronize current defining source name; descriptive reconstruction, not recovered original spelling.	src/GameZRecoil/zReader/zreader.cpp:888
recoil:function:0x48d080	0x48d080	zReader::ReadNode	zRdrRead	renamed	Recoil-confirmed leaf; inferred scope	Retail diagnostic at 0x4e2140 establishes leaf zRdrRead; existing source scope is retained.	src/GameZRecoil/zReader/zreader.cpp:921
recoil:function:0x48d1c0	0x48d1c0	zReader::OpenFileFromMountedArchives	zArchive::zRdrOpenFile	renamed	Inferred	Synchronize current defining source name; descriptive reconstruction, not recovered original spelling.	src/GameZRecoil/zReader/zreader.cpp:988
recoil:function:0x48d210	0x48d210	zArchive::MountIndexArchive	Mount	renamed	Inferred	Synchronize current defining source name; descriptive reconstruction, not recovered original spelling.	src/GameZRecoil/zReader/zreader.cpp:1017
recoil:function:0x48d2c0	0x48d2c0	zUtil_ZRDR::UnloadMountedArchives	zRdrUnmount	renamed	Inferred	Synchronize current defining source name; descriptive reconstruction, not recovered original spelling.	src/GameZRecoil/zReader/zreader.cpp:1044
recoil:function:0x48d340	0x48d340	zVid::Noise_InitBuffers	zVid::NoiseInitBuffers	renamed	Inferred	Synchronize current defining source name; descriptive reconstruction, not recovered original spelling.	src/GameZRecoil/zRender/zrndr_draw.c:2980
recoil:function:0x48d3e0	0x48d3e0	zVid::Noise_ShutdownBuffers	zVid::NoiseShutdownBuffers	renamed	Inferred	Synchronize current defining source name; descriptive reconstruction, not recovered original spelling.	src/GameZRecoil/zRender/zrndr_draw.c:3011
recoil:function:0x48d420	0x48d420	zVideo::Fx_SetSurfaceState	zVideo::FxSetSurfaceState	renamed	Inferred	Synchronize current defining source name; descriptive reconstruction, not recovered original spelling.	src/GameZRecoil/zRender/zrndr_draw.c:3032
recoil:function:0x48d450	0x48d450	zRndr::OverlayBlendRow555_Scalar	zRndr::OverlayBlendRow555Scalar	renamed	Inferred	Synchronize current defining source name; descriptive reconstruction, not recovered original spelling.	src/GameZRecoil/zRender/zrndr_draw.c:3059
recoil:function:0x48d4b0	0x48d4b0	zRndr::OverlayBlendRow565_Scalar	zRndr::OverlayBlendRow565Scalar	renamed	Inferred	Synchronize current defining source name; descriptive reconstruction, not recovered original spelling.	src/GameZRecoil/zRender/zrndr_draw.c:3091
recoil:function:0x48d510	0x48d510	zRndr::OverlayBlendRow555_Mmx	zRndr::OverlayBlendRow555Mmx	renamed	Inferred	Synchronize renamed source identifier within existing physical/compiler projection label.	
recoil:function:0x48d5f0	0x48d5f0	zRndr::OverlayBlendRow565_Mmx	zRndr::OverlayBlendRow565Mmx	renamed	Inferred	Synchronize renamed source identifier within existing physical/compiler projection label.	
recoil:function:0x48d6d0	0x48d6d0	zRndr_OverlayRect::Submit	zRndrOverlayRectSubmit	renamed	Inferred	Synchronize current defining source name; descriptive reconstruction, not recovered original spelling.	src/GameZRecoil/zRender/zrndr_draw.c:3720
recoil:function:0x48d7a0	0x48d7a0	zRndr_OverlayRect::FlushSw	zRndrOverlayRectFlushSw	renamed	Inferred	Synchronize current defining source name; descriptive reconstruction, not recovered original spelling.	src/GameZRecoil/zRender/zrndr_draw.c:3767
recoil:function:0x48d910	0x48d910	zVid::DrawNoiseRect	zVid::DrawNoiseRect	retained	Inferred	Retain reconstructed descriptive spelling; exact original spelling is not established.	src/GameZRecoil/zRender/zrndr_draw.c:3828
recoil:function:0x48da60	0x48da60	zVideo::FxPass3_CopySurfacePixelToScratchClipped	zVideo::FxPass3CopySurfacePixelToScratchClipped	renamed	Inferred	Synchronize current defining source name; descriptive reconstruction, not recovered original spelling.	src/GameZRecoil/zRender/zrndr_draw.c:3895
recoil:function:0x48daf0	0x48daf0	zVideo::FxPass3_ApplyToCurrentSurface	zVideo::FxPass3ApplyToCurrentSurface	renamed	Inferred	Synchronize current defining source name; descriptive reconstruction, not recovered original spelling.	src/GameZRecoil/zRender/zrndr_draw.c:3944
recoil:function:0x48e380	0x48e380	zVideo::buff_BlurRegionCombined	zVideo::buffBlurRegionCombined	renamed	Inferred	Synchronize current defining source name; descriptive reconstruction, not recovered original spelling.	src/GameZRecoil/zRender/zrndr_draw.c:4186
recoil:function:0x48e670	0x48e670	zVideo::buff_BlurRegionVertical	zVideo::buffBlurRegionVertical	renamed	Inferred	Synchronize current defining source name; descriptive reconstruction, not recovered original spelling.	src/GameZRecoil/zRender/zrndr_draw.c:4330
recoil:function:0x48e870	0x48e870	zVideo::buff_BlurRegionHorizontal	zVideo::buffBlurRegionHorizontal	renamed	Inferred	Synchronize current defining source name; descriptive reconstruction, not recovered original spelling.	src/GameZRecoil/zRender/zrndr_draw.c:4436
recoil:function:0x48ea00	0x48ea00	zVideo::buff_BlurRegionByMode	zVideo::buffBlurRegionByMode	renamed	Inferred	Synchronize current defining source name; descriptive reconstruction, not recovered original spelling.	src/GameZRecoil/zRender/zrndr_draw.c:4533
recoil:function:0x48ea20	0x48ea20	zVideo_FxSurface::ApplyBlueTintRect	zVideo_FxSurface::ApplyBlueTintRect	retained	Inferred	Retain reconstructed descriptive spelling; exact original spelling is not established.	src/GameZRecoil/zRender/zrndr_draw.c:4554
recoil:function:0x48eb80	0x48eb80	zVideo_FxSurface::ApplyGreenMaskRect	zVideo_FxSurface::ApplyGreenMaskRect	retained	Inferred	Retain reconstructed descriptive spelling; exact original spelling is not established.	src/GameZRecoil/zRender/zrndr_draw.c:4616
recoil:function:0x48ec90	0x48ec90	zVideo_FxSurface::DrawColoredLinesBatch	zVideo_FxSurface::DrawColoredLinesBatch	retained	Inferred	Retain reconstructed descriptive spelling; exact original spelling is not established.	src/GameZRecoil/zRender/zrndr_draw.c:4672
recoil:function:0x48ed60	0x48ed60	zVideo_FxSurface::DrawAlphaBlendedLine	zVideo_FxSurface::DrawAlphaBlendedLine	retained	Inferred	Retain reconstructed descriptive spelling; exact original spelling is not established.	src/GameZRecoil/zRender/zrndr_draw.c:4727
recoil:function:0x48f500	0x48f500	zVid_Image::BlitToActiveTarget	zVid_Image::BlitToActiveTarget	retained	Inferred	Retain reconstructed descriptive spelling; exact original spelling is not established.	src/GameZRecoil/zRender/zrndr_draw.c:5033
recoil:function:0x48f560	0x48f560	zVid_Image::BlitToFramebufferClipped	zVid_Image::BlitToFramebufferClipped	retained	Inferred	Retain reconstructed descriptive spelling; exact original spelling is not established.	src/GameZRecoil/zRender/zrndr_draw.c:5060
recoil:function:0x48fd80	0x48fd80	zRndr::InitGlobals	zRndr::InitGlobals	retained	Inferred	Retain reconstructed descriptive spelling; exact original spelling is not established.	src/GameZRecoil/zRender/zrndr_draw.c:5290
recoil:function:0x48ff60	0x48ff60	zVid::ShutdownFrameScratchBuffers	zVid::ShutdownFrameScratchBuffers	retained	Inferred	Retain reconstructed descriptive spelling; exact original spelling is not established.	src/GameZRecoil/zRender/zrndr_draw.c:5366
recoil:function:0x48ff70	0x48ff70	zVid::InitFrameScratchBuffers	zVid::InitFrameScratchBuffers	retained	Inferred	Retain reconstructed descriptive spelling; exact original spelling is not established.	src/GameZRecoil/zRender/zrndr_draw.c:5379
recoil:function:0x48ff80	0x48ff80	zRndr::SelectSpanRoutines	zRndr::SelectSpanRoutines	retained	Inferred	Retain reconstructed descriptive spelling; exact original spelling is not established.	src/GameZRecoil/zRender/zrndr_draw.c:5392
recoil:function:0x4902b0	0x4902b0	zVid_Image::CalcPow2ScratchFields	zVid_Image::CalcPow2ScratchFields	retained	Inferred	Retain reconstructed descriptive spelling; exact original spelling is not established.	src/GameZRecoil/zRender/zrndr_draw.c:5518
recoil:function:0x490330	0x490330	zFloat::Set255f	zFloat::Set255f	retained	Inferred	Retain reconstructed descriptive spelling; exact original spelling is not established.	src/GameZRecoil/zRender/zrndr_draw.c:5550
recoil:function:0x490340	0x490340	zRndr::SetFrameBufferRegion	zRndr::SetFrameBufferRegion	retained	Inferred	Retain reconstructed descriptive spelling; exact original spelling is not established.	src/GameZRecoil/zRender/zrndr_draw.c:5561
recoil:function:0x4903c0	0x4903c0	zRndr::SetActiveRegionSizeFromRect	zRndr::SetActiveRegionSizeFromRect	retained	Inferred	Retain reconstructed descriptive spelling; exact original spelling is not established.	src/GameZRecoil/zRender/zrndr_draw.c:5597
recoil:function:0x4903e0	0x4903e0	zRndr::SetVideoStrideMirrors	zRndr::SetVideoStrideMirrors	retained	Inferred	Retain reconstructed descriptive spelling; exact original spelling is not established.	src/GameZRecoil/zRender/zrndr_draw.c:5616
recoil:function:0x4903f0	0x4903f0	zRndr::GetActiveRegionState	zRndr::GetActiveRegionState	retained	Inferred	Retain reconstructed descriptive spelling; exact original spelling is not established.	src/GameZRecoil/zRender/zrndr_draw.c:5635
recoil:function:0x490430	0x490430	zRndr::SetPerspectiveTextureDeltaX	zRndr::SetPerspectiveTextureDeltaX	retained	Inferred	Retain reconstructed descriptive spelling; exact original spelling is not established.	src/GameZRecoil/zRender/zrndr_draw.c:5658
recoil:function:0x490480	0x490480	zRndr::SetPerspectiveAdaptiveSpanParams	zRndr::SetPerspectiveAdaptiveSpanParams	retained	Inferred	Retain reconstructed descriptive spelling; exact original spelling is not established.	src/GameZRecoil/zRender/zrndr_draw.c:5694
recoil:function:0x4904a0	0x4904a0	zRndr::SetPerspectiveTextureFarZ	zRndr::SetPerspectiveTextureFarZ	retained	Inferred	Retain reconstructed descriptive spelling; exact original spelling is not established.	src/GameZRecoil/zRender/zrndr_draw.c:5712
recoil:function:0x4904d0	0x4904d0	zRndr::SetPerspectiveAdaptiveCorrection	zRndr::SetPerspectiveAdaptiveCorrection	retained	Inferred	Retain reconstructed descriptive spelling; exact original spelling is not established.	src/GameZRecoil/zRender/zrndr_draw.c:5727
recoil:function:0x490520	0x490520	zRndr::SpanOcclusionInit	zRndr::SpanOcclusionInit	retained	Inferred	Retain reconstructed descriptive spelling; exact original spelling is not established.	src/GameZRecoil/zRender/zrndr_draw.c:5754
recoil:function:0x490590	0x490590	zRndr::SpanOcclusionBuildColumnHeadTable	zRndr::SpanOcclusionBuildColumnHeadTable	retained	Inferred	Retain reconstructed descriptive spelling; exact original spelling is not established.	src/GameZRecoil/zRender/zrndr_draw.c:5787
recoil:function:0x490600	0x490600	zRndr::SpanOcclusionResetFrame	zRndr::SpanOcclusionResetFrame	retained	Inferred	Retain reconstructed descriptive spelling; exact original spelling is not established.	src/GameZRecoil/zRender/zrndr_draw.c:5822
recoil:function:0x490610	0x490610	zRndr::SpanOcclusionSubmitOccluderRect	zRndr::SpanOcclusionSubmitOccluderRect	retained	Inferred	Retain reconstructed descriptive spelling; exact original spelling is not established.	src/GameZRecoil/zRender/zrndr_draw.c:5838
recoil:function:0x490710	0x490710	zRndr::SpanOcclusionAddPolygon	zRndr::SpanOcclusionAddPolygon	retained	Inferred	Retain reconstructed descriptive spelling; exact original spelling is not established.	src/GameZRecoil/zRender/zrndr_draw.c:5882
recoil:function:0x490780	0x490780	zRndr::SpanOcclusionShutdown	zRndr::SpanOcclusionShutdown	retained	Inferred	Retain reconstructed descriptive spelling; exact original spelling is not established.	src/GameZRecoil/zRender/zrndr_draw.c:5922
recoil:function:0x4907c0	0x4907c0	zRndr_SpanOcclusion::TestSpanDepthOrderPair	zRndrSpanOcclusionTestSpanDepthOrderPair	renamed	Inferred	Synchronize current defining source name; descriptive reconstruction, not recovered original spelling.	src/GameZRecoil/zRender/zrndr_draw.c:5949
recoil:function:0x490ae0	0x490ae0	zRndr_SpanOcclusion::InsertSpanNodeIntoColumn	zRndr_SpanOcclusion_InsertSpanNode_Local	renamed	Inferred	Synchronize current defining source name; descriptive reconstruction, not recovered original spelling.	src/GameZRecoil/zRender/zrndr_draw.c:6018
recoil:function:0x4912a0	0x4912a0	zRndr_SpanOcclusion::InsertSpanNodeNoDepthTest	zRndrSpanOcclusionInsertSpanNodeNoDepthTest	renamed	Inferred	Synchronize current defining source name; descriptive reconstruction, not recovered original spelling.	src/GameZRecoil/zRender/zrndr_draw.c:6243
recoil:function:0x491840	0x491840	zRndr_SpanOcclusion::BuildSpanList	zRndrSpanOcclusionBuildSpanList	renamed	Inferred	Synchronize current defining source name; descriptive reconstruction, not recovered original spelling.	src/GameZRecoil/zRender/zrndr_draw.c:6366
recoil:function:0x491da0	0x491da0	zRndr_SpanOcclusion::BuildSpanListFast	zRndrSpanOcclusionBuildSpanListFast	renamed	Inferred	Synchronize current defining source name; descriptive reconstruction, not recovered original spelling.	src/GameZRecoil/zRender/zrndr_draw.c:6541
recoil:function:0x491dd0	0x491dd0	zRndr_SpanOcclusion::TestColumnVisibility	zRndrSpanOcclusionTestColumnVisibility	renamed	Inferred	Synchronize current defining source name; descriptive reconstruction, not recovered original spelling.	src/GameZRecoil/zRender/zrndr_draw.c:6564
recoil:function:0x492000	0x492000	zRndr::RasterizePolyWithSpanList	zRndrRasterizePolyWithSpanList	renamed	Inferred	Synchronize current defining source name; descriptive reconstruction, not recovered original spelling.	src/GameZRecoil/zRender/zrndr_draw.c:6628
recoil:function:0x4927d0	0x4927d0	zRndr::SpanOcclusionRasterizeOccluderPoly	zRndr::SpanOcclusionRasterizeOccluderPoly	retained	Inferred	Retain reconstructed descriptive spelling; exact original spelling is not established.	src/GameZRecoil/zRender/zrndr_draw.c:6850
recoil:function:0x492f00	0x492f00	zRndr::DrawFlatImmediate	zRndrDrawFlatImmediate	renamed	Inferred	Synchronize current defining source name; descriptive reconstruction, not recovered original spelling.	src/GameZRecoil/zRender/zrndr_draw.c:7106
recoil:function:0x4936d0	0x4936d0	zRndr::RasterizePoly	zRndrRasterizePoly	renamed	Inferred	Synchronize current defining source name; descriptive reconstruction, not recovered original spelling.	src/GameZRecoil/zRender/zrndr_draw.c:7318
recoil:function:0x493df0	0x493df0	zRndr::DrawFlatQueued	zRndrDrawFlatQueued	renamed	Inferred	Synchronize current defining source name; descriptive reconstruction, not recovered original spelling.	src/GameZRecoil/zRender/zrndr_draw.c:7519
recoil:function:0x494af0	0x494af0	zRndr::DrawPolyTLV	RendererDrawPolyTLV	renamed	Inferred	Synchronize current defining source name; descriptive reconstruction, not recovered original spelling.	src/GameZRecoil/zRender/zrndr_draw.c:7908
recoil:function:0x495850	0x495850	zRndr::DrawTexturedQueued	zRndrDrawTexturedQueued	renamed	Inferred	Synchronize current defining source name; descriptive reconstruction, not recovered original spelling.	src/GameZRecoil/zRender/zrndr_draw.c:8311
recoil:function:0x4969d0	0x4969d0	zRndr::DrawTexturedQueuedAlpha	zRndrDrawTexturedQueuedAlpha	renamed	Inferred	Synchronize current defining source name; descriptive reconstruction, not recovered original spelling.	src/GameZRecoil/zRender/zrndr_draw.c:8917
recoil:function:0x497ac0	0x497ac0	zRndr::DrawTexturedFanTri	zRndrDrawTexturedFanTri	renamed	Inferred	Synchronize current defining source name; descriptive reconstruction, not recovered original spelling.	src/GameZRecoil/zRender/zrndr_draw.c:9406
recoil:function:0x498bd0	0x498bd0	zRndr::DrawImmediateLine	zRndrDrawImmediateLine	renamed	Inferred	Synchronize current defining source name; descriptive reconstruction, not recovered original spelling.	src/GameZRecoil/zRender/zrndr_draw.c:9900
recoil:function:0x498c00	0x498c00	zRndr::DrawClippedImmediateLineStrip	zRndrDrawClippedImmediateLineStrip	renamed	Inferred	Synchronize current defining source name; descriptive reconstruction, not recovered original spelling.	src/GameZRecoil/zRender/zrndr_draw.c:9918
recoil:function:0x498c40	0x498c40	zRndr_SpanOcclusion::TestPointVisibility	zRndrSpanOcclusionTestPointVisibility	renamed	Inferred	Synchronize current defining source name; descriptive reconstruction, not recovered original spelling.	src/GameZRecoil/zRender/zrndr_draw.c:9957
recoil:function:0x498cb0	0x498cb0	zRndr::LensFlare_DrawQueuedSample16_ClippedFramebuffer	zRndr::LensFlareDrawQueuedSample16ClippedFramebuffer	renamed	Inferred	Synchronize current defining source name; descriptive reconstruction, not recovered original spelling.	src/GameZRecoil/zRender/zrndr_draw.c:9977
recoil:function:0x498f90	0x498f90	zRndr_SpanOcclusion::TestSample	zRndrSpanOcclusionTestSample	renamed	Inferred	Synchronize current defining source name; descriptive reconstruction, not recovered original spelling.	src/GameZRecoil/zRender/zrndr_draw.c:10144
recoil:function:0x498fb0	0x498fb0	zRndr::DrawCircleOutline16Framebuffer	zRndrDrawCircleOutline16Framebuffer	renamed	Inferred	Synchronize current defining source name; descriptive reconstruction, not recovered original spelling.	src/GameZRecoil/zRender/zrndr_draw.c:10163
recoil:function:0x499020	0x499020	zRndr::DrawCircleOctants16Framebuffer	zRndrDrawCircleOctants16Framebuffer	renamed	Inferred	Synchronize current defining source name; descriptive reconstruction, not recovered original spelling.	src/GameZRecoil/zRender/zrndr_draw.c:10206
recoil:function:0x499130	0x499130	zRndr_TextureMip::SelectVariantImage	zRndrTextureMipSelectVariantImage	renamed	Inferred	Synchronize current defining source name; descriptive reconstruction, not recovered original spelling.	src/GameZRecoil/zRender/zrndr_draw.c:10267
recoil:function:0x4992b0	0x4992b0	zRndr::PlotPixel16	zRndrPlotPixel16	renamed	Inferred	Synchronize current defining source name; descriptive reconstruction, not recovered original spelling.	src/GameZRecoil/zRender/zrndr_draw.c:10328
recoil:function:0x4992d0	0x4992d0	zRndr::DrawLine16	zRndrDrawLine16	renamed	Inferred	Synchronize current defining source name; descriptive reconstruction, not recovered original spelling.	src/GameZRecoil/zRender/zrndr_draw.c:10343
recoil:function:0x4993a0	0x4993a0	zRndr::DrawLine16Segmented	zRndrDrawLine16Segmented	renamed	Inferred	Synchronize current defining source name; descriptive reconstruction, not recovered original spelling.	src/GameZRecoil/zRender/zrndr_draw.c:10407
recoil:function:0x499500	0x499500	zRndr::DrawLine16Clipped	zRndrDrawLine16Clipped	renamed	Inferred	Synchronize current defining source name; descriptive reconstruction, not recovered original spelling.	src/GameZRecoil/zRender/zrndr_draw.c:10495
recoil:function:0x4997d0	0x4997d0	zRndr::FillSpan16Opaque	zRndrFillSpan16Opaque	renamed	Inferred	Synchronize current defining source name; descriptive reconstruction, not recovered original spelling.	src/GameZRecoil/zRender/zrndr_draw.c:10640
recoil:function:0x499810	0x499810	zRndr::FillSpan555Solid	zRndrFillSpan555Solid	renamed	Inferred	Synchronize current defining source name; descriptive reconstruction, not recovered original spelling.	src/GameZRecoil/zRender/zrndr_draw.c:10663
recoil:function:0x4998a0	0x4998a0	zRndr::FillSpan565Solid	zRndrFillSpan565Solid	renamed	Inferred	Synchronize current defining source name; descriptive reconstruction, not recovered original spelling.	src/GameZRecoil/zRender/zrndr_draw.c:10702
recoil:function:0x499930	0x499930	zRndr::SetPaletteRemapKey	zRndrSetPaletteRemapKey	renamed	Inferred	Synchronize current defining source name; descriptive reconstruction, not recovered original spelling.	src/GameZRecoil/zRender/zrndr_draw.c:10740
recoil:function:0x499990	0x499990	zRndr::SetPaletteRemapKeyFromRgb01	zRndrSetPaletteRemapKeyFromRgb01	renamed	Inferred	Synchronize current defining source name; descriptive reconstruction, not recovered original spelling.	src/GameZRecoil/zRender/zrndr_draw.c:10769
recoil:function:0x499a00	0x499a00	zRndr::SetPaletteShadeRecipeIndex	zRndrSetPaletteShadeRecipeIndex	renamed	Inferred	Synchronize current defining source name; descriptive reconstruction, not recovered original spelling.	src/GameZRecoil/zRender/zrndr_draw.c:10799
recoil:function:0x499a20	0x499a20	zRndr::SubmitPolyWithSpanList	zRndrSubmitPolyWithSpanList	renamed	Inferred	Synchronize current defining source name; descriptive reconstruction, not recovered original spelling.	src/GameZRecoil/zRender/zrndr_draw.c:10817
recoil:function:0x499c40	0x499c40	zRndr::SubmitTexturedPolyUniformAlphaOrShade	zRndrSubmitTexturedPolyUniformAlphaOrShade	renamed	Inferred	Synchronize current defining source name; descriptive reconstruction, not recovered original spelling.	src/GameZRecoil/zRender/zrndr_draw.c:10898
recoil:function:0x499ec0	0x499ec0	zRndr::SubmitTexturedPolyPerVertexAlphaOrShade	zRndrSubmitTexturedPolyPerVertexAlphaOrShade	renamed	Inferred	Synchronize current defining source name; descriptive reconstruction, not recovered original spelling.	src/GameZRecoil/zRender/zrndr_draw.c:11003
recoil:function:0x49a2b0	0x49a2b0	zRndr::FlushTransparentQueue	zRndrFlushTransparentQueue	renamed	Inferred	Synchronize current defining source name; descriptive reconstruction, not recovered original spelling.	src/GameZRecoil/zRender/zrndr_draw.c:11161
recoil:function:0x49a490	0x49a490	zRndr::FlushOverwriteQueue	zRndrFlushOverwriteQueue	renamed	Inferred	Synchronize current defining source name; descriptive reconstruction, not recovered original spelling.	src/GameZRecoil/zRender/zrndr_draw.c:11258
recoil:function:0x49a830	0x49a830	zRndr_LensFlare::QueueProjectedSample	zRndrLensFlareQueueProjectedSample	renamed	Inferred	Synchronize current defining source name; descriptive reconstruction, not recovered original spelling.	src/GameZRecoil/zRender/zrndr_draw.c:11409
recoil:function:0x49a8b0	0x49a8b0	zRndr_LensFlare::GetQueuedSampleCount	zRndrLensFlareGetQueuedSampleCount	renamed	Inferred	Synchronize current defining source name; descriptive reconstruction, not recovered original spelling.	src/GameZRecoil/zRender/zrndr_draw.c:11438
recoil:function:0x49a8c0	0x49a8c0	zRndr::LensFlare_DrawQueuedSamplesScaled16_ClippedFramebuffer	zRndr::LensFlareDrawQueuedSamplesScaled16ClippedFramebuffer	renamed	Inferred	Synchronize current defining source name; descriptive reconstruction, not recovered original spelling.	src/GameZRecoil/zRender/zrndr_draw.c:11449
recoil:function:0x49a910	0x49a910	zRndr::LensFlare_ResetSampleQueue	zRndr::LensFlareResetSampleQueue	renamed	Inferred	Synchronize current defining source name; descriptive reconstruction, not recovered original spelling.	src/GameZRecoil/zRender/zrndr_draw.c:11476
recoil:function:0x49a920	0x49a920	zRndr_LensFlare::DrawQueuedSamples16AndBuildVisibleList	zRndrLensFlareDrawQueuedSamples16AndBuildVisibleList	renamed	Inferred	Synchronize current defining source name; descriptive reconstruction, not recovered original spelling.	src/GameZRecoil/zRender/zrndr_draw.c:11487
recoil:function:0x49a9c0	0x49a9c0	zRndr_LensFlare::BuildVisibleSampleListFromQueue	zRndrLensFlareBuildVisibleSampleListFromQueue	renamed	Inferred	Synchronize current defining source name; descriptive reconstruction, not recovered original spelling.	src/GameZRecoil/zRender/zrndr_draw.c:11526
recoil:function:0x49aa30	0x49aa30	zRndr_SpanOcclusion::FilterSampleList	zRndrSpanOcclusionFilterSampleList	renamed	Inferred	Synchronize current defining source name; descriptive reconstruction, not recovered original spelling.	src/GameZRecoil/zRender/zrndr_draw.c:11560
recoil:function:0x49aa40	0x49aa40	zRndr_LensFlare::SetVisibleSampleStage	zRndrLensFlareSetVisibleSampleStage	renamed	Inferred	Synchronize current defining source name; descriptive reconstruction, not recovered original spelling.	src/GameZRecoil/zRender/zrndr_draw.c:11574
recoil:function:0x49aa90	0x49aa90	zRndr_LensFlare::DrawSampleStageClipped	zRndrLensFlareDrawSampleStageClipped	renamed	Inferred	Synchronize current defining source name; descriptive reconstruction, not recovered original spelling.	src/GameZRecoil/zRender/zrndr_draw.c:11599
recoil:function:0x49afb0	0x49afb0	zRndr_LensFlare::DrawVisibleSample	zRndrLensFlareDrawVisibleSample	renamed	Inferred	Synchronize current defining source name; descriptive reconstruction, not recovered original spelling.	src/GameZRecoil/zRender/zrndr_draw.c:11762
recoil:function:0x49b020	0x49b020	zRndr_LensFlare::DrawVisibleSampleStages	zRndrLensFlareDrawVisibleSampleStages	renamed	Inferred	Synchronize current defining source name; descriptive reconstruction, not recovered original spelling.	src/GameZRecoil/zRender/zrndr_draw.c:11797
recoil:function:0x49b1a0	0x49b1a0	zRndr_LensFlare::DrawVisibleSamples	zRndrLensFlareDrawVisibleSamples	renamed	Inferred	Synchronize current defining source name; descriptive reconstruction, not recovered original spelling.	src/GameZRecoil/zRender/zrndr_draw.c:11855
recoil:function:0x49b1e0	0x49b1e0	zRndr::FogColor_SetRgb01Clamped	zRndr::FogColorSetRgb01Clamped	renamed	Inferred	Synchronize current defining source name; descriptive reconstruction, not recovered original spelling.	src/GameZRecoil/zRender/zrndr_draw.c:11873
recoil:function:0x49b350	0x49b350	zRndr::SetFogTargetColorRgb01Clamped	zRndr::SetFogTargetColorRgb01Clamped	retained	Inferred	Retain reconstructed descriptive spelling; exact original spelling is not established.	src/GameZRecoil/zRender/zrndr_draw.c:11926
recoil:function:0x49b4c0	0x49b4c0	zRndr::CommitDirectFogParamsIfChanged	zRndr::CommitDirectFogParamsIfChanged	retained	Inferred	Retain reconstructed descriptive spelling; exact original spelling is not established.	src/GameZRecoil/zRender/zrndr_draw.c:11979
recoil:function:0x49b530	0x49b530	zRndr::CommitFogColorParamsIfChanged	zRndr::CommitFogColorParamsIfChanged	retained	Inferred	Retain reconstructed descriptive spelling; exact original spelling is not established.	src/GameZRecoil/zRender/zrndr_draw.c:11994
recoil:function:0x49b5a0	0x49b5a0	zRndr_FogTargetColorStaged::SetRgb01Clamped	zRndrFogTargetColorStagedSetRgb01Clamped	renamed	Inferred	Synchronize current defining source name; descriptive reconstruction, not recovered original spelling.	src/GameZRecoil/zRender/zrndr_draw.c:12008
recoil:function:0x49b710	0x49b710	zRndr::CommitStagedFogParamsIfChanged	zRndr::CommitStagedFogParamsIfChanged	retained	Inferred	Retain reconstructed descriptive spelling; exact original spelling is not established.	src/GameZRecoil/zRender/zrndr_draw.c:12061
recoil:function:0x49b780	0x49b780	zRndr::BlendPackedColor565WithFogInPlace	zRndr::BlendPackedColor565WithFogInPlace	retained	Inferred	Retain reconstructed descriptive spelling; exact original spelling is not established.	src/GameZRecoil/zRender/zrndr_draw.c:12078
recoil:function:0x49b7e0	0x49b7e0	zRndr::SpanMasked16FromTex16SwitchVShift	zRndr::SpanMasked16FromTex16SwitchVShift	retained	Inferred	Retain physical/compiler projection label; no unique attached defining function body in the source inventory.	
recoil:function:0x49bbf0	0x49bbf0	zRndr::SpanMasked16FromPal8SwitchVShift	zRndr::SpanMasked16FromPal8SwitchVShift	retained	Inferred	Retain physical/compiler projection label; no unique attached defining function body in the source inventory.	
recoil:function:0x49c020	0x49c020	zRndr::SpanMasked16FromPal8To565	zRndr::SpanMasked16FromPal8To565	retained	Inferred	Retain reconstructed descriptive spelling; exact original spelling is not established.	src/GameZRecoil/zRender/zrndr_draw.c:13172
recoil:function:0x49c150	0x49c150	zRndr::SpanMasked16FromTex16To565	zRndr::SpanMasked16FromTex16To565	retained	Inferred	Retain reconstructed descriptive spelling; exact original spelling is not established.	src/GameZRecoil/zRender/zrndr_draw.c:13234
recoil:function:0x49c230	0x49c230	zRndr::SpanAlphaBlend565ConstAlphaFromPal8	zRndr::SpanAlphaBlend565ConstAlphaFromPal8	retained	Inferred	Retain reconstructed descriptive spelling; exact original spelling is not established.	src/GameZRecoil/zRender/zrndr_draw.c:13271
recoil:function:0x49c360	0x49c360	zRndr::SpanAlphaBlend565FromTex16Alpha8	zRndr::SpanAlphaBlend565FromTex16Alpha8	retained	Inferred	Retain reconstructed descriptive spelling; exact original spelling is not established.	src/GameZRecoil/zRender/zrndr_draw.c:13318
recoil:function:0x49c560	0x49c560	zRndr::SpanAlphaBlend555FromTex16Alpha8	zRndr::SpanAlphaBlend555FromTex16Alpha8	retained	Inferred	Retain reconstructed descriptive spelling; exact original spelling is not established.	src/GameZRecoil/zRender/zrndr_draw.c:13406
recoil:function:0x49c760	0x49c760	zRndr::SpanAlphaBlend565ConstAlphaFromTex16	zRndr::SpanAlphaBlend565ConstAlphaFromTex16	retained	Inferred	Retain reconstructed descriptive spelling; exact original spelling is not established.	src/GameZRecoil/zRender/zrndr_draw.c:13495
recoil:function:0x49c860	0x49c860	zRndr::SpanAlphaBlend555ConstAlphaFromTex16	zRndr::SpanAlphaBlend555ConstAlphaFromTex16	retained	Inferred	Retain reconstructed descriptive spelling; exact original spelling is not established.	src/GameZRecoil/zRender/zrndr_draw.c:13539
recoil:function:0x49c970	0x49c970	zRndr::SpanAlphaBlend565ConstAlphaFromTex16Alpha8	zRndr::SpanAlphaBlend565ConstAlphaFromTex16Alpha8	retained	Inferred	Retain reconstructed descriptive spelling; exact original spelling is not established.	src/GameZRecoil/zRender/zrndr_draw.c:13585
recoil:function:0x49ca90	0x49ca90	zRndr::SpanAlphaBlend555ConstAlphaFromTex16Alpha8	zRndr::SpanAlphaBlend555ConstAlphaFromTex16Alpha8	retained	Inferred	Retain reconstructed descriptive spelling; exact original spelling is not established.	src/GameZRecoil/zRender/zrndr_draw.c:13639
recoil:function:0x49cbb0	0x49cbb0	zRndr::SpanAlphaBlend565MmxFromTex16Alpha8	zRndr::SpanAlphaBlend565MmxFromTex16Alpha8	retained	Inferred	Retain reconstructed descriptive spelling; exact original spelling is not established.	src/GameZRecoil/zRender/zrndr_draw.c:13702
recoil:function:0x49cea0	0x49cea0	zRndr::SpanAlphaBlend555MmxFromTex16Alpha8	zRndr::SpanAlphaBlend555MmxFromTex16Alpha8	retained	Inferred	Retain reconstructed descriptive spelling; exact original spelling is not established.	src/GameZRecoil/zRender/zrndr_draw.c:13909
recoil:function:0x49d1a0	0x49d1a0	zRndr::SpanAlphaBlend565FromPal8Alpha8	zRndr::SpanAlphaBlend565FromPal8Alpha8	retained	Inferred	Retain reconstructed descriptive spelling; exact original spelling is not established.	src/GameZRecoil/zRender/zrndr_draw.c:14111
recoil:function:0x49d3b0	0x49d3b0	zRndr::SpanAlphaBlend555FromPal8Alpha8	zRndr::SpanAlphaBlend555FromPal8Alpha8	retained	Inferred	Retain reconstructed descriptive spelling; exact original spelling is not established.	src/GameZRecoil/zRender/zrndr_draw.c:14197
recoil:function:0x49d5c0	0x49d5c0	zRndr::SpanAlphaBlend565ConstAlphaFastFromPal8	zRndr::SpanAlphaBlend565ConstAlphaFastFromPal8	retained	Inferred	Retain reconstructed descriptive spelling; exact original spelling is not established.	src/GameZRecoil/zRender/zrndr_draw.c:14284
recoil:function:0x49d6e0	0x49d6e0	zRndr::SpanAlphaBlend555ConstAlphaFastFromPal8	zRndr::SpanAlphaBlend555ConstAlphaFastFromPal8	retained	Inferred	Retain reconstructed descriptive spelling; exact original spelling is not established.	src/GameZRecoil/zRender/zrndr_draw.c:14328
recoil:function:0x49d810	0x49d810	zRndr::SpanAlphaBlend565ConstAlphaFromPal8Alpha8	zRndr::SpanAlphaBlend565ConstAlphaFromPal8Alpha8	retained	Inferred	Retain reconstructed descriptive spelling; exact original spelling is not established.	src/GameZRecoil/zRender/zrndr_draw.c:14373
recoil:function:0x49d950	0x49d950	zRndr::SpanAlphaBlend555ConstAlphaFromPal8Alpha8	zRndr::SpanAlphaBlend555ConstAlphaFromPal8Alpha8	retained	Inferred	Retain reconstructed descriptive spelling; exact original spelling is not established.	src/GameZRecoil/zRender/zrndr_draw.c:14429
recoil:function:0x49da80	0x49da80	zRndr::SpanAlphaBlend565MmxFromPal8Alpha8	zRndr::SpanAlphaBlend565MmxFromPal8Alpha8	retained	Inferred	Retain reconstructed descriptive spelling; exact original spelling is not established.	src/GameZRecoil/zRender/zrndr_draw.c:14494
recoil:function:0x49ddb0	0x49ddb0	zRndr::SpanAlphaBlend555MmxFromPal8Alpha8	zRndr::SpanAlphaBlend555MmxFromPal8Alpha8	retained	Inferred	Retain reconstructed descriptive spelling; exact original spelling is not established.	src/GameZRecoil/zRender/zrndr_draw.c:14709
recoil:function:0x49e0e0	0x49e0e0	zRndr::FogTarget565_SetPackedColorAndRamp	zRndr::FogTarget565SetPackedColorAndRamp	renamed	Inferred	Synchronize current defining source name; descriptive reconstruction, not recovered original spelling.	src/GameZRecoil/zRender/zrndr_draw.c:14920
recoil:function:0x49e140	0x49e140	zRndr::SpanMmxSetPixelFormatMasks	zRndr::SpanMmxSetPixelFormatMasks	retained	Inferred	Retain reconstructed descriptive spelling; exact original spelling is not established.	src/GameZRecoil/zRender/zrndr_draw.c:14949
recoil:function:0x49e200	0x49e200	zRndr::FogBlendSpan565Scalar	zRndr::FogBlendSpan565Scalar	retained	Inferred	Retain reconstructed descriptive spelling; exact original spelling is not established.	src/GameZRecoil/zRender/zrndr_draw.c:14993
recoil:function:0x49e300	0x49e300	zRndr::FogBlendSpan555Scalar	zRndr::FogBlendSpan555Scalar	retained	Inferred	Retain reconstructed descriptive spelling; exact original spelling is not established.	src/GameZRecoil/zRender/zrndr_draw.c:15065
recoil:function:0x49e400	0x49e400	zRndr::FogBlendSpan565Mmx	zRndr::FogBlendSpan565Mmx	retained	Inferred	Retain reconstructed descriptive spelling; exact original spelling is not established.	src/GameZRecoil/zRender/zrndr_draw.c:15143
recoil:function:0x49e560	0x49e560	zRndr::FogBlendSpan555Mmx	zRndr::FogBlendSpan555Mmx	retained	Inferred	Retain reconstructed descriptive spelling; exact original spelling is not established.	src/GameZRecoil/zRender/zrndr_draw.c:15278
recoil:function:0x49e6c0	0x49e6c0	zRndr::SpanCopy16FromTex16SwitchVShift	zRndr::SpanCopy16FromTex16SwitchVShift	retained	Inferred	Retain physical/compiler projection label; no unique attached defining function body in the source inventory.	
recoil:function:0x49ea40	0x49ea40	zRndr::SpanMmxSetTexUvMasksAndVShift	zRndr::SpanMmxSetTexUvMasksAndVShift	retained	Inferred	Retain reconstructed descriptive spelling; exact original spelling is not established.	src/GameZRecoil/zRender/zrndr_draw.c:15835
recoil:function:0x49ea80	0x49ea80	zRndr::SpanCopy16FromTex16	zRndr::SpanCopy16FromTex16	retained	Inferred	Retain reconstructed descriptive spelling; exact original spelling is not established.	src/GameZRecoil/zRender/zrndr_draw.c:15863
recoil:function:0x49ec20	0x49ec20	zRndr::SpanCopy16FromTex16ExplicitVShift	zRndr::SpanCopy16FromTex16ExplicitVShift	retained	Inferred	Retain reconstructed descriptive spelling; exact original spelling is not established.	src/GameZRecoil/zRender/zrndr_draw.c:15980
recoil:function:0x49edc0	0x49edc0	zRndr::SpanCopy16FromPal8SwitchVShift	zRndr::SpanCopy16FromPal8SwitchVShift	retained	Inferred	Retain physical/compiler projection label; no unique attached defining function body in the source inventory.	
recoil:function:0x49f180	0x49f180	zRndr::SpanShade16FromPal8SwitchVShift	zRndr::SpanShade16FromPal8SwitchVShift	retained	Inferred	Retain physical/compiler projection label; no unique attached defining function body in the source inventory.	
recoil:function:0x49f620	0x49f620	zSnd::Tick	zSnd::Tick	retained	Inferred	Retain physical/compiler projection label; no unique attached defining function body in the source inventory.	
recoil:function:0x49f6d0	0x49f6d0	zSndSample::AcquirePlayHandleDispatch	zSndSample::AcquirePlayHandleDispatch	retained	Inferred	Retain reconstructed descriptive spelling; exact original spelling is not established.	src/GameZRecoil/zSound/zsnd_play.cpp:336
recoil:function:0x49f6f0	0x49f6f0	zSndSample::AcquireA3dVoice	zSndSample::AcquireA3dVoice	retained	Inferred	Retain reconstructed descriptive spelling; exact original spelling is not established.	src/GameZRecoil/zSound/zsnd_play.cpp:354
recoil:function:0x49f830	0x49f830	zSndSample::AcquireVoice	zSndSample::AcquireVoice	retained	Inferred	Retain reconstructed descriptive spelling; exact original spelling is not established.	src/GameZRecoil/zSound/zsnd_play.cpp:430
recoil:function:0x49f960	0x49f960	zSndSample::PlayA3DSimple	zSndSample::PlayA3DSimple	retained	Inferred	Retain reconstructed descriptive spelling; exact original spelling is not established.	src/GameZRecoil/zSound/zsnd_play.cpp:498
recoil:function:0x49f9a0	0x49f9a0	zSnd::GainScaleToDirectSoundAttenuation	zSnd::GainScaleToDirectSoundAttenuation	retained	Inferred	Retain reconstructed descriptive spelling; exact original spelling is not established.	src/GameZRecoil/zSound/zsnd_play.cpp:517
recoil:function:0x49fa00	0x49fa00	zSndSample_PlaySimple	zSndSamplePlaySimple	renamed	Inferred	Synchronize current defining source name; descriptive reconstruction, not recovered original spelling.	src/GameZRecoil/zSound/zsnd_play.cpp:540
recoil:function:0x49fa10	0x49fa10	zSndSample::PlayOnActiveBackend	zSndSample::PlayOnActiveBackend	retained	Inferred	Retain reconstructed descriptive spelling; exact original spelling is not established.	src/GameZRecoil/zSound/zsnd_play.cpp:551
recoil:function:0x49fa60	0x49fa60	zSndSample::PlayOnA3D	zSndSample::PlayOnA3D	retained	Inferred	Retain reconstructed descriptive spelling; exact original spelling is not established.	src/GameZRecoil/zSound/zsnd_play.cpp:579
recoil:function:0x49fbb0	0x49fbb0	zSndSample::PlayOnDirectSound	zSndSample::PlayOnDirectSound	retained	Inferred	Retain reconstructed descriptive spelling; exact original spelling is not established.	src/GameZRecoil/zSound/zsnd_play.cpp:647
recoil:function:0x49fcf0	0x49fcf0	zSndSample::PlayA3D	zSndSample::PlayA3D	retained	Inferred	Retain reconstructed descriptive spelling; exact original spelling is not established.	src/GameZRecoil/zSound/zsnd_play.cpp:717
recoil:function:0x49fd50	0x49fd50	zSndSample::PlayDirectSound	zSndSample::PlayDirectSound	retained	Inferred	Retain reconstructed descriptive spelling; exact original spelling is not established.	src/GameZRecoil/zSound/zsnd_play.cpp:745
recoil:function:0x49fda0	0x49fda0	zSndPlayHandle::StopIfActive	zSndPlayHandle::StopIfActive	retained	Inferred	Retain reconstructed descriptive spelling; exact original spelling is not established.	src/GameZRecoil/zSound/zsnd_play.cpp:772
recoil:function:0x49fec0	0x49fec0	zSndSample::StopActiveVoicesIfPlaying	zSndSample::StopActiveVoicesIfPlaying	retained	Inferred	Retain reconstructed descriptive spelling; exact original spelling is not established.	src/GameZRecoil/zSound/zsnd_play.cpp:842
recoil:function:0x49fff0	0x49fff0	zSndPlayHandleSnapshot::CreateFromActiveSamples	zSndPlayHandleSnapshot::CreateFromActiveSamples	retained	Inferred	Retain reconstructed descriptive spelling; exact original spelling is not established.	src/GameZRecoil/zSound/zsnd_play.cpp:910
recoil:function:0x4a0300	0x4a0300	zSndPlayHandleSnapshotPayload::CaptureFromPlayHandle	zSndPlayHandleSnapshotPayload::CaptureFromPlayHandle	retained	Inferred	Retain reconstructed descriptive spelling; exact original spelling is not established.	src/GameZRecoil/zSound/zsnd_play.cpp:986
recoil:function:0x4a0380	0x4a0380	zSndPlayHandle::PlayWithDelta_A3D	zSndPlayHandle::PlayWithDeltaA3D	renamed	Inferred	Synchronize current defining source name; descriptive reconstruction, not recovered original spelling.	src/GameZRecoil/zSound/zsnd_play.cpp:1024
recoil:function:0x4a0400	0x4a0400	zSndPlayHandle::PlayWithDelta_DirectSound	zSndPlayHandle::PlayWithDeltaDirectSound	renamed	Inferred	Synchronize current defining source name; descriptive reconstruction, not recovered original spelling.	src/GameZRecoil/zSound/zsnd_play.cpp:1055
recoil:function:0x4a0490	0x4a0490	zSndPlayHandle::PlayWithDelta_BackendDispatch	zSndPlayHandle::PlayWithDeltaBackendDispatch	renamed	Inferred	Synchronize current defining source name; descriptive reconstruction, not recovered original spelling.	src/GameZRecoil/zSound/zsnd_play.cpp:1091
recoil:function:0x4a0500	0x4a0500	zSndPlayHandleSnapshot::StopAllIfPlaying	zSndPlayHandleSnapshot::StopAllIfPlaying	retained	Inferred	Retain reconstructed descriptive spelling; exact original spelling is not established.	src/GameZRecoil/zSound/zsnd_play.cpp:1128
recoil:function:0x4a0590	0x4a0590	zSndPlayHandleSnapshot::RestoreAllWithGlobalVolumeDelta	zSndPlayHandleSnapshot::RestoreAllWithGlobalVolumeDelta	retained	Inferred	Retain reconstructed descriptive spelling; exact original spelling is not established.	src/GameZRecoil/zSound/zsnd_play.cpp:1172
recoil:function:0x4a05f0	0x4a05f0	zSndPlayHandleSnapshot::Destroy	zSndPlayHandleSnapshot::Destroy	retained	Inferred	Retain reconstructed descriptive spelling; exact original spelling is not established.	src/GameZRecoil/zSound/zsnd_play.cpp:1202
recoil:function:0x4a0670	0x4a0670	zSnd::ApplyMuteStateToActiveVoices	zSnd::ApplyMuteStateToActiveVoices	retained	Inferred	Retain reconstructed descriptive spelling; exact original spelling is not established.	src/GameZRecoil/zSound/zsnd_play.cpp:1231
recoil:function:0x4a07a0	0x4a07a0	zSnd::IsMuted	zSnd::IsMuted	retained	Inferred	Retain reconstructed descriptive spelling; exact original spelling is not established.	src/GameZRecoil/zSound/zsnd_play.cpp:1295
recoil:function:0x4a07c0	0x4a07c0	zSndPlayHandleSnapshot::NewNode	zSndPlayHandleSnapshot::NewNode	retained	Inferred	Retain reconstructed descriptive spelling; exact original spelling is not established.	src/GameZRecoil/zSound/zsnd_play.cpp:1312
recoil:function:0x4a07f0	0x4a07f0	zSnd::SetUseArchiveBanksFlag	zSnd::SetUseArchiveBanksFlag	retained	Inferred	Retain physical/compiler projection label; no unique attached defining function body in the source inventory.	
recoil:function:0x4a0860	0x4a0860	zSndSampleSet::InitByName	zSndSampleSetInitByName	renamed	Inferred	Synchronize current defining source name; descriptive reconstruction, not recovered original spelling.	src/GameZRecoil/zSound/zsnd_play.cpp:1380
recoil:function:0x4a0870	0x4a0870	zSndSampleSet::DestroyByName	zSndSampleSetDestroyByName	renamed	Inferred	Synchronize current defining source name; descriptive reconstruction, not recovered original spelling.	src/GameZRecoil/zSound/zsnd_play.cpp:1393
recoil:function:0x4a0880	0x4a0880	zSndSampleSetRegistry::DestroyAll	zSndSampleSetRegistryDestroyAll	renamed	Inferred	Synchronize current defining source name; descriptive reconstruction, not recovered original spelling.	src/GameZRecoil/zSound/zsnd_play.cpp:1404
recoil:function:0x4a08d0	0x4a08d0	zSndSampleSetRegistry::GetByIndex	zSndSampleSetRegistryGetByIndex	renamed	Inferred	Synchronize current defining source name; descriptive reconstruction, not recovered original spelling.	src/GameZRecoil/zSound/zsnd_play.cpp:1424
recoil:function:0x4a0900	0x4a0900	zSndSampleSetRegistry::GetCount	zSndSampleSetRegistryGetCount	renamed	Inferred	Synchronize current defining source name; descriptive reconstruction, not recovered original spelling.	src/GameZRecoil/zSound/zsnd_play.cpp:1443
recoil:function:0x4a0920	0x4a0920	zSndSampleSetRegistry::FindByName	zSndSampleSetRegistryFindByName	renamed	Inferred	Synchronize current defining source name; descriptive reconstruction, not recovered original spelling.	src/GameZRecoil/zSound/zsnd_play.cpp:1453
recoil:function:0x4a0990	0x4a0990	zSnd::FindSampleByName	zSnd::FindSampleByName	retained	Inferred	Retain reconstructed descriptive spelling; exact original spelling is not established.	src/GameZRecoil/zSound/zsnd_play.cpp:1473
recoil:function:0x4a09e0	0x4a09e0	zSndSampleSetRegistry::AddEntry	zSndSampleSet::RegistryAddEntry	renamed	Inferred	Synchronize current defining source name; descriptive reconstruction, not recovered original spelling.	src/GameZRecoil/zSound/zsnd_play.cpp:1497
recoil:function:0x4a0c00	0x4a0c00	zSndSampleSet::DestroyOwnedData	zSndSampleSet::DestroyOwnedData	retained	Inferred	Retain reconstructed descriptive spelling; exact original spelling is not established.	src/GameZRecoil/zSound/zsnd_play.cpp:1520
recoil:function:0x4a0c40	0x4a0c40	zSndSampleSet::Init	zSndSampleSet::Init	retained	Inferred	Retain reconstructed descriptive spelling; exact original spelling is not established.	src/GameZRecoil/zSound/zsnd_play.cpp:1537
recoil:function:0x4a0e40	0x4a0e40	zSndSampleSet::Destroy	zSndSampleSet::Destroy	retained	Inferred	Retain reconstructed descriptive spelling; exact original spelling is not established.	src/GameZRecoil/zSound/zsnd_play.cpp:1641
recoil:function:0x4a0e90	0x4a0e90	zSndSampleSet::GetSampleAt	zSndSampleSet::GetSampleAt	retained	Inferred	Retain reconstructed descriptive spelling; exact original spelling is not established.	src/GameZRecoil/zSound/zsnd_play.cpp:1660
recoil:function:0x4a0ec0	0x4a0ec0	zSndSampleSet::FindSampleByName	zSndSampleSet::FindSampleByName	retained	Inferred	Retain reconstructed descriptive spelling; exact original spelling is not established.	src/GameZRecoil/zSound/zsnd_play.cpp:1676
recoil:function:0x4a0fb0	0x4a0fb0	zSndSampleSet::LoadSamplesFromIndexArchive	zSndSampleSet::LoadSamplesFromIndexArchive	retained	Inferred	Retain reconstructed descriptive spelling; exact original spelling is not established.	src/GameZRecoil/zSound/zsnd_play.cpp:1702
recoil:function:0x4a1090	0x4a1090	zSnd::SetGlobalVolumeScale	zSnd::SetGlobalVolumeScale	retained	Inferred	Retain reconstructed descriptive spelling; exact original spelling is not established.	src/GameZRecoil/zSound/zsnd_play.cpp:1748
recoil:function:0x4a10b0	0x4a10b0	zSnd::MulGlobalVolumeScaleAndGetPrev	zSnd::MulGlobalVolumeScaleAndGetPrev	retained	Inferred	Retain reconstructed descriptive spelling; exact original spelling is not established.	src/GameZRecoil/zSound/zsnd_play.cpp:1763
recoil:function:0x4a10d0	0x4a10d0	zSnd::SetFlag10PlaybackEnabled	zSnd::SetFlag10PlaybackEnabled	retained	Inferred	Retain reconstructed descriptive spelling; exact original spelling is not established.	src/GameZRecoil/zSound/zsnd_play.cpp:1779
recoil:function:0x4a10e0	0x4a10e0	zSndPlayHandle::SetFreqScaled	zSndPlayHandle::SetFreqScaled	retained	Inferred	Retain reconstructed descriptive spelling; exact original spelling is not established.	src/GameZRecoil/zSound/zsnd_parm.cpp:19
recoil:function:0x4a11d0	0x4a11d0	zSndPlayHandle::SetEnableScale	zSndPlayHandle::SetEnableScale	retained	Inferred	Retain reconstructed descriptive spelling; exact original spelling is not established.	src/GameZRecoil/zSound/zsnd_parm.cpp:72
recoil:function:0x4a1240	0x4a1240	zSndSample::SetPlaybackEventHandler	zSndSample::SetPlaybackEventHandler	retained	Inferred	Retain reconstructed descriptive spelling; exact original spelling is not established.	src/GameZRecoil/zSound/zsnd_parm.cpp:100
recoil:function:0x4a1250	0x4a1250	zSndPlayHandle::TryEnableManaged	zSndPlayHandleTryEnableManaged	renamed	Inferred	Synchronize current defining source name; descriptive reconstruction, not recovered original spelling.	src/GameZRecoil/zSound/zsnd_parm.cpp:116
recoil:function:0x4a1270	0x4a1270	zSndPlayHandle::TryDisableManaged	zSndPlayHandleTryDisableManaged	renamed	Inferred	Synchronize current defining source name; descriptive reconstruction, not recovered original spelling.	src/GameZRecoil/zSound/zsnd_parm.cpp:135
recoil:function:0x4a1290	0x4a1290	zSnd::SetActiveBackendPreInit	zSnd::SetActiveBackendPreInit	retained	Inferred	Retain physical/compiler projection label; no unique attached defining function body in the source inventory.	
recoil:function:0x4a12b0	0x4a12b0	zSnd::GetActiveBackend	zSnd::GetActiveBackend	retained	Inferred	Retain physical/compiler projection label; no unique attached defining function body in the source inventory.	
recoil:function:0x4a12c0	0x4a12c0	zSnd::PreInitializeRuntimeState	zSndPreInitializeRuntimeState	renamed	Inferred	Synchronize current defining source name; descriptive reconstruction, not recovered original spelling.	src/GameZRecoil/zSound/zsnd_init.cpp:337
recoil:function:0x4a13d0	0x4a13d0	zSndSystem::Shutdown	zSndSystem::Shutdown	retained	Inferred	Retain physical/compiler projection label; no unique attached defining function body in the source inventory.	
recoil:function:0x4a1420	0x4a1420	zSndSystem::Init	zSndSystemInit	renamed	Inferred	Synchronize current defining source name; descriptive reconstruction, not recovered original spelling.	src/GameZRecoil/zSound/zsnd_init.cpp:423
recoil:function:0x4a1510	0x4a1510	zSndSystem::InitLegacySetsSyntax	zSndSystem::InitLegacySetsSyntax	retained	Inferred	Retain physical/compiler projection label; no unique attached defining function body in the source inventory.	
recoil:function:0x4a1870	0x4a1870	zSndSystem::InitNamedSetsSyntax	zSndSystem::InitNamedSetsSyntax	retained	Inferred	Retain physical/compiler projection label; no unique attached defining function body in the source inventory.	
recoil:function:0x4a1d10	0x4a1d10	zSndBackend::InitA3D	zSndBackendInitA3D	renamed	Inferred	Synchronize current defining source name; descriptive reconstruction, not recovered original spelling.	src/GameZRecoil/zSound/zsnd_init.cpp:775
recoil:function:0x4a1e50	0x4a1e50	zSndBackend::InitDirectSound	zSndBackendInitDirectSound	renamed	Inferred	Synchronize current defining source name; descriptive reconstruction, not recovered original spelling.	src/GameZRecoil/zSound/zsnd_init.cpp:850
recoil:function:0x4a1f40	0x4a1f40	zSndBackend::Shutdown	zSndBackend::Shutdown	retained	Inferred	Retain reconstructed descriptive spelling; exact original spelling is not established.	src/GameZRecoil/zSound/zsnd_init.cpp:905
recoil:function:0x4a2010	0x4a2010	zSndCdTrackList::StaticInit	zSndCdTrackList::StaticInit	retained	Inferred	Retain physical/compiler projection label; no unique attached defining function body in the source inventory.	
recoil:function:0x4a2020	0x4a2020	zSndCdTrackList::StaticConstructor	zSndCdTrackList::StaticConstructor	retained	Inferred	Retain physical/compiler projection label; no unique attached defining function body in the source inventory.	
recoil:function:0x4a2050	0x4a2050	zSndCdTrackList::RegisterAtExitDestructor	zSndCdTrackList::RegisterAtExitDestructor	retained	Inferred	Retain physical/compiler projection label; no unique attached defining function body in the source inventory.	
recoil:function:0x4a2060	0x4a2060	zSndCdTrackList::StaticDestructor	zSndCdTrackList::StaticDestructor	retained	Inferred	Retain physical/compiler projection label; no unique attached defining function body in the source inventory.	
recoil:function:0x4a20d0	0x4a20d0	zSndCd::Init	zSndCd::Init	retained	Inferred	Retain reconstructed descriptive spelling; exact original spelling is not established.	src/GameZRecoil/zSound/zsnd_cd.cpp:79
recoil:function:0x4a2490	0x4a2490	zSndCd::ResetTrackState	zSndCd::ResetTrackState	retained	Inferred	Retain reconstructed descriptive spelling; exact original spelling is not established.	src/GameZRecoil/zSound/zsnd_cd.cpp:204
recoil:function:0x4a24d0	0x4a24d0	zSndCd::Shutdown	zSndCd::Shutdown	retained	Inferred	Retain reconstructed descriptive spelling; exact original spelling is not established.	src/GameZRecoil/zSound/zsnd_cd.cpp:218
recoil:function:0x4a25e0	0x4a25e0	zSndCd::PlayTrackWithMode	zSndCd::PlayTrackWithMode	retained	Inferred	Retain reconstructed descriptive spelling; exact original spelling is not established.	src/GameZRecoil/zSound/zsnd_cd.cpp:259
recoil:function:0x4a2600	0x4a2600	zSndCd::ApplyPlaybackMode	zSndCd::ApplyPlaybackMode	retained	Inferred	Retain reconstructed descriptive spelling; exact original spelling is not established.	src/GameZRecoil/zSound/zsnd_cd.cpp:277
recoil:function:0x4a26b0	0x4a26b0	zSndCd::OnMciNotify	zSndCd::OnMciNotify	retained	Inferred	Retain reconstructed descriptive spelling; exact original spelling is not established.	src/GameZRecoil/zSound/zsnd_cd.cpp:327
recoil:function:0x4a26f0	0x4a26f0	zSndCd::Stop	zSndCd::Stop	retained	Inferred	Retain reconstructed descriptive spelling; exact original spelling is not established.	src/GameZRecoil/zSound/zsnd_cd.cpp:344
recoil:function:0x4a2750	0x4a2750	zSndCd::PlayTrack	zSndCd::PlayTrack	retained	Inferred	Retain reconstructed descriptive spelling; exact original spelling is not established.	src/GameZRecoil/zSound/zsnd_cd.cpp:370
recoil:function:0x4a27d0	0x4a27d0	zSndCd::IsStereoAuxEnabled	zSndCd::IsStereoAuxEnabled	retained	Inferred	Retain reconstructed descriptive spelling; exact original spelling is not established.	src/GameZRecoil/zSound/zsnd_cd.cpp:402
recoil:function:0x4a27f0	0x4a27f0	zSndCd::GetVolume	zSndCd::GetVolume	retained	Inferred	Retain reconstructed descriptive spelling; exact original spelling is not established.	src/GameZRecoil/zSound/zsnd_cd.cpp:419
recoil:function:0x4a2880	0x4a2880	zSndCd::SetVolume	zSndCd::SetVolume	retained	Inferred	Retain reconstructed descriptive spelling; exact original spelling is not established.	src/GameZRecoil/zSound/zsnd_cd.cpp:456
recoil:function:0x4a2930	0x4a2930	zSndCd::GetTrackCount	zSndCd::GetTrackCount	retained	Inferred	Retain reconstructed descriptive spelling; exact original spelling is not established.	src/GameZRecoil/zSound/zsnd_cd.cpp:487
recoil:function:0x4a2950	0x4a2950	zSnd::UpdateListenerState	zSnd::UpdateListenerState	retained	Inferred	Retain physical/compiler projection label; no unique attached defining function body in the source inventory.	
recoil:function:0x4a2a30	0x4a2a30	zSndPlayHandle::Update3DDispatch	zSndPlayHandle::Update3DDispatch	retained	Inferred	Retain physical/compiler projection label; no unique attached defining function body in the source inventory.	
recoil:function:0x4a2a70	0x4a2a70	zSndPlayHandle::Update3D_A3D	zSndPlayHandle::Update3DA3D	renamed	Inferred	Synchronize renamed source identifier within existing physical/compiler projection label.	
recoil:function:0x4a2b40	0x4a2b40	zSndPlayHandle::Update3D	zSndPlayHandle::Update3D	retained	Inferred	Retain physical/compiler projection label; no unique attached defining function body in the source inventory.	
recoil:function:0x4a2e70	0x4a2e70	zSnd::GetSpeedOfSoundMps	zSnd::GetSpeedOfSoundMps	retained	Inferred	Retain physical/compiler projection label; no unique attached defining function body in the source inventory.	
recoil:function:0x4a2e80	0x4a2e80	zSnd::SetSpeedOfSoundMps	zSnd::SetSpeedOfSoundMps	retained	Inferred	Retain physical/compiler projection label; no unique attached defining function body in the source inventory.	
recoil:function:0x4a2ea0	0x4a2ea0	zSndSample::InitFromWaveData	zSndSample::InitFromWaveData	retained	Inferred	Retain reconstructed descriptive spelling; exact original spelling is not established.	src/GameZRecoil/zSound/zsnd_create.cpp:58
recoil:function:0x4a2ec0	0x4a2ec0	zSndSample::InitFromWaveData_A3D	zSndSample::InitFromWaveDataA3D	renamed	Inferred	Synchronize current defining source name; descriptive reconstruction, not recovered original spelling.	src/GameZRecoil/zSound/zsnd_create.cpp:86
recoil:function:0x4a3180	0x4a3180	zSndSample::InitFromWaveData_DirectSound	zSndSample::InitFromWaveDataDirectSound	renamed	Inferred	Synchronize current defining source name; descriptive reconstruction, not recovered original spelling.	src/GameZRecoil/zSound/zsnd_create.cpp:200
recoil:function:0x4a34e0	0x4a34e0	zSndSample::LockBackendBuffers	zSndSample::LockBackendBuffers	retained	Inferred	Retain reconstructed descriptive spelling; exact original spelling is not established.	src/GameZRecoil/zSound/zsnd_create.cpp:362
recoil:function:0x4a3590	0x4a3590	zSndSample::UnlockBackendBuffers	zSndSample::UnlockBackendBuffers	retained	Inferred	Retain reconstructed descriptive spelling; exact original spelling is not established.	src/GameZRecoil/zSound/zsnd_create.cpp:421
recoil:function:0x4a3620	0x4a3620	zSndSample::GetPlayCursorBytes	zSndSample::GetPlayCursorBytes	retained	Inferred	Retain physical/compiler projection label; no unique attached defining function body in the source inventory.	
recoil:function:0x4a3690	0x4a3690	zSndSample::DestroyOwnedData	zSndSample::DestroyOwnedData	retained	Inferred	Retain physical/compiler projection label; no unique attached defining function body in the source inventory.	
recoil:function:0x4a3850	0x4a3850	zSndSample::CreateQueuedStreamingSample	zSndSampleCreateQueuedStreamingSample	renamed	Inferred	Synchronize current defining source name; descriptive reconstruction, not recovered original spelling.	src/GameZRecoil/zSound/zsnd_create.cpp:575
recoil:function:0x4a3910	0x4a3910	zSndSample::Destroy	zSndSample::Destroy	retained	Inferred	Retain physical/compiler projection label; no unique attached defining function body in the source inventory.	
recoil:function:0x4a3930	0x4a3930	zSndFadeLists::Init	zSndFadeLists::Init	retained	Inferred	Retain physical/compiler projection label; no unique attached defining function body in the source inventory.	
recoil:function:0x4a3940	0x4a3940	zSndFadeLists::InitGlobals	zSndFadeLists::InitGlobals	retained	Inferred	Retain physical/compiler projection label; no unique attached defining function body in the source inventory.	
recoil:function:0x4a39a0	0x4a39a0	zSndFadeLists::RegisterShutdownAtExit	zSndFadeLists::RegisterShutdownAtExit	retained	Inferred	Retain physical/compiler projection label; no unique attached defining function body in the source inventory.	
recoil:function:0x4a39b0	0x4a39b0	zSndFadeLists::ShutdownAtExit	zSndFadeLists::ShutdownAtExit	retained	Inferred	Retain physical/compiler projection label; no unique attached defining function body in the source inventory.	
recoil:function:0x4a3a80	0x4a3a80	zSndFadeDispatchList::PushBack	zSndFadeDispatchList::PushBack	retained	Inferred	Retain reconstructed descriptive spelling; exact original spelling is not established.	src/GameZRecoil/zSound/zsnd_fade.cpp:47
recoil:function:0x4a3ad0	0x4a3ad0	zSndFadeEntry::UpdateAndQueueCompletion	zSndFadeEntry::TickAndMaybeDispatch	renamed	Inferred	Synchronize current defining source name; descriptive reconstruction, not recovered original spelling.	src/GameZRecoil/zSound/zsnd_fade.cpp:60
recoil:function:0x4a3c20	0x4a3c20	zSndFadeActiveList::TickAll	zSndFadeActiveListTickAll	renamed	Inferred	Synchronize current defining source name; descriptive reconstruction, not recovered original spelling.	src/GameZRecoil/zSound/zsnd_fade.cpp:110
recoil:function:0x4a3d20	0x4a3d20	zSndFadeLists::StopAllAndShutdown	zSndFadeLists::StopAllAndShutdown	retained	Inferred	Retain reconstructed descriptive spelling; exact original spelling is not established.	src/GameZRecoil/zSound/zsnd_fade.cpp:151
recoil:function:0x4a3e50	0x4a3e50	zSndFadeList::DeleteNodeAndAdvanceCursor	zSndFadeList::DeleteNodeAndAdvanceCursor	retained	Inferred	Retain reconstructed descriptive spelling; exact original spelling is not established.	src/GameZRecoil/zSound/zsnd_fade.cpp:186
recoil:function:0x4a3e90	0x4a3e90	zSndFadeList::PopFrontCursor	zSndFadeListCursor::PopFrontCursor	renamed	Inferred	Synchronize current defining source name; descriptive reconstruction, not recovered original spelling.	src/GameZRecoil/zSound/zsnd_fade.cpp:206
recoil:function:0x4a3ea0	0x4a3ea0	zSnd::ReportMciError	zSnd::ReportMciError	retained	Inferred	Retain reconstructed descriptive spelling; exact original spelling is not established.	src/GameZRecoil/zSound/zsnd_error.cpp:33
recoil:function:0x4a3ef0	0x4a3ef0	zSnd::ReportA3DError	zSnd::ReportA3DError	retained	Inferred	Retain reconstructed descriptive spelling; exact original spelling is not established.	src/GameZRecoil/zSound/zsnd_error.cpp:51
recoil:function:0x4a4330	0x4a4330	zSnd::ReportDirectSoundError	zSnd::ReportDirectSoundError	retained	Inferred	Retain reconstructed descriptive spelling; exact original spelling is not established.	src/GameZRecoil/zSound/zsnd_error.cpp:253
recoil:function:0x4a44c0	0x4a44c0	zSndPendingList::FindByName	zSndPendingListFindByName	renamed	Inferred	Synchronize current defining source name; descriptive reconstruction, not recovered original spelling.	src/GameZRecoil/zSound/zsnd_grp.cpp:148
recoil:function:0x4a44e0	0x4a44e0	zSndPendingList::MatchNamePredicate	zSndPendingListMatchNamePredicate	renamed	Inferred	Synchronize current defining source name; descriptive reconstruction, not recovered original spelling.	src/GameZRecoil/zSound/zsnd_grp.cpp:170
recoil:function:0x4a4530	0x4a4530	zSndGroup::QueuePendingLoadsFromConfigNode	zSndGroupQueuePendingLoadsFromConfigNode	renamed	Inferred	Synchronize current defining source name; descriptive reconstruction, not recovered original spelling.	src/GameZRecoil/zSound/zsnd_grp.cpp:183
recoil:function:0x4a4590	0x4a4590	zSndGroup::LoadFromConfigNode	zSndGroupLoadFromConfigNode	renamed	Inferred	Synchronize current defining source name; descriptive reconstruction, not recovered original spelling.	src/GameZRecoil/zSound/zsnd_grp.cpp:213
recoil:function:0x4a49b0	0x4a49b0	zSndGroup::LoadConfigBlock	zSndGroupLoadConfigBlock	renamed	Inferred	Synchronize current defining source name; descriptive reconstruction, not recovered original spelling.	src/GameZRecoil/zSound/zsnd_grp.cpp:354
recoil:function:0x4a4c40	0x4a4c40	zSndStreamMgr::UpdateActiveRequestPredicate	zSndStreamMgr::UpdateActiveRequestPredicate	retained	Inferred	Retain reconstructed descriptive spelling; exact original spelling is not established.	src/GameZRecoil/zSound/zsnd_grp.cpp:461
recoil:function:0x4a4cb0	0x4a4cb0	zSndStreamRequest::StateBeginGroup	zSndStreamRequest::StateBeginGroup	retained	Inferred	Retain reconstructed descriptive spelling; exact original spelling is not established.	src/GameZRecoil/zSound/zsnd_grp.cpp:498
recoil:function:0x4a4d10	0x4a4d10	zSndGroup::SelectWeightedEntry	zSndGroup::SelectWeightedEntry	retained	Inferred	Retain reconstructed descriptive spelling; exact original spelling is not established.	src/GameZRecoil/zSound/zsnd_grp.cpp:520
recoil:function:0x4a4ea0	0x4a4ea0	zSndStreamRequest::StatePlayCurrentEntry	zSndStreamRequest::StatePlayCurrentEntry	retained	Inferred	Retain reconstructed descriptive spelling; exact original spelling is not established.	src/GameZRecoil/zSound/zsnd_grp.cpp:585
recoil:function:0x4a4fd0	0x4a4fd0	zSndStreamRequest::StateWaitRepeatDelay	zSndStreamRequest::StateWaitRepeatDelay	retained	Inferred	Retain reconstructed descriptive spelling; exact original spelling is not established.	src/GameZRecoil/zSound/zsnd_grp.cpp:646
recoil:function:0x4a5020	0x4a5020	zSndStreamRequest::StateWaitTerminationDelay	zSndStreamRequest::StateWaitTerminationDelay	retained	Inferred	Retain reconstructed descriptive spelling; exact original spelling is not established.	src/GameZRecoil/zSound/zsnd_grp.cpp:665
recoil:function:0x4a5050	0x4a5050	zSndStreamMgr::RecycleFinishedRequest	zSndStreamMgrRecycleFinishedRequest	renamed	Inferred	Synchronize current defining source name; descriptive reconstruction, not recovered original spelling.	src/GameZRecoil/zSound/zsnd_grp.cpp:683
recoil:function:0x4a50a0	0x4a50a0	zSndStreamMgr::Shutdown	zSndStreamMgr::Shutdown	retained	Inferred	Retain reconstructed descriptive spelling; exact original spelling is not established.	src/GameZRecoil/zSound/zsnd_grp.cpp:707
recoil:function:0x4a51e0	0x4a51e0	zSndStreamRequest::MatchRequestPredicate	MatchStreamRequestPredicate	renamed	Inferred	Synchronize current defining source name; descriptive reconstruction, not recovered original spelling.	src/GameZRecoil/zSound/zsnd_grp.cpp:772
recoil:function:0x4a51f0	0x4a51f0	zSndStreamRequest::StopIfActive	zSndStreamRequestStopIfActive	renamed	Inferred	Synchronize current defining source name; descriptive reconstruction, not recovered original spelling.	src/GameZRecoil/zSound/zsnd_grp.cpp:787
recoil:function:0x4a5220	0x4a5220	zSndStreamRequest::MatchGroupPredicate	zSndStreamRequestMatchGroupPredicate	renamed	Inferred	Synchronize current defining source name; descriptive reconstruction, not recovered original spelling.	src/GameZRecoil/zSound/zsnd_grp.cpp:811
recoil:function:0x4a5230	0x4a5230	zSndGroup::QueueStreamRequestSimple	zSndGroup::QueueStreamRequestSimple	retained	Inferred	Retain reconstructed descriptive spelling; exact original spelling is not established.	src/GameZRecoil/zSound/zsnd_grp.cpp:823
recoil:function:0x4a5250	0x4a5250	zSndGroup::QueueStreamRequest	zSndGroup::QueueStreamRequest	retained	Inferred	Retain reconstructed descriptive spelling; exact original spelling is not established.	src/GameZRecoil/zSound/zsnd_grp.cpp:835
recoil:function:0x4a5350	0x4a5350	zSndStreamMgr::EnsureInit	zSndStreamMgrEnsureInit	renamed	Inferred	Synchronize current defining source name; descriptive reconstruction, not recovered original spelling.	src/GameZRecoil/zSound/zsnd_grp.cpp:887
recoil:function:0x4a53d0	0x4a53d0	zSndGroup::QueueStreamRequestWithWorldPos	zSndGroup::QueueStreamRequestWithWorldPos	retained	Inferred	Retain reconstructed descriptive spelling; exact original spelling is not established.	src/GameZRecoil/zSound/zsnd_grp.cpp:929
recoil:function:0x4a53f0	0x4a53f0	zSndWaveData::zSndWaveData	zSndWaveData::zSndWaveData	retained	Inferred	Retain reconstructed descriptive spelling; exact original spelling is not established.	src/GameZRecoil/zSound/zsnd.cpp:25
recoil:function:0x4a5440	0x4a5440	zSndWaveData::Destructor	zSndWaveData::~zSndWaveData	renamed	Inferred	Synchronize current defining source name; descriptive reconstruction, not recovered original spelling.	src/GameZRecoil/zSound/zsnd.cpp:51
recoil:function:0x4a5460	0x4a5460	zSndWaveData::ParseLoadedWaveFile	zSndWaveData::ParseLoadedWaveFile	retained	Inferred	Retain reconstructed descriptive spelling; exact original spelling is not established.	src/GameZRecoil/zSound/zsnd.cpp:66
recoil:function:0x4a5540	0x4a5540	zSndWaveData::LoadAndParseIfNeeded	zSndWaveData::LoadAndParseIfNeeded	retained	Inferred	Retain reconstructed descriptive spelling; exact original spelling is not established.	src/GameZRecoil/zSound/zsnd.cpp:131
recoil:function:0x4a55c0	0x4a55c0	zSndWaveData::Reset	zSndWaveData::Reset	retained	Inferred	Retain reconstructed descriptive spelling; exact original spelling is not established.	src/GameZRecoil/zSound/zsnd.cpp:161
recoil:function:0x4a5600	0x4a5600	zSndWaveData::LoadAndParseFromIndexArchiveIfNeeded	zSndWaveData::LoadAndParseFromIndexArchiveIfNeeded	retained	Inferred	Retain reconstructed descriptive spelling; exact original spelling is not established.	src/GameZRecoil/zSound/zsnd.cpp:187
recoil:function:0x4a5670	0x4a5670	Time::Reset	Time::Reset	retained	Inferred	Retain reconstructed descriptive spelling; exact original spelling is not established.	src/GameZRecoil/zTime/Time.cpp:61
recoil:function:0x4a56d0	0x4a56d0	Time::Tick	Time::Tick	retained	Inferred	Retain reconstructed descriptive spelling; exact original spelling is not established.	src/GameZRecoil/zTime/Time.cpp:78
recoil:function:0x4a5780	0x4a5780	RecoilApp::InitStdLogFiles	RecoilApp::InitStdLogFiles	retained	Inferred	Retain reconstructed descriptive spelling; exact original spelling is not established.	src/Battlesport/RecoilApp.cpp:183
recoil:function:0x4a5980	0x4a5980	zSys::ExitProcessWithCleanup	zSys::ExitProcessWithCleanup	retained	Inferred	Retain reconstructed descriptive spelling; exact original spelling is not established.	src/GameZRecoil/zSys/zsys.cpp:34
recoil:function:0x4a59a0	0x4a59a0	zVid::SetCachedClientRectUpdateMask	zVid::SetCachedClientRectUpdateMask	retained	Inferred	Retain reconstructed descriptive spelling; exact original spelling is not established.	src/GameZRecoil/zSys/zsys.cpp:54
recoil:function:0x4a59b0	0x4a59b0	zVid::QueryCachedClientRectUpdateMaskIf3dfx	zVid::QueryCachedClientRectUpdateMaskIf3dfx	retained	Inferred	Retain reconstructed descriptive spelling; exact original spelling is not established.	src/GameZRecoil/zSys/zsys.cpp:71
recoil:function:0x4a59e0	0x4a59e0	zSys::FindFileOnDriveType	zSys::FindFileOnDriveType	retained	Inferred	Retain reconstructed descriptive spelling; exact original spelling is not established.	src/GameZRecoil/zSys/zsys.cpp:83
recoil:function:0x4a5ad0	0x4a5ad0	zLoc::LoadMessagesDll	zLoc::LoadMessagesDll	retained	Inferred	Retain reconstructed descriptive spelling; exact original spelling is not established.	src/GameZRecoil/zSys/zsys.cpp:155
recoil:function:0x4a5b00	0x4a5b00	zLoc::UnloadMessagesDll	zLoc::UnloadMessagesDll	retained	Inferred	Retain reconstructed descriptive spelling; exact original spelling is not established.	src/GameZRecoil/zSys/zsys.cpp:174
recoil:function:0x4a5b20	0x4a5b20	zLoc::GetMessageId	zLoc::GetMessageId	retained	Inferred	Retain reconstructed descriptive spelling; exact original spelling is not established.	src/GameZRecoil/zSys/zsys.cpp:188
recoil:function:0x4a5b40	0x4a5b40	zLoc::ResolveMessageKeyOrFallback	zLoc::ResolveMessageKeyOrFallback	retained	Inferred	Retain reconstructed descriptive spelling; exact original spelling is not established.	src/GameZRecoil/zSys/zsys.cpp:206
recoil:function:0x4a5b60	0x4a5b60	zLoc::FormatMessage	zLoc::FormatMessage	retained	Inferred	Retain reconstructed descriptive spelling; exact original spelling is not established.	src/GameZRecoil/zSys/zsys.cpp:222
recoil:function:0x4a5bf0	0x4a5bf0	zLoc::GetMessageString	zLoc::GetMessageString	retained	Inferred	Retain reconstructed descriptive spelling; exact original spelling is not established.	src/GameZRecoil/zSys/zsys.cpp:263
recoil:function:0x4a5c20	0x4a5c20	zReader::FileExists	zReader::FileExists	retained	Inferred	Retain reconstructed descriptive spelling; exact original spelling is not established.	src/GameZRecoil/zUtil/zutl_zar.cpp:78
recoil:function:0x4a5c40	0x4a5c40	zReader::FileExistsWrapper	zReaderFileExistsWrapper	renamed	Inferred	Synchronize current defining source name; descriptive reconstruction, not recovered original spelling.	src/GameZRecoil/zUtil/zutl_zar.cpp:94
recoil:function:0x4a5c50	0x4a5c50	zUtil::ZRDR_GetFileSize	zUtil::zRdrGetFileSize	renamed	Inferred	Synchronize current defining source name; descriptive reconstruction, not recovered original spelling.	src/GameZRecoil/zUtil/zutl_zar.cpp:109
recoil:function:0x4a5ca0	0x4a5ca0	zUtil_ZRDR::CreateSearchPathList	zRdrCreateSearchPathList	renamed	Inferred	Synchronize current defining source name; descriptive reconstruction, not recovered original spelling.	src/GameZRecoil/zUtil/zutl_zar.cpp:132
recoil:function:0x4a5cc0	0x4a5cc0	zUtil_ZRDR::FreeSearchPathList	zRdrFreeSearchPathList	renamed	Inferred	Synchronize current defining source name; descriptive reconstruction, not recovered original spelling.	src/GameZRecoil/zUtil/zutl_zar.cpp:148
recoil:function:0x4a5ce0	0x4a5ce0	zUtil::ZRDR_AddSearchPaths	zUtil::zRdrAddSearchPaths	renamed	Inferred	Synchronize current defining source name; descriptive reconstruction, not recovered original spelling.	src/GameZRecoil/zUtil/zutl_zar.cpp:163
recoil:function:0x4a5da0	0x4a5da0	zUtil_ZRDR::StrCmpPredicate	zRdrStrCmpPredicate	renamed	Inferred	Synchronize current defining source name; descriptive reconstruction, not recovered original spelling.	src/GameZRecoil/zUtil/zutl_zar.cpp:211
recoil:function:0x4a5df0	0x4a5df0	zUtil_ZRDR::FreeScratchSearchPathList	zRdrFreeScratchSearchPathList	renamed	Inferred	Synchronize current defining source name; descriptive reconstruction, not recovered original spelling.	src/GameZRecoil/zUtil/zutl_zar.cpp:230
recoil:function:0x4a5e10	0x4a5e10	zUtil_ZRDR::FreePathList	zRdrFreePathList	renamed	Inferred	Synchronize current defining source name; descriptive reconstruction, not recovered original spelling.	src/GameZRecoil/zUtil/zutl_zar.cpp:244
recoil:function:0x4a5e50	0x4a5e50	zUtil::ZRDR_ResolvePathInSearchPathList	zRdrResolvePathInSearchPathList	renamed	Inferred	Synchronize current defining source name; descriptive reconstruction, not recovered original spelling.	src/GameZRecoil/zUtil/zutl_zar.cpp:267
recoil:function:0x4a5f20	0x4a5f20	zUtil::ZRDR_SearchPathContainsFilePredicate	zRdrSearchPathContainsFilePredicate	renamed	Inferred	Synchronize current defining source name; descriptive reconstruction, not recovered original spelling.	src/GameZRecoil/zUtil/zutl_zar.cpp:322
recoil:function:0x4a5f50	0x4a5f50	zUtil_ZRDR::OpenFileResolved	zRdrOpenFileResolved	renamed	Inferred	Synchronize current defining source name; descriptive reconstruction, not recovered original spelling.	src/GameZRecoil/zUtil/zutl_zar.cpp:336
recoil:function:0x4a5f90	0x4a5f90	zUtil_ZRDR::InitWildcardPath	zRdrInitWildcardPath	renamed	Inferred	Synchronize current defining source name; descriptive reconstruction, not recovered original spelling.	src/GameZRecoil/zUtil/zutl_zar.cpp:374
recoil:function:0x4a6070	0x4a6070	zUtil_ZRDR::NextWildcardPath	zRdrNextWildcardPath	renamed	Inferred	Synchronize current defining source name; descriptive reconstruction, not recovered original spelling.	src/GameZRecoil/zUtil/zutl_zar.cpp:414
recoil:function:0x4a6100	0x4a6100	zUtil_ZRDR::ShutdownWildcardPath	zRdrShutdownWildcardPath	renamed	Inferred	Synchronize current defining source name; descriptive reconstruction, not recovered original spelling.	src/GameZRecoil/zUtil/zutl_zar.cpp:449
recoil:function:0x4a6110	0x4a6110	zReader::ReadString	zReaderReadString	renamed	Inferred	Synchronize current defining source name; descriptive reconstruction, not recovered original spelling.	src/GameZRecoil/zUtil/zutl_zar.cpp:460
recoil:function:0x4a6190	0x4a6190	zIndexArchive::Reset	zIndexArchive::zIndexArchive	renamed	Inferred	Synchronize current defining source name; descriptive reconstruction, not recovered original spelling.	src/GameZRecoil/zUtil/zutl_zar.cpp:489
recoil:function:0x4a61b0	0x4a61b0	zIndexArchive::Destroy	zIndexArchive::~zIndexArchive	renamed	Inferred	Synchronize current defining source name; descriptive reconstruction, not recovered original spelling.	src/GameZRecoil/zUtil/zutl_zar.cpp:507
recoil:function:0x4a61d0	0x4a61d0	zIndexArchive::Init	zIndexArchive::Init	retained	Inferred	Retain reconstructed descriptive spelling; exact original spelling is not established.	src/GameZRecoil/zUtil/zutl_zar.cpp:520
recoil:function:0x4a6270	0x4a6270	zIndexArchive::OpenCreateWrite	zIndexArchive::OpenCreateWrite	retained	Inferred	Retain reconstructed descriptive spelling; exact original spelling is not established.	src/GameZRecoil/zUtil/zutl_zar.cpp:568
recoil:function:0x4a62b0	0x4a62b0	zIndexArchive::CloseAndFreeRecords	zIndexArchive::CloseAndFreeRecords	retained	Inferred	Retain reconstructed descriptive spelling; exact original spelling is not established.	src/GameZRecoil/zUtil/zutl_zar.cpp:591
recoil:function:0x4a62f0	0x4a62f0	zIndexArchive::EnsureCapacity	zIndexArchive::EnsureCapacity	retained	Inferred	Retain reconstructed descriptive spelling; exact original spelling is not established.	src/GameZRecoil/zUtil/zutl_zar.cpp:614
recoil:function:0x4a6330	0x4a6330	zIndexArchive::FreeRecordsAndReset	zIndexArchive::FreeRecordsAndReset	retained	Inferred	Retain reconstructed descriptive spelling; exact original spelling is not established.	src/GameZRecoil/zUtil/zutl_zar.cpp:639
recoil:function:0x4a6360	0x4a6360	zIndexArchive::FlushIndexToTail	zIndexArchive::FlushIndexToTail	retained	Inferred	Retain reconstructed descriptive spelling; exact original spelling is not established.	src/GameZRecoil/zUtil/zutl_zar.cpp:659
recoil:function:0x4a63f0	0x4a63f0	zIndexArchive::LoadIndexFromTail	zIndexArchive::LoadIndexFromTail	retained	Inferred	Retain reconstructed descriptive spelling; exact original spelling is not established.	src/GameZRecoil/zUtil/zutl_zar.cpp:683
recoil:function:0x4a64d0	0x4a64d0	zIndexArchive::AddFileRecord	zIndexArchive::AddFileRecord	retained	Inferred	Retain reconstructed descriptive spelling; exact original spelling is not established.	src/GameZRecoil/zUtil/zutl_zar.cpp:721
recoil:function:0x4a65d0	0x4a65d0	zIndexArchive::FindRecordByNameCI	zIndexArchive::FindRecordByNameCI	retained	Inferred	Retain reconstructed descriptive spelling; exact original spelling is not established.	src/GameZRecoil/zUtil/zutl_zar.cpp:765
recoil:function:0x4a6630	0x4a6630	zIndexArchive::OpenFileByName	zIndexArchive::OpenFileByName	retained	Inferred	Retain reconstructed descriptive spelling; exact original spelling is not established.	src/GameZRecoil/zUtil/zutl_zar.cpp:784
recoil:function:0x4a6670	0x4a6670	zIndexArchive::ReadFileByName	zIndexArchive::ReadFileByName	retained	Inferred	Retain reconstructed descriptive spelling; exact original spelling is not established.	src/GameZRecoil/zUtil/zutl_zar.cpp:807
recoil:function:0x4a66e0	0x4a66e0	zVideo::GetDisplayModeBpp	zVideo::GetDisplayModeBpp	retained	Inferred	Retain reconstructed descriptive spelling; exact original spelling is not established.	src/GameZRecoil/zVideo/zvid_main.c:2001
recoil:function:0x4a66f0	0x4a66f0	zVideo::Init_ApplyModeIndex	zVideo::InitApplyModeIndex	renamed	Inferred	Synchronize current defining source name; descriptive reconstruction, not recovered original spelling.	src/GameZRecoil/zVideo/zvid_main.c:2012
recoil:function:0x4a6710	0x4a6710	zVideo::GetSwSurfacePixels	zVideo::GetSwSurfacePixels	retained	Inferred	Retain reconstructed descriptive spelling; exact original spelling is not established.	src/GameZRecoil/zVideo/zvid_main.c:2027
recoil:function:0x4a6720	0x4a6720	zVideo::GetSwSurfaceWidth	zVideo::GetSwSurfaceWidth	retained	Inferred	Retain reconstructed descriptive spelling; exact original spelling is not established.	src/GameZRecoil/zVideo/zvid_main.c:2040
recoil:function:0x4a6730	0x4a6730	zVideo::GetSwSurfaceHeight	zVideo::GetSwSurfaceHeight	retained	Inferred	Retain reconstructed descriptive spelling; exact original spelling is not established.	src/GameZRecoil/zVideo/zvid_main.c:2052
recoil:function:0x4a6740	0x4a6740	zVideo::GetSwSurfacePitch	zVideo::GetSwSurfacePitch	retained	Inferred	Retain reconstructed descriptive spelling; exact original spelling is not established.	src/GameZRecoil/zVideo/zvid_main.c:2064
recoil:function:0x4a6750	0x4a6750	zVideo_dd3d::CallClearZBufferRect	zVideo_dd3d::CallClearZBufferRect	retained	Inferred	Retain reconstructed descriptive spelling; exact original spelling is not established.	src/GameZRecoil/zVideo/zvid_main.c:2081
recoil:function:0x4a6760	0x4a6760	zVideo::CallClearSwSurfaceAndZBuffer	zVideo::CallClearSwSurfaceAndZBuffer	retained	Inferred	Retain reconstructed descriptive spelling; exact original spelling is not established.	src/GameZRecoil/zVideo/zvid_main.c:2099
recoil:function:0x4a6770	0x4a6770	zVideo::RunPostprocessOnSwBuffer	zVideo::RunPostprocessOnSwBuffer	retained	Inferred	Retain reconstructed descriptive spelling; exact original spelling is not established.	src/GameZRecoil/zVideo/zvid_main.c:2112
recoil:function:0x4a67d0	0x4a67d0	zVideo::Dispatch_UnlockSwSurfaceState	zVideo::DispatchUnlockSwSurfaceState	renamed	Inferred	Synchronize current defining source name; descriptive reconstruction, not recovered original spelling.	src/GameZRecoil/zVideo/zvid_main.c:2141
recoil:function:0x4a67e0	0x4a67e0	zVideo::GetSwSurfaceLockedFlag	zVideo::GetSwSurfaceLockedFlag	retained	Inferred	Retain reconstructed descriptive spelling; exact original spelling is not established.	src/GameZRecoil/zVideo/zvid_main.c:2153
recoil:function:0x4a67f0	0x4a67f0	zVideo::GetPrimarySurfacePixels	zVideo::GetPrimarySurfacePixels	retained	Inferred	Retain reconstructed descriptive spelling; exact original spelling is not established.	src/GameZRecoil/zVideo/zvid_main.c:2162
recoil:function:0x4a6800	0x4a6800	zVideo::GetPrimarySurfaceWidth	zVideo::GetPrimarySurfaceWidth	retained	Inferred	Retain reconstructed descriptive spelling; exact original spelling is not established.	src/GameZRecoil/zVideo/zvid_main.c:2174
recoil:function:0x4a6810	0x4a6810	zVideo::GetPrimarySurfaceHeight	zVideo::GetPrimarySurfaceHeight	retained	Inferred	Retain reconstructed descriptive spelling; exact original spelling is not established.	src/GameZRecoil/zVideo/zvid_main.c:2187
recoil:function:0x4a6820	0x4a6820	zVideo::GetPrimarySurfacePitch	zVideo::GetPrimarySurfacePitch	retained	Inferred	Retain reconstructed descriptive spelling; exact original spelling is not established.	src/GameZRecoil/zVideo/zvid_main.c:2200
recoil:function:0x4a6830	0x4a6830	zVideo::CallClearPrimarySurfaceAndZBuffer	zVideo::CallClearPrimarySurfaceAndZBuffer	retained	Inferred	Retain reconstructed descriptive spelling; exact original spelling is not established.	src/GameZRecoil/zVideo/zvid_main.c:2212
recoil:function:0x4a6840	0x4a6840	zVideo::RunPostprocessOnPrimaryBuffer	zVideo::RunPostprocessOnPrimaryBuffer	retained	Inferred	Retain reconstructed descriptive spelling; exact original spelling is not established.	src/GameZRecoil/zVideo/zvid_main.c:2223
recoil:function:0x4a68d0	0x4a68d0	zVideo::Dispatch_UnlockPrimarySurfaceState	zVideo::DispatchUnlockPrimarySurfaceState	renamed	Inferred	Synchronize current defining source name; descriptive reconstruction, not recovered original spelling.	src/GameZRecoil/zVideo/zvid_main.c:2261
recoil:function:0x4a68e0	0x4a68e0	zVideo::Dispatch_LockDisplayModeSurfaceState	zVideo::DispatchLockDisplayModeSurfaceState	renamed	Inferred	Synchronize current defining source name; descriptive reconstruction, not recovered original spelling.	src/GameZRecoil/zVideo/zvid_main.c:2272
recoil:function:0x4a68f0	0x4a68f0	zVideo::Dispatch_UnlockDisplayModeSurfaceState	zVideo::DispatchUnlockDisplayModeSurfaceState	renamed	Inferred	Synchronize current defining source name; descriptive reconstruction, not recovered original spelling.	src/GameZRecoil/zVideo/zvid_main.c:2283
recoil:function:0x4a6900	0x4a6900	zVideo::PresentOrAdjustSurfacesIfEnabled	zVideo::AdjustSurfacesIfEnabled	renamed	Inferred	Synchronize current defining source name; descriptive reconstruction, not recovered original spelling.	src/GameZRecoil/zVideo/zvid_main.c:2295
recoil:function:0x4a6930	0x4a6930	zVideo_dd::PrepareWindowForMode	zVideo_dd::PrepareWindowForMode	retained	Inferred	Retain reconstructed descriptive spelling; exact original spelling is not established.	src/GameZRecoil/zVideo/zvid_main.c:2546
recoil:function:0x4a69c0	0x4a69c0	zVideo_buff::ClipCoordToRange	zVideo_buff::ClipCoordToRange	retained	Inferred	Retain physical/compiler projection label; no unique attached defining function body in the source inventory.	
recoil:function:0x4a69e0	0x4a69e0	zVideo_buff::BltSourceToPrimaryClipped	zVideo_buff::BltSourceToPrimaryClipped	retained	Inferred	Retain physical/compiler projection label; no unique attached defining function body in the source inventory.	
recoil:function:0x4a6b40	0x4a6b40	zVideo::SetRendererTypeAndActivePath	zVideo::SetRendererTypeAndActivePath	retained	Inferred	Retain physical/compiler projection label; no unique attached defining function body in the source inventory.	
recoil:function:0x4a6b60	0x4a6b60	zVideo_dd3d::SetPendingWireframeState	zVideo_dd3d::SetPendingWireframeState	retained	Inferred	Retain physical/compiler projection label; no unique attached defining function body in the source inventory.	
recoil:function:0x4a6b70	0x4a6b70	zVideo_dd3d::SetPendingDitherEnable	zVideo_dd3d::SetPendingDitherEnable	retained	Inferred	Retain physical/compiler projection label; no unique attached defining function body in the source inventory.	
recoil:function:0x4a6b80	0x4a6b80	zVideo::SetClearColorPacked16	zVideo::SetClearColorPacked16	retained	Inferred	Retain physical/compiler projection label; no unique attached defining function body in the source inventory.	
recoil:function:0x4a6b90	0x4a6b90	zVideo::PixelPack_GetRgbBits	zVideo::PixelPackGetRgbBits	renamed	Inferred	Synchronize renamed source identifier within existing physical/compiler projection label.	
recoil:function:0x4a6bb0	0x4a6bb0	zVideo::PixelPack_GetRgbMasks	zVideo::PixelPackGetRgbMasks	renamed	Inferred	Synchronize renamed source identifier within existing physical/compiler projection label.	
recoil:function:0x4a6bd0	0x4a6bd0	zVideo::PixelPack_GetPackingParams	zVideo::PixelPackGetPackingParams	renamed	Inferred	Synchronize renamed source identifier within existing physical/compiler projection label.	
recoil:function:0x4a6bf0	0x4a6bf0	zVideo_PixelPack::SetupFromMasks	zVideo_PixelPack::SetupFromMasks	retained	Inferred	Retain physical/compiler projection label; no unique attached defining function body in the source inventory.	
recoil:function:0x4a6ca0	0x4a6ca0	zVid::PackColor00RRGGBB	zVid::PackColor00RRGGBB	retained	Inferred	Retain physical/compiler projection label; no unique attached defining function body in the source inventory.	
recoil:function:0x4a6cf0	0x4a6cf0	zVid::PackColorRGB	zVid::PackColorRGB	retained	Inferred	Retain physical/compiler projection label; no unique attached defining function body in the source inventory.	
recoil:function:0x4a6d40	0x4a6d40	zVid::PackColorRgbFloats	zVid::PackColorRgbFloats	retained	Inferred	Retain physical/compiler projection label; no unique attached defining function body in the source inventory.	
recoil:function:0x4a6db0	0x4a6db0	zVideo_TexturePixelPack::SetupFromMasks	zVideo_TexturePixelPack::SetupFromMasks	retained	Inferred	Retain physical/compiler projection label; no unique attached defining function body in the source inventory.	
recoil:function:0x4a6e80	0x4a6e80	zVideoBuffer::CaptureSurfaceToImage	zVideoBuffer::CaptureSurfaceToImage	retained	Inferred	Retain physical/compiler projection label; no unique attached defining function body in the source inventory.	
recoil:function:0x4a6fe0	0x4a6fe0	zVideo_buff::CopySurfaceRectToImage	zVideo_buff::CopySurfaceRectToImage	retained	Inferred	Retain physical/compiler projection label; no unique attached defining function body in the source inventory.	
recoil:function:0x4a71c0	0x4a71c0	zVideo::SetHalfResAdjustMode	zVideo::SetHalfResAdjustMode	retained	Inferred	Retain physical/compiler projection label; no unique attached defining function body in the source inventory.	
recoil:function:0x4a7200	0x4a7200	zVideo::GetPrimarySurfaceRectScratch	zVideo::GetPrimarySurfaceRectScratch	retained	Inferred	Retain physical/compiler projection label; no unique attached defining function body in the source inventory.	
recoil:function:0x4a7220	0x4a7220	zVideo::SetFogColorFromRgb01	zVideo::SetFogColorFromRgb01	retained	Inferred	Retain physical/compiler projection label; no unique attached defining function body in the source inventory.	
recoil:function:0x4a7250	0x4a7250	zVideo::SetPendingFogTargetColorFromRgb01	zVideo::SetPendingFogTargetColorFromRgb01	retained	Inferred	Retain physical/compiler projection label; no unique attached defining function body in the source inventory.	
recoil:function:0x4a7300	0x4a7300	zVideo::SetFogTargetColorFromRgb01	zVideo::SetFogTargetColorFromRgb01	retained	Inferred	Retain physical/compiler projection label; no unique attached defining function body in the source inventory.	
recoil:function:0x4a7330	0x4a7330	zVideo::CommitFogColorIfChanged	zVideo::CommitFogColorIfChanged	retained	Inferred	Retain physical/compiler projection label; no unique attached defining function body in the source inventory.	
recoil:function:0x4a73a0	0x4a73a0	zVideo::CommitFogTargetColorIfChanged	zVideo::CommitFogTargetColorIfChanged	retained	Inferred	Retain physical/compiler projection label; no unique attached defining function body in the source inventory.	
recoil:function:0x4a7410	0x4a7410	zVid::GetSelectedHwApiDescriptionOrDefault	zVid::GetSelectedHwApiDescriptionOrDefault	retained	Inferred	Retain physical/compiler projection label; no unique attached defining function body in the source inventory.	
recoil:function:0x4a7430	0x4a7430	zVid::GetHwApiDescription	zVid::GetHwApiDescription	retained	Inferred	Retain physical/compiler projection label; no unique attached defining function body in the source inventory.	
recoil:function:0x4a7450	0x4a7450	zVid::GetHwApiDriverName	zVid::GetHwApiDriverName	retained	Inferred	Retain physical/compiler projection label; no unique attached defining function body in the source inventory.	
recoil:function:0x4a7470	0x4a7470	zVid::GetAcceptedHardwareRendererCountThunk	zVid::GetAcceptedHardwareRendererCount	renamed	Inferred	Synchronize current defining source name; descriptive reconstruction, not recovered original spelling.	src/GameZRecoil/zVideo/zvid_init.c:629
recoil:function:0x4a7480	0x4a7480	zVid::GetAcceptedDirectDrawDeviceCount	zVid::GetAcceptedDirectDrawDeviceCount	retained	Inferred	Retain physical/compiler projection label; no unique attached defining function body in the source inventory.	
recoil:function:0x4a7490	0x4a7490	zVideo::SelectHwApiDeviceOrFallback	zVideo::SelectHwApiDeviceOrFallback	retained	Inferred	Retain physical/compiler projection label; no unique attached defining function body in the source inventory.	
recoil:function:0x4a74d0	0x4a74d0	zVideoD3D::SceneEnter	zVideoD3D::SceneEnter	retained	Inferred	Retain physical/compiler projection label; no unique attached defining function body in the source inventory.	
recoil:function:0x4a74f0	0x4a74f0	zVideoD3D::SceneLeave	zVideoD3D::SceneLeave	retained	Inferred	Retain physical/compiler projection label; no unique attached defining function body in the source inventory.	
recoil:function:0x4a7520	0x4a7520	zVideo::AtExitReleaseAllInterfacesAndSurfaces	zVideo::AtExitReleaseAllInterfacesAndSurfaces	retained	Inferred	Retain physical/compiler projection label; no unique attached defining function body in the source inventory.	
recoil:function:0x4a7530	0x4a7530	zVideo::ModuleInit	zVideo::ModuleInit	retained	Inferred	Retain physical/compiler projection label; no unique attached defining function body in the source inventory.	
recoil:function:0x4a75f0	0x4a75f0	zVideo::InitVideoSystem	zVideo::InitVideoSystem	retained	Inferred	Retain physical/compiler projection label; no unique attached defining function body in the source inventory.	
recoil:function:0x4a7700	0x4a7700	zVideo::UpdateCachedClientRectScreenCoords	zVideo::UpdateCachedClientRectScreenCoords	retained	Inferred	Retain physical/compiler projection label; no unique attached defining function body in the source inventory.	
recoil:function:0x4a7740	0x4a7740	zVideo::ShutdownVideoSystem	zVideo::ShutdownVideoSystem	retained	Inferred	Retain physical/compiler projection label; no unique attached defining function body in the source inventory.	
recoil:function:0x4a7770	0x4a7770	zVideo::RestoreIconicFullscreenWindowIfNeeded	zVideo::RestoreIconicFullscreenWindowIfNeeded	retained	Inferred	Retain physical/compiler projection label; no unique attached defining function body in the source inventory.	
recoil:function:0x4a77a0	0x4a77a0	zVideo::BindRendererDispatch	zVideo::BindRendererDispatch	retained	Inferred	Retain physical/compiler projection label; no unique attached defining function body in the source inventory.	
recoil:function:0x4a7990	0x4a7990	zVideo::Init_SetSurfaceGeometryFromModeIndex	zVideo::InitSetSurfaceGeometryFromModeIndex	renamed	Inferred	Synchronize renamed source identifier within existing physical/compiler projection label.	
recoil:function:0x4a7af0	0x4a7af0	zVideo::SetVideoMode	zVideo::SetVideoMode	retained	Inferred	Retain physical/compiler projection label; no unique attached defining function body in the source inventory.	
recoil:function:0x4a7b20	0x4a7b20	zVideo::ExchangeClearScreenBufferEnabled	zVideo::ExchangeClearScreenBufferEnabled	retained	Inferred	Retain physical/compiler projection label; no unique attached defining function body in the source inventory.	
recoil:function:0x4a7b30	0x4a7b30	zVideo::GetClearScreenBufferEnabled	zVideo::GetClearScreenBufferEnabled	retained	Inferred	Retain physical/compiler projection label; no unique attached defining function body in the source inventory.	
recoil:function:0x4a7b40	0x4a7b40	zVideo_dd::StartupEnumerateAndDefaultSelect	zVideo_dd::StartupEnumerateAndDefaultSelect	retained	Inferred	Retain physical/compiler projection label; no unique attached defining function body in the source inventory.	
recoil:function:0x4a7b60	0x4a7b60	zVideo_dd::PresentDisplayModeSurface	zVideo_dd::PresentDisplayModeSurface	retained	Inferred	Retain physical/compiler projection label; no unique attached defining function body in the source inventory.	
recoil:function:0x4a7d20	0x4a7d20	zVideo_dd::OpenVideoMode	zVideo_dd::OpenVideoMode	retained	Inferred	Retain physical/compiler projection label; no unique attached defining function body in the source inventory.	
recoil:function:0x4a7d40	0x4a7d40	zVideo_dd::ShutdownVideoSystem	zVideo_dd::ShutdownVideoSystem	retained	Inferred	Retain physical/compiler projection label; no unique attached defining function body in the source inventory.	
recoil:function:0x4a7d70	0x4a7d70	zVideo_dd::FlipToGDIIfAttached	zVideo_dd::FlipToGDIIfAttached	retained	Inferred	Retain physical/compiler projection label; no unique attached defining function body in the source inventory.	
recoil:function:0x4a7d90	0x4a7d90	zVideo_dd::BltSwToPrimaryRectDirect	zVideo_dd::BltSwToPrimaryRectDirect	retained	Inferred	Retain physical/compiler projection label; no unique attached defining function body in the source inventory.	
recoil:function:0x4a7dd0	0x4a7dd0	zVideo_dd::BltPrimaryToSwRectDirect	zVideo_dd::BltPrimaryToSwRectDirect	retained	Inferred	Retain physical/compiler projection label; no unique attached defining function body in the source inventory.	
recoil:function:0x4a7e10	0x4a7e10	zVideo_dd::BltSwToPrimaryRect	zVideo_dd::BltSwToPrimaryRect	retained	Inferred	Retain physical/compiler projection label; no unique attached defining function body in the source inventory.	
recoil:function:0x4a7fc0	0x4a7fc0	zVideo_dd::LockSurfaceState	zVideo_dd::LockSurfaceState	retained	Inferred	Retain physical/compiler projection label; no unique attached defining function body in the source inventory.	
recoil:function:0x4a8030	0x4a8030	zVideo_dd::UnlockSurfaceState	zVideo_dd::UnlockSurfaceState	retained	Inferred	Retain physical/compiler projection label; no unique attached defining function body in the source inventory.	
recoil:function:0x4a8060	0x4a8060	zVideo_dd::LockDirectDrawSurface	zVideo_dd::LockDirectDrawSurface	retained	Inferred	Retain physical/compiler projection label; no unique attached defining function body in the source inventory.	
recoil:function:0x4a80c0	0x4a80c0	zVideo_dd::UnlockDirectDrawSurface	zVideo_dd::UnlockDirectDrawSurface	retained	Inferred	Retain physical/compiler projection label; no unique attached defining function body in the source inventory.	
recoil:function:0x4a8100	0x4a8100	zVideo_dd::LockSurface_WaitRestore	zVideo_dd::LockSurfaceWaitRestore	renamed	Inferred	Synchronize renamed source identifier within existing physical/compiler projection label.	
recoil:function:0x4a8160	0x4a8160	zVideo_dd::UnlockSurface_WaitRestore	zVideo_dd::UnlockSurfaceWaitRestore	renamed	Inferred	Synchronize renamed source identifier within existing physical/compiler projection label.	
recoil:function:0x4a81a0	0x4a81a0	zVideo_dd::ZBuffer_DepthFillRect	zVideo_dd::ZBufferDepthFillRect	renamed	Inferred	Synchronize renamed source identifier within existing physical/compiler projection label.	
recoil:function:0x4a8220	0x4a8220	zVideo_dd::ClearScreenAndZBufferRect	zVideo_dd::ClearScreenAndZBufferRect	retained	Inferred	Retain physical/compiler projection label; no unique attached defining function body in the source inventory.	
recoil:function:0x4a82f0	0x4a82f0	zVideo_dd::ClearSwBackbufferAndZBufferRects	zVideo_dd::ClearSwBackbufferAndZBufferRects	retained	Inferred	Retain physical/compiler projection label; no unique attached defining function body in the source inventory.	
recoil:function:0x4a83d0	0x4a83d0	zVideo_dd::Image_LazyCreateBackingSurface	zVideo_dd::ImageLazyCreateBackingSurface	renamed	Inferred	Synchronize renamed source identifier within existing physical/compiler projection label.	
recoil:function:0x4a84c0	0x4a84c0	zVideo_dd::Image_LazyCreateVideoMemorySurface	zVideo_dd::ImageLazyCreateVideoMemorySurface	renamed	Inferred	Synchronize renamed source identifier within existing physical/compiler projection label.	
recoil:function:0x4a8500	0x4a8500	zVideo_dd::Image_PopulateSurfaceFromHeapPixels	zVideo_dd::ImagePopulateSurfaceFromHeapPixels	renamed	Inferred	Synchronize renamed source identifier within existing physical/compiler projection label.	
recoil:function:0x4a8650	0x4a8650	zVideo_dd::Image_EnsureSurfaceForCurrentDevice	zVideo_dd::ImageEnsureSurfaceForCurrentDevice	renamed	Inferred	Synchronize renamed source identifier within existing physical/compiler projection label.	
recoil:function:0x4a8680	0x4a8680	zVideo_dd::Image_UploadPixelsToSurface	zVideo_dd::ImageUploadPixelsToSurface	renamed	Inferred	Synchronize renamed source identifier within existing physical/compiler projection label.	
recoil:function:0x4a86f0	0x4a86f0	zVideo_dd::Image_ReleaseSurface	zVideo_dd::ImageReleaseSurface	renamed	Inferred	Synchronize renamed source identifier within existing physical/compiler projection label.	
recoil:function:0x4a8720	0x4a8720	zVideo_dd::SetDisplayMode	zVideo_dd::SetDisplayMode	retained	Inferred	Retain physical/compiler projection label; no unique attached defining function body in the source inventory.	
recoil:function:0x4a8790	0x4a8790	zVideo_dd::SetVideoMode	zVideo_dd::SetVideoMode	retained	Inferred	Retain physical/compiler projection label; no unique attached defining function body in the source inventory.	
recoil:function:0x4a8800	0x4a8800	zVideo_dd::CreateDirectDraw2ForSelectedDevice	zVideo_dd::CreateDirectDraw2ForSelectedDevice	retained	Inferred	Retain physical/compiler projection label; no unique attached defining function body in the source inventory.	
recoil:function:0x4a8870	0x4a8870	zVideo::CommitHwApiDeviceSelection	zVideo::CommitHwApiDeviceSelection	retained	Inferred	Retain physical/compiler projection label; no unique attached defining function body in the source inventory.	
recoil:function:0x4a88b0	0x4a88b0	zVideo_dd::CreateSurface3FromDesc	zVideo_dd::CreateSurface3FromDesc	retained	Inferred	Retain physical/compiler projection label; no unique attached defining function body in the source inventory.	
recoil:function:0x4a88f0	0x4a88f0	zVideo_dd::CreateFullscreenSurfacesForRenderer	zVideo_dd::CreateFullscreenSurfacesForRenderer	retained	Inferred	Retain physical/compiler projection label; no unique attached defining function body in the source inventory.	
recoil:function:0x4a8920	0x4a8920	zVideo_dd::CreateHalfResBackbufferSurfaces	zVideo_dd::CreateHalfResBackbufferSurfaces	retained	Inferred	Retain physical/compiler projection label; no unique attached defining function body in the source inventory.	
recoil:function:0x4a8b20	0x4a8b20	zVideo_dd::CreateFullscreenSoftwareSurfaces	zVideo_dd::CreateFullscreenSoftwareSurfaces	retained	Inferred	Retain physical/compiler projection label; no unique attached defining function body in the source inventory.	
recoil:function:0x4a8dc0	0x4a8dc0	zVideo_dd::CreateFullscreenHardwareSurfaces	zVideo_dd::CreateFullscreenHardwareSurfaces	retained	Inferred	Retain physical/compiler projection label; no unique attached defining function body in the source inventory.	
recoil:function:0x4a8f80	0x4a8f80	zVideo_dd::InitFullscreenSoftwarePixelPack	zVideo_dd::InitFullscreenSoftwarePixelPack	retained	Inferred	Retain physical/compiler projection label; no unique attached defining function body in the source inventory.	
recoil:function:0x4a9060	0x4a9060	zVideo_dd::VerifyFullscreenSurfaceLocks	zVideo_dd::VerifyFullscreenSurfaceLocks	retained	Inferred	Retain physical/compiler projection label; no unique attached defining function body in the source inventory.	
recoil:function:0x4a90e0	0x4a90e0	zVideo_dd::RestoreDisplaySurfaces	zVideo_dd::RestoreDisplaySurfaces	retained	Inferred	Retain physical/compiler projection label; no unique attached defining function body in the source inventory.	
recoil:function:0x4a9160	0x4a9160	zVideo_dd::VerifySurfaceStateLocking	zVideo_dd::VerifySurfaceStateLocking	retained	Inferred	Retain physical/compiler projection label; no unique attached defining function body in the source inventory.	
recoil:function:0x4a91b0	0x4a91b0	zVideo_dd::ReleaseAllInterfacesAndSurfaces	zVideo_dd::ReleaseAllInterfacesAndSurfaces	retained	Inferred	Retain physical/compiler projection label; no unique attached defining function body in the source inventory.	
recoil:function:0x4a9300	0x4a9300	zVideo_dd::TeardownVideoSubsystem	zVideo_dd::TeardownVideoSubsystem	retained	Inferred	Retain physical/compiler projection label; no unique attached defining function body in the source inventory.	
recoil:function:0x4a9390	0x4a9390	zVideo_dd::RunDirectDrawDeviceEnumeration	zVideo_dd::RunDirectDrawDeviceEnumeration	retained	Inferred	Retain physical/compiler projection label; no unique attached defining function body in the source inventory.	
recoil:function:0x4a93d0	0x4a93d0	zVideo_dd::EnumDirectDrawDeviceCallback	zVideo_dd::EnumDirectDrawDeviceCallback	retained	Inferred	Retain physical/compiler projection label; no unique attached defining function body in the source inventory.	
recoil:function:0x4a95e0	0x4a95e0	zVideo_dd::EnumerateDirect3DDevicesForRecord	zVideo_dd::EnumerateDirect3DDevicesForRecord	retained	Inferred	Retain physical/compiler projection label; no unique attached defining function body in the source inventory.	
recoil:function:0x4a96b0	0x4a96b0	zVideo_dd::EnumDirect3DDeviceCallback	zVideo_dd::EnumDirect3DDeviceCallback	retained	Inferred	Retain physical/compiler projection label; no unique attached defining function body in the source inventory.	
recoil:function:0x4a9890	0x4a9890	zVideo_dd::PaletteSetEntries	zVideo_dd::PaletteSetEntries	retained	Inferred	Retain physical/compiler projection label; no unique attached defining function body in the source inventory.	
recoil:function:0x4a9900	0x4a9900	zVideo_dd::GetAcceptedDirectDrawDeviceCountCached	zVideo_dd::GetAcceptedDirectDrawDeviceCountCached	retained	Inferred	Retain physical/compiler projection label; no unique attached defining function body in the source inventory.	
recoil:function:0x4a9910	0x4a9910	zVid::GetAcceptedHardwareRendererCount_Cached	zVid::GetAcceptedHardwareRendererCountCached	renamed	Inferred	Synchronize renamed source identifier within existing physical/compiler projection label.	
recoil:function:0x4a9920	0x4a9920	zVideo_dd::GetHwApiDeviceFeatureFlags	zVideo_dd::GetHwApiDeviceFeatureFlags	retained	Inferred	Retain physical/compiler projection label; no unique attached defining function body in the source inventory.	
recoil:function:0x4a9940	0x4a9940	zVid::GetSelectedD3DDeviceNameOrDefault	zVid::GetSelectedD3DDeviceNameOrDefault	retained	Inferred	Retain physical/compiler projection label; no unique attached defining function body in the source inventory.	
recoil:function:0x4a9950	0x4a9950	zVid::QueryDeviceVideoMemoryBytes	zVid::QueryDeviceVideoMemoryBytes	retained	Inferred	Retain physical/compiler projection label; no unique attached defining function body in the source inventory.	
recoil:function:0x4a9a30	0x4a9a30	zVid::QueryTextureMemoryBytes	zVid::QueryTextureMemoryBytes	retained	Inferred	Retain physical/compiler projection label; no unique attached defining function body in the source inventory.	
recoil:function:0x4a9ac0	0x4a9ac0	zVideo_dd3d::BeginSceneAndFlushPendingRenderStates	zVideo_dd3d::BeginSceneAndFlushPendingRenderStates	retained	Inferred	Retain physical/compiler projection label; no unique attached defining function body in the source inventory.	
recoil:function:0x4a9b40	0x4a9b40	zVideo_dd3d::EndScene	zVideo_dd3d::EndScene	retained	Inferred	Retain physical/compiler projection label; no unique attached defining function body in the source inventory.	
recoil:function:0x4a9b70	0x4a9b70	zVideo_dd3d::PresentDisplayModeSurface	zVideo_dd3d::PresentDisplayModeSurface	retained	Inferred	Retain physical/compiler projection label; no unique attached defining function body in the source inventory.	
recoil:function:0x4a9c20	0x4a9c20	zVideo_dd3d::CreateDeviceState	zVideo_dd3d::CreateDeviceState	retained	Inferred	Retain physical/compiler projection label; no unique attached defining function body in the source inventory.	
recoil:function:0x4aa0f0	0x4aa0f0	zVideo_dd3d::CreateTextureRecord	zVideo_dd3d::CreateTextureRecord	retained	Inferred	Retain physical/compiler projection label; no unique attached defining function body in the source inventory.	
recoil:function:0x4aa600	0x4aa600	zVideo_dd3d::UploadImageToSurface	zVideo_dd3d::UploadImageToSurface	retained	Inferred	Retain physical/compiler projection label; no unique attached defining function body in the source inventory.	
recoil:function:0x4aa6f0	0x4aa6f0	zVideo_dd3d::ConvertImagePixelsForTexture	zVideo_dd3d::ConvertImagePixelsForTexture	retained	Inferred	Retain physical/compiler projection label; no unique attached defining function body in the source inventory.	
recoil:function:0x4aa8b0	0x4aa8b0	zVideo_dd3d::TextureRecord_LockUploadSurface	zVideo_dd3d::TextureRecordLockUploadSurface	renamed	Inferred	Synchronize renamed source identifier within existing physical/compiler projection label.	
recoil:function:0x4aa8f0	0x4aa8f0	zVideo_dd3d::TextureRecord_UnlockUploadSurface	zVideo_dd3d::TextureRecordUnlockUploadSurface	renamed	Inferred	Synchronize renamed source identifier within existing physical/compiler projection label.	
recoil:function:0x4aa900	0x4aa900	zVideo_dd3d::TextureRecord_ReleaseUploadSurfaceRef	zVideo_dd3d::TextureRecordReleaseUploadSurfaceRef	renamed	Inferred	Synchronize renamed source identifier within existing physical/compiler projection label.	
recoil:function:0x4aa920	0x4aa920	zVideo_dd3d::TextureRecord_FinalizeUpload	zVideo_dd3d::TextureRecordFinalizeUpload	renamed	Inferred	Synchronize renamed source identifier within existing physical/compiler projection label.	
recoil:function:0x4aa980	0x4aa980	zVideo_dd3d::TextureRecord_Destroy	zVideo_dd3d::TextureRecordDestroy	renamed	Inferred	Synchronize renamed source identifier within existing physical/compiler projection label.	
recoil:function:0x4aa9d0	0x4aa9d0	zVideo_dd3d::TextureRecord_Create	zVideo_dd3d::TextureRecordCreate	renamed	Inferred	Synchronize renamed source identifier within existing physical/compiler projection label.	
recoil:function:0x4aa9e0	0x4aa9e0	zVideo_dd3d::SetFogEnable	zVideo_dd3d::SetFogEnable	retained	Inferred	Retain physical/compiler projection label; no unique attached defining function body in the source inventory.	
recoil:function:0x4aaa30	0x4aaa30	zVideo_dd3d::SetFogStart	zVideo_dd3d::SetFogStart	retained	Inferred	Retain physical/compiler projection label; no unique attached defining function body in the source inventory.	
recoil:function:0x4aaa60	0x4aaa60	zVideo_dd3d::SetFogEnd	zVideo_dd3d::SetFogEnd	retained	Inferred	Retain physical/compiler projection label; no unique attached defining function body in the source inventory.	
recoil:function:0x4aaa90	0x4aaa90	zVideo_dd3d::ApplyFogStateFromGlobals	zVideo_dd3d::ApplyFogStateFromGlobals	retained	Inferred	Retain physical/compiler projection label; no unique attached defining function body in the source inventory.	
recoil:function:0x4aab30	0x4aab30	zVideo_dd3d::UpdateFogColor	zVideo_dd3d::UpdateFogColor	retained	Inferred	Retain physical/compiler projection label; no unique attached defining function body in the source inventory.	
recoil:function:0x4aab90	0x4aab90	zVideo_dd3d::SubmitPolyFlatColor16	zVideo_dd3d::SubmitPolyFlatColor16	retained	Inferred	Retain physical/compiler projection label; no unique attached defining function body in the source inventory.	
recoil:function:0x4aaef0	0x4aaef0	zVideo_dd3d::SubmitPolyGouraudColor16	zVideo_dd3d::SubmitPolyGouraudColor16	retained	Inferred	Retain physical/compiler projection label; no unique attached defining function body in the source inventory.	
recoil:function:0x4ab320	0x4ab320	zVideo_dd3d::SubmitPolyColorAttr	zVideo_dd3d::SubmitPolyColorAttr	retained	Inferred	Retain physical/compiler projection label; no unique attached defining function body in the source inventory.	
recoil:function:0x4ab6d0	0x4ab6d0	zVideo_dd3d::SubmitPolyRenderClass	zVideo_dd3d::SubmitPolyRenderClass	retained	Inferred	Retain physical/compiler projection label; no unique attached defining function body in the source inventory.	
recoil:function:0x4abb20	0x4abb20	zVideo_dd3d::SubmitPolygon	zVideo_dd3d::SubmitPolygon	retained	Inferred	Retain physical/compiler projection label; no unique attached defining function body in the source inventory.	
recoil:function:0x4ac370	0x4ac370	zVideo_dd3d::SubmitPolygonLit	zVideo_dd3d::SubmitPolygonLit	retained	Inferred	Retain physical/compiler projection label; no unique attached defining function body in the source inventory.	
recoil:function:0x4acbd0	0x4acbd0	zVideo_dd3d::DrawPointColor16	zVideo_dd3d::DrawPointColor16	retained	Inferred	Retain physical/compiler projection label; no unique attached defining function body in the source inventory.	
recoil:function:0x4accc0	0x4accc0	zVideo_dd3d::SetQuadBatchDepthAndRhw	zVideo_dd3d::SetQuadBatchDepthAndRhw	retained	Inferred	Retain physical/compiler projection label; no unique attached defining function body in the source inventory.	
recoil:function:0x4acd00	0x4acd00	zVideo_dd3d::QueueSolidQuad	zVideo_dd3d::QueueSolidQuad	retained	Inferred	Retain physical/compiler projection label; no unique attached defining function body in the source inventory.	
recoil:function:0x4ace30	0x4ace30	zVideo_dd3d::FlushSortedPolys	zVideo_dd3d::FlushSortedPolys	retained	Inferred	Retain physical/compiler projection label; no unique attached defining function body in the source inventory.	
recoil:function:0x4ad120	0x4ad120	zVideo_dd3d::FlushQuadBatch	zVideo_dd3d::FlushQuadBatch	retained	Inferred	Retain physical/compiler projection label; no unique attached defining function body in the source inventory.	
recoil:function:0x4ad250	0x4ad250	zVideo_dd3d::FlushOverwritePolys	zVideo_dd3d::FlushOverwritePolys	retained	Inferred	Retain physical/compiler projection label; no unique attached defining function body in the source inventory.	
recoil:function:0x4ad680	0x4ad680	zVideo_dd3d::FloorPowerOfTwo	zVideo_dd3d::FloorPowerOfTwo	retained	Inferred	Retain physical/compiler projection label; no unique attached defining function body in the source inventory.	
recoil:function:0x4ad6a0	0x4ad6a0	zVideo_dd::ReportError	zVideo_dd::ReportError	retained	Inferred	Retain physical/compiler projection label; no unique attached defining function body in the source inventory.	
recoil:function:0x4ae380	0x4ae380	OptCatalog::BlendDirectionTowardTarget	OptCatalog::BlendDirectionTowardTarget	retained	Inferred	Retain reconstructed descriptive spelling; exact original spelling is not established.	src/GameZRecoil/zWeapon/zwep_init.c:917
recoil:function:0x4ae3c0	0x4ae3c0	OptCatalog::FindEntryByName	OptCatalog::FindEntryByName	retained	Inferred	Retain reconstructed descriptive spelling; exact original spelling is not established.	src/GameZRecoil/zWeapon/zwep_init.c:939
recoil:function:0x4ae450	0x4ae450	OptCatalog::FindEntryById	OptCatalog::FindEntryById	retained	Inferred	Retain reconstructed descriptive spelling; exact original spelling is not established.	src/GameZRecoil/zWeapon/zwep_init.c:957
recoil:function:0x4ae4a0	0x4ae4a0	OptCatalog::SetPendingSpawnTargetOverrides	OptCatalog::SetPendingSpawnTargetOverrides	retained	Inferred	Retain reconstructed descriptive spelling; exact original spelling is not established.	src/GameZRecoil/zWeapon/zwep_init.c:977
recoil:function:0x4ae4b0	0x4ae4b0	OptCatalog::AllocOrReuseAttachNodeChildClone	OptCatalog::AllocOrReuseAttachNodeChildClone	retained	Inferred	Retain reconstructed descriptive spelling; exact original spelling is not established.	src/GameZRecoil/zWeapon/zwep_init.c:995
recoil:function:0x4ae4e0	0x4ae4e0	OptCatalog::RecycleAttachNodeClone	OptCatalog::RecycleAttachNodeClone	retained	Inferred	Retain reconstructed descriptive spelling; exact original spelling is not established.	src/GameZRecoil/zWeapon/zwep_init.c:1017
recoil:function:0x4ae520	0x4ae520	OptCatalog::ClearRuntimeInstanceAsyncFxHandleCallback	OptCatalog::ClearRuntimeInstanceAsyncFxHandleCallback	retained	Inferred	Retain reconstructed descriptive spelling; exact original spelling is not established.	src/GameZRecoil/zWeapon/zwep_init.c:1044
recoil:function:0x4ae530	0x4ae530	OptCatalog::AllocOrReuseAttachNodeClone	OptCatalog::AllocOrReuseAttachNodeClone	retained	Inferred	Retain reconstructed descriptive spelling; exact original spelling is not established.	src/GameZRecoil/zWeapon/zwep_init.c:1061
recoil:function:0x4ae590	0x4ae590	OptCatalog::RecycleRuntimeInstanceStorage	OptCatalog::RecycleRuntimeInstanceStorage	retained	Inferred	Retain reconstructed descriptive spelling; exact original spelling is not established.	src/GameZRecoil/zWeapon/zwep_init.c:1096
recoil:function:0x4ae660	0x4ae660	OptCatalog::AllocRuntimeInstance	OptCatalog::AllocRuntimeInstance	retained	Inferred	Retain reconstructed descriptive spelling; exact original spelling is not established.	src/GameZRecoil/zWeapon/zwep_init.c:1137
recoil:function:0x4aeaa0	0x4aeaa0	OptCatalog::SpawnRuntimeInstanceAt	OptCatalog::SpawnRuntimeInstanceAt	retained	Inferred	Retain reconstructed descriptive spelling; exact original spelling is not established.	src/GameZRecoil/zWeapon/zwep_init.c:1342
recoil:function:0x4aeb50	0x4aeb50	OptCatalog::RecycleRuntimeInstance	OptCatalog::RecycleRuntimeInstance	retained	Inferred	Retain reconstructed descriptive spelling; exact original spelling is not established.	src/GameZRecoil/zWeapon/zwep_init.c:1382
recoil:function:0x4aebc0	0x4aebc0	OptCatalog::ClearRuntimeInstances	OptCatalog::ClearRuntimeInstances	retained	Inferred	Retain reconstructed descriptive spelling; exact original spelling is not established.	src/GameZRecoil/zWeapon/zwep_init.c:1415
recoil:function:0x4aebf0	0x4aebf0	OptCatalog::RemoveRuntimeInstance	OptCatalog::RemoveRuntimeInstance	retained	Inferred	Retain reconstructed descriptive spelling; exact original spelling is not established.	src/GameZRecoil/zWeapon/zwep_init.c:1432
recoil:function:0x4aed00	0x4aed00	OptCatalog::ProcessRuntimeInstance	OptCatalog::ProcessRuntimeInstance	retained	Inferred	Retain reconstructed descriptive spelling; exact original spelling is not established.	src/GameZRecoil/zWeapon/zwep_init.c:1484
recoil:function:0x4aee40	0x4aee40	OptCatalog::ActivateTrailRuntimeState	OptCatalog::ActivateTrailRuntimeState	retained	Inferred	Retain reconstructed descriptive spelling; exact original spelling is not established.	src/GameZRecoil/zWeapon/zwep_init.c:1545
recoil:function:0x4aefb0	0x4aefb0	OptCatalog::DeactivateTrailRuntimeState	OptCatalog::DeactivateTrailRuntimeState	retained	Inferred	Retain reconstructed descriptive spelling; exact original spelling is not established.	src/GameZRecoil/zWeapon/zwep_init.c:1631
recoil:function:0x4af060	0x4af060	OptCatalog::ProcessRuntimeInstances	OptCatalog::ProcessRuntimeInstances	retained	Inferred	Retain reconstructed descriptive spelling; exact original spelling is not established.	src/GameZRecoil/zWeapon/zwep_init.c:1698
recoil:function:0x4b0530	0x4b0530	OptCatalog::ComputeAimPitchForTarget	OptCatalog::ComputeAimPitchForTarget	retained	Inferred	Retain reconstructed descriptive spelling; exact original spelling is not established.	src/GameZRecoil/zWeapon/zwep_init.c:2635
recoil:function:0x4b0600	0x4b0600	OptCatalog::PlayTriggerInactiveWarning	OptCatalog::PlayTriggerInactiveWarning	retained	Inferred	Retain reconstructed descriptive spelling; exact original spelling is not established.	src/GameZRecoil/zWeapon/zwep_init.c:2683
recoil:function:0x4b0620	0x4b0620	OptCatalog::PlayWeaponInactiveWarning	OptCatalog::PlayWeaponInactiveWarning	retained	Inferred	Retain reconstructed descriptive spelling; exact original spelling is not established.	src/GameZRecoil/zWeapon/zwep_init.c:2696
recoil:function:0x4b0640	0x4b0640	OptCatalog::PlayNoAmmoWarning	OptCatalog::PlayNoAmmoWarning	retained	Inferred	Retain reconstructed descriptive spelling; exact original spelling is not established.	src/GameZRecoil/zWeapon/zwep_init.c:2709
recoil:function:0x4b0660	0x4b0660	OptCatalog::EmitQSandImpactEvent	OptCatalog::EmitQSandImpactEvent	retained	Inferred	Retain reconstructed descriptive spelling; exact original spelling is not established.	src/GameZRecoil/zWeapon/zwep_init.c:2724
recoil:function:0x4b0710	0x4b0710	OptCatalog::EmitCraterImpactEvent	OptCatalog::EmitCraterImpactEvent	retained	Inferred	Retain reconstructed descriptive spelling; exact original spelling is not established.	src/GameZRecoil/zWeapon/zwep_init.c:2768
recoil:function:0x4b07d0	0x4b07d0	OptCatalog::HandleImpactEvent	OptCatalog::HandleImpactEvent	retained	Inferred	Retain reconstructed descriptive spelling; exact original spelling is not established.	src/GameZRecoil/zWeapon/zwep_init.c:2815
recoil:function:0x4b0980	0x4b0980	OptCatalog::HandleImpactEventFromRuntimeState	OptCatalog::HandleImpactEventFromRuntimeState	retained	Inferred	Retain reconstructed descriptive spelling; exact original spelling is not established.	src/GameZRecoil/zWeapon/zwep_init.c:2925
recoil:function:0x4b09d0	0x4b09d0	OptCatalog::BuildImpactHitList	OptCatalog::BuildImpactHitList	retained	Inferred	Retain reconstructed descriptive spelling; exact original spelling is not established.	src/GameZRecoil/zWeapon/zwep_init.c:2954
recoil:function:0x4b0a50	0x4b0a50	OptCatalog::HandleImpactFromRuntimeProbe	OptCatalog::HandleImpactFromRuntimeProbe	retained	Inferred	Retain reconstructed descriptive spelling; exact original spelling is not established.	src/GameZRecoil/zWeapon/zwep_init.c:3002
recoil:function:0x4b0ba0	0x4b0ba0	OptCatalog::CanSpawnThroughRay	OptCatalog::CanSpawnThroughRay	retained	Inferred	Retain reconstructed descriptive spelling; exact original spelling is not established.	src/GameZRecoil/zWeapon/zwep_init.c:3056
recoil:function:0x4b0ca0	0x4b0ca0	OptCatalog::ReflectAndSortImpactTraceList	OptCatalog::ReflectAndSortImpactTraceList	retained	Inferred	Retain reconstructed descriptive spelling; exact original spelling is not established.	src/GameZRecoil/zWeapon/zwep_init.c:3105
recoil:function:0x4b0e20	0x4b0e20	OptCatalog::ComputeTrailImpactResponse	OptCatalog::ComputeTrailImpactResponse	retained	Inferred	Retain reconstructed descriptive spelling; exact original spelling is not established.	src/GameZRecoil/zWeapon/zwep_init.c:3166
recoil:function:0x4b0f70	0x4b0f70	OptCatalog::UpdateTrailSegmentVisual	OptCatalog::UpdateTrailSegmentVisual	retained	Inferred	Retain reconstructed descriptive spelling; exact original spelling is not established.	src/GameZRecoil/zWeapon/zwep_init.c:3236
recoil:function:0x4b0fd0	0x4b0fd0	OptCatalog::PlayImpactSound	OptCatalog::PlayImpactSound	retained	Inferred	Retain reconstructed descriptive spelling; exact original spelling is not established.	src/GameZRecoil/zWeapon/zwep_init.c:3259
recoil:function:0x4b1030	0x4b1030	OptCatalog::PlayBounceSound	OptCatalog::PlayBounceSound	retained	Inferred	Retain reconstructed descriptive spelling; exact original spelling is not established.	src/GameZRecoil/zWeapon/zwep_init.c:3282
recoil:function:0x4b1090	0x4b1090	zWeapon::Init	zWepInit	renamed	Inferred	Synchronize current defining source name; descriptive reconstruction, not recovered original spelling.	src/GameZRecoil/zWeapon/zwep_init.c:3306
recoil:function:0x4b1140	0x4b1140	zWeapon::OnWeaponsSectionPreLoad	zWeapon::OnWeaponsSectionPreLoad	retained	Inferred	Retain reconstructed descriptive spelling; exact original spelling is not established.	src/GameZRecoil/zWeapon/zwep_init.c:3352
recoil:function:0x4b1160	0x4b1160	zWeapon::OnWeaponsSectionDataReady	zWeapon::OnWeaponsSectionDataReady	retained	Inferred	Retain reconstructed descriptive spelling; exact original spelling is not established.	src/GameZRecoil/zWeapon/zwep_init.c:3373
recoil:function:0x4b1180	0x4b1180	OptCatalog::Shutdown	OptCatalog::Shutdown	retained	Inferred	Retain reconstructed descriptive spelling; exact original spelling is not established.	src/GameZRecoil/zWeapon/zwep_init.c:3392
recoil:function:0x4b1190	0x4b1190	zWeapon::LoadOptCatalogFromPath	zWeapon::LoadOptCatalogFromPath	retained	Inferred	Retain reconstructed descriptive spelling; exact original spelling is not established.	src/GameZRecoil/zWeapon/zwep_init.c:3404
recoil:function:0x4b1d80	0x4b1d80	zWeapon::SetMaxTetherAltitude	zWeapon::SetMaxTetherAltitude	retained	Inferred	Retain reconstructed descriptive spelling; exact original spelling is not established.	src/GameZRecoil/zWeapon/zwep_init.c:3984
recoil:function:0x4b1d90	0x4b1d90	OptCatalog::ShutdownCore	OptCatalog::ShutdownCore	retained	Inferred	Retain reconstructed descriptive spelling; exact original spelling is not established.	src/GameZRecoil/zWeapon/zwep_init.c:3997
recoil:function:0x4b1ec0	0x4b1ec0	OptCatalog::CreateTrailRuntimeState	OptCatalog::CreateTrailRuntimeState	retained	Inferred	Retain reconstructed descriptive spelling; exact original spelling is not established.	src/GameZRecoil/zWeapon/zwep_init.c:4061
recoil:function:0x4b1f90	0x4b1f90	OptCatalog::FreeTrailRuntimeStateStorage	OptCatalog::FreeTrailRuntimeStateStorage	retained	Inferred	Retain reconstructed descriptive spelling; exact original spelling is not established.	src/GameZRecoil/zWeapon/zwep_init.c:4114
recoil:function:0x4b1fa0	0x4b1fa0	OptCatalog::LoadFxSpecFromReaderNode	OptCatalog::LoadFxSpecFromReaderNode	retained	Inferred	Retain reconstructed descriptive spelling; exact original spelling is not established.	src/GameZRecoil/zWeapon/zwep_init.c:4124
recoil:function:0x4b2130	0x4b2130	OptCatalog::CreateTrailSegmentNodeFromTemplate	OptCatalog::CreateTrailSegmentNodeFromTemplate	retained	Inferred	Retain reconstructed descriptive spelling; exact original spelling is not established.	src/GameZRecoil/zWeapon/zwep_init.c:4207
recoil:function:0x4b2160	0x4b2160	Light::InitThermalGlowPool	Light::InitThermalGlowPool	retained	Inferred	Retain reconstructed descriptive spelling; exact original spelling is not established.	src/GameZRecoil/zWeapon/zwep_init.c:4226
recoil:function:0x4b21c0	0x4b21c0	PlayerTimedHitStatus::ResetFields	PlayerTimedHitStatus::ResetFields	retained	Inferred	Retain reconstructed descriptive spelling; exact original spelling is not established.	src/GameZRecoil/zWeapon/zwep_init.c:4246
recoil:function:0x4b21e0	0x4b21e0	Light::DestroyThermalGlowPool	Light::DestroyThermalGlowPool	retained	Inferred	Retain reconstructed descriptive spelling; exact original spelling is not established.	src/GameZRecoil/zWeapon/zwep_init.c:4262
recoil:function:0x4b2210	0x4b2210	HitSource::UpdateTimedStatus	HitSource::UpdateTimedStatus	retained	Inferred	Retain reconstructed descriptive spelling; exact original spelling is not established.	src/GameZRecoil/zWeapon/zwep_init.c:4283
recoil:function:0x4b22d0	0x4b22d0	PlayerTimedHitStatus::ClearLightAndReset	PlayerTimedHitStatus::ClearLightAndReset	retained	Inferred	Retain reconstructed descriptive spelling; exact original spelling is not established.	src/GameZRecoil/zWeapon/zwep_init.c:4329
recoil:function:0x4b2300	0x4b2300	PlayerTimedHitStatus::TickAndUpdateLight	PlayerTimedHitStatus::TickAndUpdateLight	retained	Inferred	Retain reconstructed descriptive spelling; exact original spelling is not established.	src/GameZRecoil/zWeapon/zwep_init.c:4343
recoil:function:0x4b2520	0x4b2520	Light::AllocFromFreeListAndAttach	Light::AllocFromFreeListAndAttach	retained	Inferred	Retain reconstructed descriptive spelling; exact original spelling is not established.	src/GameZRecoil/zWeapon/zwep_init.c:4424
recoil:function:0x4b2570	0x4b2570	Light::ReturnToFreeList	Light::ReturnToFreeList	retained	Inferred	Retain reconstructed descriptive spelling; exact original spelling is not established.	src/GameZRecoil/zWeapon/zwep_init.c:4451
recoil:function:0x4b25a0	0x4b25a0	zClass_Node::SetDamageHitCallback	zClass_Node::SetDamageHitCallback	retained	Inferred	Retain reconstructed descriptive spelling; exact original spelling is not established.	src/GameZRecoil/zWeapon/zwep_init.c:4465
recoil:function:0x4b25f0	0x4b25f0	zClass_Node::AssignDamageHandlerRecursiveIfMissing	zClass_Node::AssignDamageHandlerRecursiveIfMissing	retained	Inferred	Retain reconstructed descriptive spelling; exact original spelling is not established.	src/GameZRecoil/zWeapon/zwep_init.c:4498
recoil:function:0x4b2630	0x4b2630	zClass_Node::ClearDamageHandler	zClass_Node::ClearDamageHandler	retained	Inferred	Retain reconstructed descriptive spelling; exact original spelling is not established.	src/GameZRecoil/zWeapon/zwep_init.c:4523
recoil:function:0x4b2670	0x4b2670	zClass_Node::ClearDamageHandlerRecursive	zClass_Node::ClearDamageHandlerRecursive	retained	Inferred	Retain reconstructed descriptive spelling; exact original spelling is not established.	src/GameZRecoil/zWeapon/zwep_init.c:4550
recoil:function:0x4b26b0	0x4b26b0	zClass_Node::SetDamageTimerCallback	zClass_Node::SetDamageTimerCallback	retained	Inferred	Retain reconstructed descriptive spelling; exact original spelling is not established.	src/GameZRecoil/zWeapon/zwep_init.c:4572
recoil:function:0x4b26f0	0x4b26f0	OptCatalog::InvokeDamageFeedbackAndHitCallback	OptCatalog::InvokeDamageFeedbackAndHitCallback	retained	Inferred	Retain reconstructed descriptive spelling; exact original spelling is not established.	src/GameZRecoil/zWeapon/zwep_init.c:4602
recoil:function:0x4b2880	0x4b2880	OptCatalog::CaptureHitSnapshotAndInvokeDamageTimerCallback	OptCatalog::CaptureHitSnapshotAndInvokeDamageTimerCallback	retained	Inferred	Retain reconstructed descriptive spelling; exact original spelling is not established.	src/GameZRecoil/zWeapon/zwep_init.c:4701
recoil:function:0x4b28e0	0x4b28e0	OptCatalog::SetDamageContext	OptCatalog::SetDamageContext	retained	Inferred	Retain reconstructed descriptive spelling; exact original spelling is not established.	src/GameZRecoil/zWeapon/zwep_init.c:4730
recoil:function:0x4b2900	0x4b2900	DamageFeedback::SetIntensityScalar	DamageFeedback::SetIntensityScalar	retained	Inferred	Retain reconstructed descriptive spelling; exact original spelling is not established.	src/GameZRecoil/zWeapon/zwep_init.c:4751
recoil:function:0x4b2910	0x4b2910	OptCatalog::GetCapturedHitSourcePtr	OptCatalog::GetCapturedHitSourcePtr	retained	Inferred	Retain reconstructed descriptive spelling; exact original spelling is not established.	src/GameZRecoil/zWeapon/zwep_init.c:4765
recoil:function:0x4b2920	0x4b2920	HitContext::GetCurrentOwnerOrCtx	HitContext::GetCurrentOwnerOrCtx	retained	Inferred	Retain reconstructed descriptive spelling; exact original spelling is not established.	src/GameZRecoil/zWeapon/zwep_init.c:4778
recoil:function:0x4b2930	0x4b2930	OptCatalog_MineIterator::Begin	OptCatalog_MineIterator::Begin	retained	Inferred	Retain reconstructed descriptive spelling; exact original spelling is not established.	src/GameZRecoil/zWeapon/zwep_init.c:4797
recoil:function:0x4b2940	0x4b2940	OptCatalog_MineIterator::Next	OptCatalog_MineIterator::Next	retained	Inferred	Retain reconstructed descriptive spelling; exact original spelling is not established.	src/GameZRecoil/zWeapon/zwep_init.c:4819
recoil:function:0x4b2960	0x4b2960	zGame::Options_LoadFromRegistry	zGame::OptionsLoadFromRegistry	renamed	Inferred	Synchronize current defining source name; descriptive reconstruction, not recovered original spelling.	src/GameZRecoil/zGame/zgame_opt.c:245
recoil:function:0x4b2bf0	0x4b2bf0	zGame::Options_SaveToRegistry	zGame::OptionsSaveToRegistry	renamed	Inferred	Synchronize current defining source name; descriptive reconstruction, not recovered original spelling.	src/GameZRecoil/zGame/zgame_opt.c:327
recoil:function:0x4b2e80	0x4b2e80	zGame::Options_GetOrCreateOption	zGame::OptionsGetOrCreateOption	renamed	Inferred	Synchronize current defining source name; descriptive reconstruction, not recovered original spelling.	src/GameZRecoil/zGame/zgame_opt.c:411
recoil:function:0x4b2f50	0x4b2f50	zSnd::AcquireCachedDirectSound	zSnd::AcquireCachedDirectSound	retained	Inferred	Retain physical/compiler projection label; no unique attached defining function body in the source inventory.	
recoil:function:0x4b2fa0	0x4b2fa0	zSnd::ReleaseCachedDirectSound	zSnd::ReleaseCachedDirectSound	retained	Inferred	Retain physical/compiler projection label; no unique attached defining function body in the source inventory.	
recoil:function:0x4b2fc0	0x4b2fc0	zSnd::CachedDirectSound_GetCaps	zSnd::CachedDirectSoundGetCaps	renamed	Inferred	Synchronize renamed source identifier within existing physical/compiler projection label.	
recoil:function:0x4b2fe0	0x4b2fe0	zSys::HasCpuidSupportRuntimeOptions	zSys::HasCpuidSupportRuntimeOptions	retained	Inferred	Retain reconstructed descriptive spelling; exact original spelling is not established.	src/GameZRecoil/zGame/zgame_opt.c:526
recoil:function:0x4b3020	0x4b3020	zCpu::HasMmxSupport	zCpu::HasMmxSupport	retained	Inferred	Retain reconstructed descriptive spelling; exact original spelling is not established.	src/GameZRecoil/zGame/zgame_opt.c:568
recoil:function:0x4b3050	0x4b3050	zSys::CheckCpuSignatureMask	zSys::CheckCpuSignatureMask	retained	Inferred	Retain reconstructed descriptive spelling; exact original spelling is not established.	src/GameZRecoil/zGame/zgame_opt.c:610
recoil:function:0x4b3090	0x4b3090	zGame_OptionsRuntimeConfig::CopyDefault	zGame_OptionsRuntimeConfig::CopyDefault	retained	Inferred	Retain reconstructed descriptive spelling; exact original spelling is not established.	src/GameZRecoil/zGame/zgame_opt.c:648
recoil:function:0x4b30b0	0x4b30b0	zGame_OptionsRuntimeConfig::InitFromSystem	zGame_OptionsRuntimeConfig::InitFromSystem	retained	Inferred	Retain reconstructed descriptive spelling; exact original spelling is not established.	src/GameZRecoil/zGame/zgame_opt.c:663
recoil:function:0x4b3160	0x4b3160	zGame_OptionsRuntimeConfig::LoadCpuVendorString	zGame_OptionsRuntimeConfig::LoadCpuVendorString	retained	Inferred	Retain reconstructed descriptive spelling; exact original spelling is not established.	src/GameZRecoil/zGame/zgame_opt.c:709
recoil:function:0x4b31b0	0x4b31b0	zSys::GetCpuClass	zSys::GetCpuClass	retained	Inferred	Retain reconstructed descriptive spelling; exact original spelling is not established.	src/GameZRecoil/zGame/zgame_opt.c:746
recoil:function:0x4b31c0	0x4b31c0	zSys::GetCpuMhz	zSys::GetCpuMhz	retained	Inferred	Retain reconstructed descriptive spelling; exact original spelling is not established.	src/GameZRecoil/zSys/zsys_cpu.cpp:64
recoil:function:0x4b31f0	0x4b31f0	zSnd::HasMmxMixerSupport	zSnd::HasMmxMixerSupport	retained	Inferred	Retain physical/compiler projection label; no unique attached defining function body in the source inventory.	
recoil:function:0x4b3210	0x4b3210	zSys::ReturnZeroStub	zSys::ReturnZeroStub	retained	Inferred	Retain reconstructed descriptive spelling; exact original spelling is not established.	src/GameZRecoil/zGame/zgame_opt.c:776
recoil:function:0x4b3220	0x4b3220	zVid::HasAcceptedHardwareRenderer	zVid::HasAcceptedHardwareRenderer	retained	Inferred	Retain physical/compiler projection label; no unique attached defining function body in the source inventory.	
recoil:function:0x4b3230	0x4b3230	zSys::GetTotalPhysKb	zSys::GetTotalPhysKb	retained	Inferred	Retain reconstructed descriptive spelling; exact original spelling is not established.	src/GameZRecoil/zGame/zgame_opt.c:800
recoil:function:0x4b3260	0x4b3260	zGame::Options_InitRegistryContext	zGame::OptionsInitRegistryContext	renamed	Inferred	Synchronize current defining source name; descriptive reconstruction, not recovered original spelling.	src/GameZRecoil/zGame/zgame_opt.c:818
recoil:function:0x4b32c0	0x4b32c0	zGame::Options_ShutdownRegistryContext	zGame::OptionsShutdownRegistryContext	renamed	Inferred	Synchronize current defining source name; descriptive reconstruction, not recovered original spelling.	src/GameZRecoil/zGame/zgame_opt.c:838
recoil:function:0x4b3380	0x4b3380	zGame::Options_FindOption	zGame::OptionsFindOption	renamed	Inferred	Synchronize current defining source name; descriptive reconstruction, not recovered original spelling.	src/GameZRecoil/zGame/zgame_opt.c:889
recoil:function:0x4b33f0	0x4b33f0	zSys::HasCpuidSupport	zSys::HasCpuidSupport	retained	Inferred	Retain reconstructed descriptive spelling; exact original spelling is not established.	src/GameZRecoil/zSys/zsys_cpu.cpp:86
recoil:function:0x4b3420	0x4b3420	zSys::DetectCpuClassAndFeatures	zSys::DetectCpuClassAndFeatures	retained	Inferred	Retain reconstructed descriptive spelling; exact original spelling is not established.	src/GameZRecoil/zSys/zsys_cpu.cpp:117
recoil:function:0x4b3480	0x4b3480	zSys::ReadCpuidFeatureFlags	zSys::ReadCpuidFeatureFlags	retained	Inferred	Retain reconstructed descriptive spelling; exact original spelling is not established.	src/GameZRecoil/zSys/zsys_cpu.cpp:152
recoil:function:0x4b3510	0x4b3510	zSys::ProbeDivZeroFlagBehavior	zSys::ProbeDivZeroFlagBehavior	retained	Inferred	Retain reconstructed descriptive spelling; exact original spelling is not established.	src/GameZRecoil/zSys/zsys_cpu.cpp:229
recoil:function:0x4b3550	0x4b3550	zSys::DetectIs8086ByEflagsHiBits	zSys::DetectIs8086ByEflagsHiBits	retained	Inferred	Retain reconstructed descriptive spelling; exact original spelling is not established.	src/GameZRecoil/zSys/zsys_cpu.cpp:266
recoil:function:0x4b35a0	0x4b35a0	zSys::DetectIs80286ByEflagsHiBits	zSys::DetectIs80286ByEflagsHiBits	retained	Inferred	Retain reconstructed descriptive spelling; exact original spelling is not established.	src/GameZRecoil/zSys/zsys_cpu.cpp:306
recoil:function:0x4b35f0	0x4b35f0	zSys::DetectIs80386ByAcFlag	zSys::DetectIs80386ByAcFlag	retained	Inferred	Retain reconstructed descriptive spelling; exact original spelling is not established.	src/GameZRecoil/zSys/zsys_cpu.cpp:345
recoil:function:0x4b3640	0x4b3640	zSys::ReadCpuidVendorAndFamily	zSys::ReadCpuidVendorAndFamily	retained	Inferred	Retain reconstructed descriptive spelling; exact original spelling is not established.	src/GameZRecoil/zSys/zsys_cpu.cpp:387
recoil:function:0x4b36f0	0x4b36f0	zSys::ResolveCpuBenchmarkPacket	CpuBenchmarkResolver::ResolveCpuBenchmarkPacket	renamed	Inferred	Synchronize current defining source name; descriptive reconstruction, not recovered original spelling.	src/GameZRecoil/zSys/zsys_cpu.cpp:486
recoil:function:0x4b37f0	0x4b37f0	zSys::MeasureMhzViaBsfLoop_Qpc	zSys::MeasureMhzViaBsfLoopQpc	renamed	Inferred	Synchronize renamed source identifier within existing physical/compiler projection label.	
recoil:function:0x4b38e0	0x4b38e0	zSys::MeasureCpuMhz_RdtscQpc	zSys::MeasureCpuMhzRdtscQpc	renamed	Inferred	Synchronize renamed source identifier within existing physical/compiler projection label.	
recoil:function:0x4b3b00	0x4b3b00	zSys::ReadCmosRtcSecondsBcd	zSys::ReadCmosRtcSecondsBcd	retained	Inferred	Retain reconstructed descriptive spelling; exact original spelling is not established.	src/GameZRecoil/zSys/zsys_cpu.cpp:980
recoil:function:0x4b3b20	0x4b3b20	zSys::ReadTsc64	zSys::ReadTsc64	retained	Inferred	Retain reconstructed descriptive spelling; exact original spelling is not established.	src/GameZRecoil/zSys/zsys_cpu.cpp:1008
recoil:function:0x4b3b50	0x4b3b50	zSys::MeasureCpuMhz_CmosRtc	zSys::MeasureCpuMhzCmosRtc	renamed	Inferred	Synchronize renamed source identifier within existing physical/compiler projection label.	
recoil:function:0x4b3ca0	0x4b3ca0	zSys::Sub64	zSys::Sub64	retained	Inferred	Retain reconstructed descriptive spelling; exact original spelling is not established.	src/GameZRecoil/zSys/zsys_cpu.cpp:1215
recoil:function:0x4b3ce0	0x4b3ce0	HudUiWidget::ScalarDeletingDestructor	HudUiWidget::ScalarDeletingDestructor	retained	Inferred	Retain physical/compiler projection label; no unique attached defining function body in the source inventory.	
recoil:function:0x4b3d00	0x4b3d00	HudUiWidget::Constructor	HudUiWidget::Constructor	retained	Inferred	Retain physical/compiler projection label; no unique attached defining function body in the source inventory.	
recoil:function:0x4b3d50	0x4b3d50	HudUiWidget::DestructorCore	HudUiWidget::DestructorCore	retained	Inferred	Retain physical/compiler projection label; no unique attached defining function body in the source inventory.	
recoil:function:0x4b3da0	0x4b3da0	HudUiWidget::ReleaseImageIfOwned	HudUiWidget::ReleaseImageIfOwned	retained	Inferred	Retain physical/compiler projection label; no unique attached defining function body in the source inventory.	
recoil:function:0x4b3dd0	0x4b3dd0	HudUiWidget::SetPos	HudUiWidget::SetPos	retained	Inferred	Retain physical/compiler projection label; no unique attached defining function body in the source inventory.	
recoil:function:0x4b3e30	0x4b3e30	HudUiWidget::SetImageByPathOwned	HudUiWidget::SetImageByPathOwned	retained	Inferred	Retain physical/compiler projection label; no unique attached defining function body in the source inventory.	
recoil:function:0x4b3e70	0x4b3e70	HudUiWidget::SetImageBorrowedAndInvalidate	HudUiWidget::SetImageBorrowedAndInvalidate	retained	Inferred	Retain physical/compiler projection label; no unique attached defining function body in the source inventory.	
recoil:function:0x4b3e90	0x4b3e90	HudUiWidget::InvalidateRect	HudUiWidget::InvalidateRect	retained	Inferred	Retain physical/compiler projection label; no unique attached defining function body in the source inventory.	
recoil:function:0x4b3fb0	0x4b3fb0	HudUiWidget::Draw	HudUiWidget::Draw	retained	Inferred	Retain physical/compiler projection label; no unique attached defining function body in the source inventory.	
recoil:function:0x4b4030	0x4b4030	HudUiWidget::HitTest	HudUiWidget::HitTest	retained	Inferred	Retain physical/compiler projection label; no unique attached defining function body in the source inventory.	
recoil:function:0x4b4070	0x4b4070	HudUiElement::Constructor	HudUiElement::Constructor	retained	Inferred	Retain physical/compiler projection label; no unique attached defining function body in the source inventory.	
recoil:function:0x4b40c0	0x4b40c0	HudUiElement::CopyConstructor	HudUiElement::HudUiElement	renamed	Inferred	Synchronize current defining source name; descriptive reconstruction, not recovered original spelling.	src/GameZRecoil/zUI/zui_widgets.cpp:1788
recoil:function:0x4b4120	0x4b4120	HudUiElement::CopyFrom	HudUiElement::CopyFrom	retained	Inferred	Retain physical/compiler projection label; no unique attached defining function body in the source inventory.	
recoil:function:0x4b4180	0x4b4180	HudUiElement::Invalidate	HudUiElement::Invalidate	retained	Inferred	Retain reconstructed descriptive spelling; exact original spelling is not established.	src/GameZRecoil/zUI/zui_widgets.cpp:1835
recoil:function:0x4b4190	0x4b4190	HudUiElement::SetBltSourceAndClipRect	HudUiElement::SetBltSourceAndClipRect	retained	Inferred	Retain reconstructed descriptive spelling; exact original spelling is not established.	src/GameZRecoil/zUI/zui_widgets.cpp:1846
recoil:function:0x4b41b0	0x4b41b0	HudUiElement::SetClipRect	HudUiElement::SetClipRect	retained	Inferred	Retain reconstructed descriptive spelling; exact original spelling is not established.	src/GameZRecoil/zUI/zui_widgets.cpp:1863
recoil:function:0x4b41e0	0x4b41e0	HudUiElement::Update	HudUiElement::Update	retained	Inferred	Retain reconstructed descriptive spelling; exact original spelling is not established.	src/GameZRecoil/zUI/zui_widgets.cpp:1878
recoil:function:0x4b4280	0x4b4280	HudUiElement::SetTimer	HudUiElement::SetTimer	retained	Inferred	Retain reconstructed descriptive spelling; exact original spelling is not established.	src/GameZRecoil/zUI/zui_widgets.cpp:1930
recoil:function:0x4b42c0	0x4b42c0	HudUiElement::GetTextRect	HudUiElement::GetTextRect	retained	Inferred	Retain reconstructed descriptive spelling; exact original spelling is not established.	src/GameZRecoil/zUI/zui_widgets.cpp:1952
recoil:function:0x4b42f0	0x4b42f0	HudUiTextInput::Constructor	HudUiTextInput::Constructor	retained	Inferred	Retain physical/compiler projection label; no unique attached defining function body in the source inventory.	
recoil:function:0x4b4370	0x4b4370	HudUiTextInput::DestructorCore	HudUiTextInput::DestructorCore	retained	Inferred	Retain physical/compiler projection label; no unique attached defining function body in the source inventory.	
recoil:function:0x4b4390	0x4b4390	HudUiTextInput::AllocTextBuffer	HudUiTextInput::AllocTextBuffer	retained	Inferred	Retain physical/compiler projection label; no unique attached defining function body in the source inventory.	
recoil:function:0x4b43d0	0x4b43d0	HudUiTextInput::SetContents	HudUiTextInput::SetContents	retained	Inferred	Retain physical/compiler projection label; no unique attached defining function body in the source inventory.	
recoil:function:0x4b4410	0x4b4410	HudUiTextInput::GetBuffer	HudUiTextInput::GetBuffer	retained	Inferred	Retain physical/compiler projection label; no unique attached defining function body in the source inventory.	
recoil:function:0x4b4420	0x4b4420	HudUiTextInput::SetCursorPosition	HudUiTextInput::SetCursorPosition	retained	Inferred	Retain physical/compiler projection label; no unique attached defining function body in the source inventory.	
recoil:function:0x4b4460	0x4b4460	HudUiTextInput::DispatchKeyAction	HudUiTextInput::DispatchKeyAction	retained	Inferred	Retain physical/compiler projection label; no unique attached defining function body in the source inventory.	
recoil:function:0x4b44e0	0x4b44e0	HudUiTextInput::InsertCharAtCursor	HudUiTextInput::InsertCharAtCursor	retained	Inferred	Retain physical/compiler projection label; no unique attached defining function body in the source inventory.	
recoil:function:0x4b4530	0x4b4530	HudUiTextInput::BackspaceDeleteChar	HudUiTextInput::BackspaceDeleteChar	retained	Inferred	Retain physical/compiler projection label; no unique attached defining function body in the source inventory.	
recoil:function:0x4b4550	0x4b4550	HudUiTextInput::DeleteCharForward	HudUiTextInput::DeleteCharForward	retained	Inferred	Retain physical/compiler projection label; no unique attached defining function body in the source inventory.	
recoil:function:0x4b4560	0x4b4560	HudUiTextInput::MoveCursorLeft	HudUiTextInput::MoveCursorLeft	retained	Inferred	Retain physical/compiler projection label; no unique attached defining function body in the source inventory.	
recoil:function:0x4b4570	0x4b4570	HudUiTextInput::MoveCursorRight	HudUiTextInput::MoveCursorRight	retained	Inferred	Retain physical/compiler projection label; no unique attached defining function body in the source inventory.	
recoil:function:0x4b4590	0x4b4590	HudUiTextInput::ShiftTextRight	HudUiTextInput::ShiftTextRight	retained	Inferred	Retain physical/compiler projection label; no unique attached defining function body in the source inventory.	
recoil:function:0x4b45e0	0x4b45e0	HudUiTextInput::ShiftTextLeft	HudUiTextInput::ShiftTextLeft	retained	Inferred	Retain physical/compiler projection label; no unique attached defining function body in the source inventory.	
recoil:function:0x4b4620	0x4b4620	HudUiSliderBorder::Constructor	HudUiSliderBorder::Constructor	retained	Inferred	Retain physical/compiler projection label; no unique attached defining function body in the source inventory.	
recoil:function:0x4b47a0	0x4b47a0	HudUiElement::ResetCommonFTable	HudUiElement::ResetCommonFTable	retained	Inferred	Retain physical/compiler projection label; no unique attached defining function body in the source inventory.	
recoil:function:0x4b47b0	0x4b47b0	HudUiSliderBorder::Update	HudUiSliderBorder::Update	retained	Inferred	Retain physical/compiler projection label; no unique attached defining function body in the source inventory.	
recoil:function:0x4b4810	0x4b4810	HudUiSliderBorder::SetBounds	HudUiSliderBorder::SetBounds	retained	Inferred	Retain physical/compiler projection label; no unique attached defining function body in the source inventory.	
recoil:function:0x4b49e0	0x4b49e0	HudUiNumericTextInput::BaseConstructor	HudUiNumericTextInput::BaseConstructor	retained	Inferred	Retain physical/compiler projection label; no unique attached defining function body in the source inventory.	
recoil:function:0x4b4a90	0x4b4a90	HudUiNumericTextInput::ScalarDeletingDestructor	HudUiNumericTextInput::ScalarDeletingDestructor	retained	Inferred	Retain physical/compiler projection label; no unique attached defining function body in the source inventory.	
recoil:function:0x4b4ab0	0x4b4ab0	HudUiTextInput::DestructorCoreThunk	HudUiTextInput::DestructorCore	renamed	Inferred	Synchronize current defining source name; descriptive reconstruction, not recovered original spelling.	src/GameZRecoil/zUI/zui.cpp:3461
recoil:function:0x4b4ac0	0x4b4ac0	HudUiNumericTextInput::Destructor	HudUiNumericTextInput::~HudUiNumericTextInput	renamed	Inferred	Synchronize current defining source name; descriptive reconstruction, not recovered original spelling.	src/GameZRecoil/zUI/zui_widgets.cpp:2238
recoil:function:0x4b4b30	0x4b4b30	HudUiNumericTextInput::RawKeyboardCallback	HudUiNumericTextInput::RawKeyboardCallback	retained	Inferred	Retain physical/compiler projection label; no unique attached defining function body in the source inventory.	
recoil:function:0x4b4b50	0x4b4b50	HudUiNumericTextInput::OnRawKeyboardChar	HudUiNumericTextInput::OnRawKeyboardChar	retained	Inferred	Retain physical/compiler projection label; no unique attached defining function body in the source inventory.	
recoil:function:0x4b4ba0	0x4b4ba0	HudUiNumericTextInput::SetInputActive	HudUiNumericTextInput::SetInputActive	retained	Inferred	Retain physical/compiler projection label; no unique attached defining function body in the source inventory.	
recoil:function:0x4b4c50	0x4b4c50	HudUiNumericTextInput::SetRawKeyboardCapture	HudUiNumericTextInput::SetRawKeyboardCapture	retained	Inferred	Retain physical/compiler projection label; no unique attached defining function body in the source inventory.	
recoil:function:0x4b4c90	0x4b4c90	HudUiNumericTextInput::OnActivate	HudUiNumericTextInput::OnActivate	retained	Inferred	Retain physical/compiler projection label; no unique attached defining function body in the source inventory.	
recoil:function:0x4b4ca0	0x4b4ca0	HudUiNumericTextInput::UpdateCaptureUiAndClip	HudUiNumericTextInput::UpdateCaptureUiAndClip	retained	Inferred	Retain physical/compiler projection label; no unique attached defining function body in the source inventory.	
recoil:function:0x4b4e40	0x4b4e40	HudUiNumericTextInput::AllocTextBuffer	HudUiNumericTextInput::AllocTextBuffer	retained	Inferred	Retain physical/compiler projection label; no unique attached defining function body in the source inventory.	
recoil:function:0x4b4e60	0x4b4e60	HudUiNumericTextInput::Update	HudUiNumericTextInput::Update	retained	Inferred	Retain physical/compiler projection label; no unique attached defining function body in the source inventory.	
recoil:function:0x4b4ed0	0x4b4ed0	HudUiNumericTextInput::GetBuffer	HudUiNumericTextInput::GetBuffer	retained	Inferred	Retain physical/compiler projection label; no unique attached defining function body in the source inventory.	
recoil:function:0x4b4ee0	0x4b4ee0	HudUiZrdWidget::Constructor	HudUiZrdWidget::Constructor	retained	Inferred	Retain physical/compiler projection label; no unique attached defining function body in the source inventory.	
recoil:function:0x4b50a0	0x4b50a0	HudUiZrdWidget::ScalarDeletingDestructor	HudUiZrdWidget::ScalarDeletingDestructor	retained	Inferred	Retain physical/compiler projection label; no unique attached defining function body in the source inventory.	
recoil:function:0x4b50c0	0x4b50c0	HudUiZrdWidget::DestructorCore	HudUiZrdWidget::DestructorCore	retained	Inferred	Retain physical/compiler projection label; no unique attached defining function body in the source inventory.	
recoil:function:0x4b52f0	0x4b52f0	HudUiZrdWidget::DeleteChildIfPresent	HudUiZrdWidget::DeleteChildIfPresent	retained	Inferred	Retain physical/compiler projection label; no unique attached defining function body in the source inventory.	
recoil:function:0x4b5310	0x4b5310	HudUiZrdWidget::Invalidate	HudUiZrdWidget::Invalidate	retained	Inferred	Retain physical/compiler projection label; no unique attached defining function body in the source inventory.	
recoil:function:0x4b5350	0x4b5350	HudUiZrdWidget::GetBoundsRectOrNull	HudUiZrdWidget::GetBoundsRectOrNull	retained	Inferred	Retain physical/compiler projection label; no unique attached defining function body in the source inventory.	
recoil:function:0x4b5630	0x4b5630	HudUiZrdWidget::ShowPreview	HudUiZrdWidget::ShowPreview	retained	Inferred	Retain physical/compiler projection label; no unique attached defining function body in the source inventory.	
recoil:function:0x4b5740	0x4b5740	HudUiZrdWidget::RefreshState	HudUiZrdWidget::RefreshState	retained	Inferred	Retain physical/compiler projection label; no unique attached defining function body in the source inventory.	
recoil:function:0x4b5860	0x4b5860	HudUiZrdWidget::HidePreview	HudUiZrdWidget::HidePreview	retained	Inferred	Retain physical/compiler projection label; no unique attached defining function body in the source inventory.	
recoil:function:0x4b5900	0x4b5900	HudUiZrdWidget::OnActivate	HudUiZrdWidget::OnActivate	retained	Inferred	Retain physical/compiler projection label; no unique attached defining function body in the source inventory.	
recoil:function:0x4b59f0	0x4b59f0	HudUiZrdWidget::LoadFromZrd	HudUiZrdWidget::LoadFromZrd	retained	Inferred	Retain physical/compiler projection label; no unique attached defining function body in the source inventory.	
recoil:function:0x4b6fc0	0x4b6fc0	HudUiCheckToggleWidget::Constructor	HudUiCheckToggleWidget::Constructor	retained	Inferred	Retain physical/compiler projection label; no unique attached defining function body in the source inventory.	
recoil:function:0x4b7000	0x4b7000	HudUiCheckToggleWidget::ScalarDeletingDestructor	HudUiCheckToggleWidget::ScalarDeletingDestructor	retained	Inferred	Retain physical/compiler projection label; no unique attached defining function body in the source inventory.	
recoil:function:0x4b7020	0x4b7020	HudUiCheckToggleWidget::DestructorCore	HudUiCheckToggleWidget::~HudUiCheckToggleWidget	renamed	Inferred	Synchronize current defining source name; descriptive reconstruction, not recovered original spelling.	src/GameZRecoil/zUI/zui_widgets.cpp:2815
recoil:function:0x4b70b0	0x4b70b0	HudUiCheckToggleWidget::GetBoundsRectOrNull	HudUiCheckToggleWidget::GetBoundsRectOrNull	retained	Inferred	Retain reconstructed descriptive spelling; exact original spelling is not established.	src/GameZRecoil/zUI/zui_widgets.cpp:2847
recoil:function:0x4b70c0	0x4b70c0	HudUiCheckToggleWidget::RefreshState	HudUiCheckToggleWidget::RefreshState	retained	Inferred	Retain reconstructed descriptive spelling; exact original spelling is not established.	src/GameZRecoil/zUI/zui_widgets.cpp:2856
recoil:function:0x4b7210	0x4b7210	HudUiCheckToggleWidget::ShowPreview	HudUiCheckToggleWidget::ShowPreview	retained	Inferred	Retain reconstructed descriptive spelling; exact original spelling is not established.	src/GameZRecoil/zUI/zui_widgets.cpp:2901
recoil:function:0x4b7250	0x4b7250	HudUiCheckToggleWidget::HidePreview	HudUiCheckToggleWidget::HidePreview	retained	Inferred	Retain reconstructed descriptive spelling; exact original spelling is not established.	src/GameZRecoil/zUI/zui_widgets.cpp:2920
recoil:function:0x4b7290	0x4b7290	HudUiCheckToggleWidget::OnActivate	HudUiCheckToggleWidget::OnActivate	retained	Inferred	Retain reconstructed descriptive spelling; exact original spelling is not established.	src/GameZRecoil/zUI/zui_widgets.cpp:2938
recoil:function:0x4b72c0	0x4b72c0	HudUiCheckToggleWidget::SetChecked	HudUiCheckToggleWidget::SetChecked	retained	Inferred	Retain reconstructed descriptive spelling; exact original spelling is not established.	src/GameZRecoil/zUI/zui_widgets.cpp:2959
recoil:function:0x4b7340	0x4b7340	HudUiCheckToggleWidget::LoadFromZrd	HudUiCheckToggleWidget::LoadFromZrd	retained	Inferred	Retain reconstructed descriptive spelling; exact original spelling is not established.	src/GameZRecoil/zUI/zui_widgets.cpp:2994
recoil:function:0x4b7d60	0x4b7d60	HudUiCycleSelectorWidget::Constructor	HudUiCycleSelectorWidget::Constructor	retained	Inferred	Retain physical/compiler projection label; no unique attached defining function body in the source inventory.	
recoil:function:0x4b7dc0	0x4b7dc0	HudUiCycleSelectorWidget::ScalarDeletingDestructor	HudUiCycleSelectorWidget::ScalarDeletingDestructor	retained	Inferred	Retain physical/compiler projection label; no unique attached defining function body in the source inventory.	
recoil:function:0x4b7de0	0x4b7de0	HudUiCycleSelectorWidget::DestructorCore	HudUiCycleSelectorWidget::~HudUiCycleSelectorWidget	renamed	Inferred	Synchronize current defining source name; descriptive reconstruction, not recovered original spelling.	src/GameZRecoil/zUI/zui_widgets.cpp:3192
recoil:function:0x4b7e60	0x4b7e60	HudUiCycleSelectorWidget::Update	HudUiCycleSelectorWidget::Update	retained	Inferred	Retain reconstructed descriptive spelling; exact original spelling is not established.	src/GameZRecoil/zUI/zui_widgets.cpp:3224
recoil:function:0x4b7ee0	0x4b7ee0	HudUiCycleSelectorWidget::AdvanceSelectionAndActivate	HudUiCycleSelectorWidget::AdvanceSelectionAndActivate	retained	Inferred	Retain reconstructed descriptive spelling; exact original spelling is not established.	src/GameZRecoil/zUI/zui_widgets.cpp:3256
recoil:function:0x4b7f20	0x4b7f20	HudUiCycleSelectorWidget::SetIndexClamped	HudUiCycleSelectorWidget::SetIndexClamped	retained	Inferred	Retain reconstructed descriptive spelling; exact original spelling is not established.	src/GameZRecoil/zUI/zui_widgets.cpp:3285
recoil:function:0x4b7f80	0x4b7f80	HudUiCycleSelectorWidget::SetVisibleRange	HudUiCycleSelectorWidget::SetVisibleRange	retained	Inferred	Retain reconstructed descriptive spelling; exact original spelling is not established.	src/GameZRecoil/zUI/zui_widgets.cpp:3316
recoil:function:0x4b7fd0	0x4b7fd0	HudUiCycleSelectorWidget::AddTextEntry	HudUiCycleSelectorWidget::AddTextEntry	retained	Inferred	Retain reconstructed descriptive spelling; exact original spelling is not established.	src/GameZRecoil/zUI/zui_widgets.cpp:3348
recoil:function:0x4b8100	0x4b8100	HudUiCycleSelectorWidget::ApplyFontStyleForEntry	HudUiCycleSelectorWidget::ApplyFontStyleForEntry	retained	Inferred	Retain reconstructed descriptive spelling; exact original spelling is not established.	src/GameZRecoil/zUI/zui_widgets.cpp:3393
recoil:function:0x4b8200	0x4b8200	HudUiCycleSelectorWidget::AddBitmapEntry	HudUiCycleSelectorWidget::AddBitmapEntry	retained	Inferred	Retain reconstructed descriptive spelling; exact original spelling is not established.	src/GameZRecoil/zUI/zui_widgets.cpp:3451
recoil:function:0x4b82e0	0x4b82e0	HudUiCycleSelectorWidget::LoadFromZrd	HudUiCycleSelectorWidget::LoadFromZrd	retained	Inferred	Retain reconstructed descriptive spelling; exact original spelling is not established.	src/GameZRecoil/zUI/zui_widgets.cpp:3486
recoil:function:0x4b8450	0x4b8450	HudUiFillBitmap::Constructor	HudUiFillBitmap::HudUiFillBitmap	renamed	Inferred	Synchronize current defining source name; descriptive reconstruction, not recovered original spelling.	src/GameZRecoil/zUI/zui_widgets.cpp:3573
recoil:function:0x4b84b0	0x4b84b0	HudUiFillBitmap::ScalarDeletingDestructor	HudUiFillBitmap::ScalarDeletingDestructor	retained	Inferred	Retain physical/compiler projection label; no unique attached defining function body in the source inventory.	
recoil:function:0x4b84d0	0x4b84d0	HudUiFillBitmap::DestructorCore	HudUiFillBitmap::~HudUiFillBitmap	renamed	Inferred	Synchronize current defining source name; descriptive reconstruction, not recovered original spelling.	src/GameZRecoil/zUI/zui_widgets.cpp:3592
recoil:function:0x4b8520	0x4b8520	HudUiFillBitmap::Draw	HudUiFillBitmap::Draw	retained	Inferred	Retain reconstructed descriptive spelling; exact original spelling is not established.	src/GameZRecoil/zUI/zui_widgets.cpp:3620
recoil:function:0x4b85c0	0x4b85c0	HudUiFillBitmap::LoadFromZrd	HudUiFillBitmap::LoadFromZrd	retained	Inferred	Retain reconstructed descriptive spelling; exact original spelling is not established.	src/GameZRecoil/zUI/zui_widgets.cpp:3653
recoil:function:0x4b8650	0x4b8650	HudUiFillBitmap::UpdateNormalizedFromCursor	HudUiFillBitmapSlider::OnActivate	renamed	Inferred	Synchronize current defining source name; descriptive reconstruction, not recovered original spelling.	src/GameZRecoil/zUI/zui_widgets.cpp:3689
recoil:function:0x4b86b0	0x4b86b0	HudUiFillBitmap::SetNormalizedValueAndRebuild	HudUiFillBitmapSlider::SetNormalizedValueAndRebuild	renamed	Inferred	Synchronize current defining source name; descriptive reconstruction, not recovered original spelling.	src/GameZRecoil/zUI/zui_widgets.cpp:3704
recoil:function:0x4b8760	0x4b8760	HudUiZrdWidgetEx17C_Item::Constructor	CHudRadioButtonWidget::CHudRadioButtonWidget	renamed	Inferred	Synchronize current defining source name; descriptive reconstruction, not recovered original spelling.	src/GameZRecoil/zUI/zui_widgets.cpp:3742
recoil:function:0x4b87a0	0x4b87a0	HudUiZrdWidgetEx17C_Item::ScalarDeletingDestructor	CHudRadioButtonWidget::ScalarDeletingDestructor	renamed	Inferred	Synchronize renamed source identifier within existing physical/compiler projection label.	
recoil:function:0x4b87c0	0x4b87c0	HudUiZrdWidgetEx17C_Item::DestructorCore	CHudRadioButtonWidget::DestructorCore	renamed	Inferred	Synchronize renamed source identifier within existing physical/compiler projection label.	
recoil:function:0x4b87d0	0x4b87d0	HudUiZrdWidgetEx17C_Item::ShowPreviewIfNotSelected	CHudRadioButtonWidget::ShowPreviewIfNotSelected	renamed	Inferred	Synchronize current defining source name; descriptive reconstruction, not recovered original spelling.	src/GameZRecoil/zUI/zui_widgets.cpp:3771
recoil:function:0x4b87e0	0x4b87e0	HudUiZrdWidgetEx17C_Item::HidePreviewIfNotSelected	CHudRadioButtonWidget::HidePreviewIfNotSelected	renamed	Inferred	Synchronize renamed source identifier within existing physical/compiler projection label.	
recoil:function:0x4b87f0	0x4b87f0	HudUiZrdWidgetEx17C_Item::OnActivateSelectSelf	CHudRadioButtonWidget::OnActivateSelectSelf	renamed	Inferred	Synchronize renamed source identifier within existing physical/compiler projection label.	
recoil:function:0x4b8850	0x4b8850	HudUiZrdWidgetEx17C_Item::LoadFromZrd	CHudRadioButtonWidget::LoadFromZrd	renamed	Inferred	Synchronize renamed source identifier within existing physical/compiler projection label.	
recoil:function:0x4b8a90	0x4b8a90	HudUiZrdWidgetEx17C_Item::SetSelected	CHudRadioButtonWidget::SetSelected	renamed	Inferred	Synchronize current defining source name; descriptive reconstruction, not recovered original spelling.	src/GameZRecoil/zUI/zui_widgets.cpp:3908
recoil:function:0x4b8af0	0x4b8af0	HudUiZrdWidgetEx17C_Item::GetMouseRectOrBounds	CHudRadioButtonWidget::GetBoundsRectOrNull	renamed	Inferred	Synchronize current defining source name; descriptive reconstruction, not recovered original spelling.	src/GameZRecoil/zUI/zui_widgets.cpp:3934
recoil:function:0x4b8b10	0x4b8b10	HudUiOptionSelectorWidget::Constructor	CHudRadioGroupWidget::CHudRadioGroupWidget	renamed	Inferred	Synchronize current defining source name; descriptive reconstruction, not recovered original spelling.	src/GameZRecoil/zUI/zui_widgets.cpp:3946
recoil:function:0x4b8b40	0x4b8b40	HudUiOptionSelectorWidget::ScalarDeletingDestructor	HudUiOptionSelectorWidget::ScalarDeletingDestructor	retained	Inferred	Retain physical/compiler projection label; no unique attached defining function body in the source inventory.	
recoil:function:0x4b8b60	0x4b8b60	HudUiOptionSelectorWidget::DestructorCore	HudUiOptionSelectorWidget::DestructorCore	retained	Inferred	Retain physical/compiler projection label; no unique attached defining function body in the source inventory.	
recoil:function:0x4b8be0	0x4b8be0	HudUiOptionSelectorWidget::LoadFromZrd	CHudRadioGroupWidget::LoadFromZrd	renamed	Inferred	Synchronize current defining source name; descriptive reconstruction, not recovered original spelling.	src/GameZRecoil/zUI/zui_widgets.cpp:3999
recoil:function:0x4b8cf0	0x4b8cf0	HudUiOptionSelectorWidget::SetSelectedIndex	HudUiOptionSelectorWidget::SetSelectedIndex	retained	Inferred	Retain physical/compiler projection label; no unique attached defining function body in the source inventory.	
recoil:function:0x4b8d30	0x4b8d30	HudCmdBindButtonBase::Constructor	HudCmdBindButtonBase::HudCmdBindButtonBase	renamed	Inferred	Synchronize current defining source name; descriptive reconstruction, not recovered original spelling.	src/GameZRecoil/zUI/zui_widgets.cpp:4066
recoil:function:0x4b8de0	0x4b8de0	HudCmdBindButtonBase::LoadFromZrd	HudCmdBindButtonBase::LoadFromZrd	retained	Inferred	Retain reconstructed descriptive spelling; exact original spelling is not established.	src/GameZRecoil/zUI/zui_widgets.cpp:4087
recoil:function:0x4b90e0	0x4b90e0	HudCmdBindButtonBase::RebuildBindingSlotWidgets	HudCmdBindButtonBase::RebuildBindingSlotWidgets	retained	Inferred	Retain reconstructed descriptive spelling; exact original spelling is not established.	src/GameZRecoil/zUI/zui_widgets.cpp:4200
recoil:function:0x4b92a0	0x4b92a0	HudUiListSelectorItem::Constructor	HudUiListSelectorItem::Constructor	retained	Inferred	Retain physical/compiler projection label; no unique attached defining function body in the source inventory.	
recoil:function:0x4b92c0	0x4b92c0	HudUiListSelectorItem::VectorDeletingDestructor	HudUiListSelectorItem::VectorDeletingDestructor	retained	Inferred	Retain physical/compiler projection label; no unique attached defining function body in the source inventory.	
recoil:function:0x4b9320	0x4b9320	HudCmdBindButtonBase::OnSelectedIndexChanged	HudCmdBindButtonBase::OnSelectionChangedRefresh	renamed	Inferred	Synchronize current defining source name; descriptive reconstruction, not recovered original spelling.	src/GameZRecoil/zUI/zui_widgets.cpp:4240
recoil:function:0x4b9330	0x4b9330	HudCmdBindButtonBase::SetSelectedEntry	HudCmdBindButtonBase::SetSelectedEntry	retained	Inferred	Retain reconstructed descriptive spelling; exact original spelling is not established.	src/GameZRecoil/zUI/zui_widgets.cpp:4253
recoil:function:0x4b9520	0x4b9520	HudUiListSelectorItem::OnActivate	HudUiListSelectorItem::OnActivate	retained	Inferred	Retain reconstructed descriptive spelling; exact original spelling is not established.	src/GameZRecoil/zUI/zui_widgets.cpp:4311
recoil:function:0x4b9540	0x4b9540	HudUiBackground::Constructor	HudUiBackground::HudUiBackground	renamed	Inferred	Synchronize current defining source name; descriptive reconstruction, not recovered original spelling.	src/GameZRecoil/zUI/zui_widgets.cpp:4330
recoil:function:0x4b9710	0x4b9710	HudUiBackgroundCursorWidget::MemberScalarDeletingDestructor	HudUiBackgroundCursorWidget::MemberScalarDeletingDestructor	retained	Inferred	Retain physical/compiler projection label; no unique attached defining function body in the source inventory.	
recoil:function:0x4b9730	0x4b9730	HudUiBackgroundCursorWidget::DestructorCoreThunk	HudUiBackgroundCursorWidget::DestructorCoreThunk	retained	Inferred	Retain physical/compiler projection label; no unique attached defining function body in the source inventory.	
recoil:function:0x4b9740	0x4b9740	HudUiBackground::ScalarDeletingDestructor	HudUiBackground::ScalarDeletingDestructor	retained	Inferred	Retain physical/compiler projection label; no unique attached defining function body in the source inventory.	
recoil:function:0x4b9760	0x4b9760	HudUiBackground::Destructor	HudUiBackground::~HudUiBackground	renamed	Inferred	Synchronize current defining source name; descriptive reconstruction, not recovered original spelling.	src/GameZRecoil/zUI/zui_widgets.cpp:4378
recoil:function:0x4b9850	0x4b9850	HudUiBackground::SetEnabled	HudUiBackground::SetEnabled	retained	Inferred	Retain reconstructed descriptive spelling; exact original spelling is not established.	src/GameZRecoil/zUI/zui_widgets.cpp:4400
recoil:function:0x4b98d0	0x4b98d0	HudUiBackground::LoadFromZrd	HudUiBackground::LoadFromZrd	retained	Inferred	Retain reconstructed descriptive spelling; exact original spelling is not established.	src/GameZRecoil/zUI/zui_widgets.cpp:4439
recoil:function:0x4b9900	0x4b9900	HudUiBackground::LoadZrdAndSection	HudUiBackground::LoadZrdAndSection	retained	Inferred	Retain reconstructed descriptive spelling; exact original spelling is not established.	src/GameZRecoil/zUI/zui_widgets.cpp:4454
recoil:function:0x4ba020	0x4ba020	HudUiTransitionTextPanel::Constructor	HudUiTransitionTextPanel::HudUiTransitionTextPanel	renamed	Inferred	Synchronize current defining source name; descriptive reconstruction, not recovered original spelling.	src/GameZRecoil/zHud/zhud_ui_defs.h:17
recoil:function:0x4ba070	0x4ba070	HudUiBackground::BindButtonsNodeToWidgetByName	HudUiBackground::BindButtonsNodeToWidgetByName	retained	Inferred	Retain reconstructed descriptive spelling; exact original spelling is not established.	src/GameZRecoil/zUI/zui_widgets.cpp:4721
recoil:function:0x4ba0c0	0x4ba0c0	HudUiBackground::BindWidgetByName	HudUiBackground::BindWidgetByName	retained	Inferred	Retain reconstructed descriptive spelling; exact original spelling is not established.	src/GameZRecoil/zUI/zui_widgets.cpp:4745
recoil:function:0x4ba0e0	0x4ba0e0	HudUiBackground::BindPrimitiveNodeToElement	HudUiBackground::BindPrimitiveNodeToElement	retained	Inferred	Retain reconstructed descriptive spelling; exact original spelling is not established.	src/GameZRecoil/zUI/zui_widgets.cpp:4761
recoil:function:0x4ba350	0x4ba350	HudUiBackground::FreeLoadedTreeRoots	HudUiBackground::FreeLoadedTreeRoots	retained	Inferred	Retain reconstructed descriptive spelling; exact original spelling is not established.	src/GameZRecoil/zUI/zui_widgets.cpp:4897
recoil:function:0x4ba380	0x4ba380	HudUiDialogController::BlitOwnedSurfaceToPrimary	HudUiDialogController::BlitOwnedSurfaceToPrimary	retained	Inferred	Retain reconstructed descriptive spelling; exact original spelling is not established.	src/GameZRecoil/zUI/zui_widgets.cpp:4916
recoil:function:0x4ba3a0	0x4ba3a0	HudUiContainer::InvalidateChildren	HudUiContainer::InvalidateChildren	retained	Inferred	Retain reconstructed descriptive spelling; exact original spelling is not established.	src/GameZRecoil/zUI/zui_widgets.cpp:4929
recoil:function:0x4ba3c0	0x4ba3c0	HudUiFillBitmap::SetNormalizedValue	HudUiFillBitmap::SetNormalizedValueAndRebuild	renamed	Inferred	Synchronize current defining source name; descriptive reconstruction, not recovered original spelling.	src/GameZRecoil/zUI/zui_widgets.cpp:4942
recoil:function:0x4ba3e0	0x4ba3e0	HudUiOwnedTextInput::OnAccept	HudUiOwnedTextInput::OnAccept	retained	Inferred	Retain reconstructed descriptive spelling; exact original spelling is not established.	src/GameZRecoil/zUI/zui_widgets.cpp:4956
recoil:function:0x4ba400	0x4ba400	HudUiPanel::GetWrapRect	HudUiPanel::GetBoundsRectOrNull	renamed	Inferred	Synchronize current defining source name; descriptive reconstruction, not recovered original spelling.	src/GameZRecoil/zUI/zui_widgets.cpp:4968
recoil:function:0x4ba410	0x4ba410	HudUiListSelectorItem::Draw	HudUiListSelectorItem::Draw	retained	Inferred	Retain reconstructed descriptive spelling; exact original spelling is not established.	src/GameZRecoil/zUI/zui_widgets.cpp:4977
recoil:function:0x4ba4a0	0x4ba4a0	HudFontStyle::Constructor	HudFontStyle::HudFontStyle	renamed	Inferred	Synchronize current defining source name; descriptive reconstruction, not recovered original spelling.	src/GameZRecoil/zUI/zui_widgets.cpp:4998
recoil:function:0x4ba4c0	0x4ba4c0	HudFontStyle::Destructor	HudFontStyle::Destructor	retained	Inferred	Retain physical/compiler projection label; no unique attached defining function body in the source inventory.	
recoil:function:0x4ba740	0x4ba740	HudUiPanel::ConstructorDefault	HudUiPanel::HudUiPanel	renamed	Inferred	Synchronize current defining source name; descriptive reconstruction, not recovered original spelling.	src/GameZRecoil/zUI/zui_widgets.cpp:5029
recoil:function:0x4ba830	0x4ba830	HudUiPanel::ScalarDeletingDestructorThunk	HudUiPanel::ScalarDeletingDestructorThunk	retained	Inferred	Retain physical/compiler projection label; no unique attached defining function body in the source inventory.	
recoil:function:0x4ba850	0x4ba850	HudUiPanel::CopyConstructCore	HudUiPanel::HudUiPanel	renamed	Inferred	Synchronize current defining source name; descriptive reconstruction, not recovered original spelling.	src/GameZRecoil/zUI/zui_widgets.cpp:5065
recoil:function:0x4ba9e0	0x4ba9e0	HudUiPanel::CopyConstructor	HudUiPanel::CopyConstructor	retained	Inferred	Retain physical/compiler projection label; no unique attached defining function body in the source inventory.	
recoil:function:0x4bab40	0x4bab40	HudUiPanel::Destructor	HudUiPanel::~HudUiPanel	renamed	Inferred	Synchronize current defining source name; descriptive reconstruction, not recovered original spelling.	src/GameZRecoil/zUI/zui_widgets.cpp:5145
recoil:function:0x4babb0	0x4babb0	HudUiPanel::SetFont	HudUiPanel::SetFont	retained	Inferred	Retain reconstructed descriptive spelling; exact original spelling is not established.	src/GameZRecoil/zUI/zui_widgets.cpp:5159
recoil:function:0x4bac10	0x4bac10	HudUiPanel::RebuildTextRect	HudUiPanel::RebuildTextRect	retained	Inferred	Retain reconstructed descriptive spelling; exact original spelling is not established.	src/GameZRecoil/zUI/zui_widgets.cpp:5193
recoil:function:0x4bb0c0	0x4bb0c0	HudUiFlashPanel::ComputeFlashBlendColor	HudUiFlashPanel::ComputeFlashBlendColor	retained	Inferred	Retain reconstructed descriptive spelling; exact original spelling is not established.	src/GameZRecoil/zUI/zui_widgets.cpp:5349
recoil:function:0x4bb1c0	0x4bb1c0	HudUiPanel::MeasureTextPrefixRect	HudUiPanel::MeasureTextPrefixRect	retained	Inferred	Retain reconstructed descriptive spelling; exact original spelling is not established.	src/GameZRecoil/zUI/zui_widgets.cpp:5380
recoil:function:0x4bb2a0	0x4bb2a0	HudUiPanel::UpdateTextBoundsFromContent	HudUiPanel::UpdateTextBoundsFromContent	retained	Inferred	Retain reconstructed descriptive spelling; exact original spelling is not established.	src/GameZRecoil/zUI/zui_widgets.cpp:5419
recoil:function:0x4bb3d0	0x4bb3d0	HudUiPanel::HitTest	HudUiPanel::HitTest	retained	Inferred	Retain reconstructed descriptive spelling; exact original spelling is not established.	src/GameZRecoil/zUI/zui_widgets.cpp:5474
recoil:function:0x4bb440	0x4bb440	HudUiPanel::GetLastTextPtr	HudUiPanel::GetLastTextPtr	retained	Inferred	Retain reconstructed descriptive spelling; exact original spelling is not established.	src/GameZRecoil/zUI/zui_widgets.cpp:5498
recoil:function:0x4bb460	0x4bb460	HudUiPanel::Draw	HudUiPanel::Draw	retained	Inferred	Retain reconstructed descriptive spelling; exact original spelling is not established.	src/GameZRecoil/zUI/zui_widgets.cpp:5511
recoil:function:0x4bb540	0x4bb540	HudUiPanel::SetTextFmt	HudUiPanel::SetTextFmt	retained	Inferred	Retain reconstructed descriptive spelling; exact original spelling is not established.	src/GameZRecoil/zUI/zui_widgets.cpp:5557
recoil:function:0x4bb5e0	0x4bb5e0	HudUiPanel::SetTextFmtV	HudUiPanel::SetTextFmtV	retained	Inferred	Retain reconstructed descriptive spelling; exact original spelling is not established.	src/GameZRecoil/zUI/zui_widgets.cpp:5591
recoil:function:0x4bb680	0x4bb680	HudUiPanel::SetText	HudUiPanel::SetText	retained	Inferred	Retain reconstructed descriptive spelling; exact original spelling is not established.	src/GameZRecoil/zUI/zui_widgets.cpp:5625
recoil:function:0x4bb710	0x4bb710	HudUiPanel::QueryTextHeight	HudUiPanel::QueryTextHeight	retained	Inferred	Retain reconstructed descriptive spelling; exact original spelling is not established.	src/GameZRecoil/zUI/zui_widgets.cpp:5656
recoil:function:0x4bb740	0x4bb740	HudUiPanel::GetTextRect	HudUiPanel::GetTextRect	retained	Inferred	Retain reconstructed descriptive spelling; exact original spelling is not established.	src/GameZRecoil/zUI/zui_widgets.cpp:5671
recoil:function:0x4bb790	0x4bb790	HudUiCompositePanel::ConstructorWithEntryCount	HudUiCompositePanel::HudUiCompositePanel	renamed	Inferred	Synchronize current defining source name; descriptive reconstruction, not recovered original spelling.	src/GameZRecoil/zUI/zui_widgets.cpp:5716
recoil:function:0x4bb960	0x4bb960	HudUiCompositePanel::ScalarDeletingDestructor	HudUiCompositePanel::ScalarDeletingDestructor	retained	Inferred	Retain physical/compiler projection label; no unique attached defining function body in the source inventory.	
recoil:function:0x4bb980	0x4bb980	HudUiCompositePanel::Update	HudUiCompositePanel::Update	retained	Inferred	Retain reconstructed descriptive spelling; exact original spelling is not established.	src/GameZRecoil/zUI/zui_widgets.cpp:5740
recoil:function:0x4bb9f0	0x4bb9f0	HudUiCompositePanel::SetPos	HudUiCompositePanel::SetPos	retained	Inferred	Retain reconstructed descriptive spelling; exact original spelling is not established.	src/GameZRecoil/zUI/zui_widgets.cpp:5761
recoil:function:0x4bbaa0	0x4bbaa0	HudUiCompositePanel::SetTextFmt	HudUiCompositePanel::SetTextFmt	retained	Inferred	Retain reconstructed descriptive spelling; exact original spelling is not established.	src/GameZRecoil/zUI/zui_widgets.cpp:5785
recoil:function:0x4bbac0	0x4bbac0	HudUiCompositePanel::SetTextFmtV	HudUiCompositePanel::SetTextFmtV	retained	Inferred	Retain reconstructed descriptive spelling; exact original spelling is not established.	src/GameZRecoil/zUI/zui_widgets.cpp:5803
recoil:function:0x4bbb20	0x4bbb20	HudUiCompositePanel::ScrollHistory	HudUiCompositePanel::ScrollHistory	retained	Inferred	Retain reconstructed descriptive spelling; exact original spelling is not established.	src/GameZRecoil/zUI/zui_widgets.cpp:5821
recoil:function:0x4bbbe0	0x4bbbe0	HudUiCompositePanel::SetFont	HudUiCompositePanel::SetFont	retained	Inferred	Retain reconstructed descriptive spelling; exact original spelling is not established.	src/GameZRecoil/zUI/zui_widgets.cpp:5846
recoil:function:0x4bbca0	0x4bbca0	HudUiCompositePanel::ResizeEntryVectorAndRelayout	HudUiCompositePanel::ResizeEntryVectorAndRelayout	retained	Inferred	Retain reconstructed descriptive spelling; exact original spelling is not established.	src/GameZRecoil/zUI/zui_widgets.cpp:5871
recoil:function:0x4bbe90	0x4bbe90	HudUiCompositePanel::ReapplyEntryCount	HudUiCompositePanel::ReapplyEntryCount	retained	Inferred	Retain reconstructed descriptive spelling; exact original spelling is not established.	src/GameZRecoil/zUI/zui_widgets.cpp:5898
recoil:function:0x4bbed0	0x4bbed0	HudUiCompositePanel::ResizeEntryCount	HudUiCompositePanel::ResizeEntryCount	retained	Inferred	Retain reconstructed descriptive spelling; exact original spelling is not established.	src/GameZRecoil/zUI/zui_widgets.cpp:5907
recoil:function:0x4bc3a0	0x4bc3a0	HudUiCompositePanelEntry::AssignCopy	HudUiCompositePanelEntry::AssignCopy	retained	Inferred	Retain physical/compiler projection label; no unique attached defining function body in the source inventory.	
recoil:function:0x4bc410	0x4bc410	HudUiCompositePanelEntry::ConstructorCopy	HudUiTransitionTextPanel::HudUiTransitionTextPanel	renamed	Inferred	Synchronize current defining source name; descriptive reconstruction, not recovered original spelling.	src/GameZRecoil/zUI/zui.cpp:71
recoil:function:0x4bc480	0x4bc480	HudUiCircle::Constructor	HudUiCircle::HudUiCircle	renamed	Inferred	Synchronize current defining source name; descriptive reconstruction, not recovered original spelling.	src/GameZRecoil/zUI/zui.cpp:94
recoil:function:0x4bc4c0	0x4bc4c0	HudUiCircle::Draw	HudUiCircle::Draw	retained	Inferred	Retain reconstructed descriptive spelling; exact original spelling is not established.	src/GameZRecoil/zUI/zui.cpp:115
recoil:function:0x4bc4e0	0x4bc4e0	HudUiCircle::HitTestCore	HudUiCircle::HitTestCore	retained	Inferred	Retain reconstructed descriptive spelling; exact original spelling is not established.	src/GameZRecoil/zUI/zui.cpp:125
recoil:function:0x4bc510	0x4bc510	HudUiBackgroundContainer::Constructor	HudUiBackgroundContainer::HudUiBackgroundContainer	renamed	Inferred	Synchronize current defining source name; descriptive reconstruction, not recovered original spelling.	src/GameZRecoil/zUI/zui.cpp:140
recoil:function:0x4bc540	0x4bc540	HudUiBackgroundContainer::Destructor	HudUiBackgroundContainer::~HudUiBackgroundContainer	renamed	Inferred	Synchronize current defining source name; descriptive reconstruction, not recovered original spelling.	src/GameZRecoil/zUI/zui.cpp:152
recoil:function:0x4bc550	0x4bc550	HudUiBackgroundContainer::SetInputFocus	HudUiBackgroundContainer::SetInputFocus	retained	Inferred	Retain reconstructed descriptive spelling; exact original spelling is not established.	src/GameZRecoil/zUI/zui.cpp:171
recoil:function:0x4bc560	0x4bc560	HudUiBackgroundContainer::GetInputFocus	HudUiBackgroundContainer::GetInputFocus	retained	Inferred	Retain reconstructed descriptive spelling; exact original spelling is not established.	src/GameZRecoil/zUI/zui.cpp:182
recoil:function:0x4bc570	0x4bc570	HudUiBackgroundContainer::UpdateAll	HudUiBackgroundContainer::UpdateAll	retained	Inferred	Retain reconstructed descriptive spelling; exact original spelling is not established.	src/GameZRecoil/zUI/zui.cpp:191
recoil:function:0x4bc760	0x4bc760	HudUi::SetInvalidateMode	HudUi::SetInvalidateMode	retained	Inferred	Retain reconstructed descriptive spelling; exact original spelling is not established.	src/GameZRecoil/zUI/zui.cpp:287
recoil:function:0x4bc780	0x4bc780	HudUiContainer::ConstructorDefault	HudUiContainer::HudUiContainer	renamed	Inferred	Synchronize current defining source name; descriptive reconstruction, not recovered original spelling.	src/GameZRecoil/zUI/zui.cpp:300
recoil:function:0x4bc7b0	0x4bc7b0	HudUiContainer::DestructorCore	HudUiContainer::~HudUiContainer	renamed	Inferred	Synchronize current defining source name; descriptive reconstruction, not recovered original spelling.	src/GameZRecoil/zUI/zui.cpp:312
recoil:function:0x4bc7c0	0x4bc7c0	HudUiContainer::AddChild	HudUiContainer::AddChild	retained	Inferred	Retain reconstructed descriptive spelling; exact original spelling is not established.	src/GameZRecoil/zUI/zui.cpp:320
recoil:function:0x4bc810	0x4bc810	HudUiContainer::FindChildWithPrev	HudUiContainer::FindChildWithPrev	retained	Inferred	Retain reconstructed descriptive spelling; exact original spelling is not established.	src/GameZRecoil/zUI/zui.cpp:342
recoil:function:0x4bc860	0x4bc860	HudUiContainer::RemoveChild	HudUiContainer::RemoveChild	retained	Inferred	Retain reconstructed descriptive spelling; exact original spelling is not established.	src/GameZRecoil/zUI/zui.cpp:378
recoil:function:0x4bc8d0	0x4bc8d0	HudUiContainer::SetChildFlags	HudUiContainer::SetChildFlags	retained	Inferred	Retain reconstructed descriptive spelling; exact original spelling is not established.	src/GameZRecoil/zUI/zui.cpp:414
recoil:function:0x4bc900	0x4bc900	HudUiContainer::UpdateAll	HudUiContainer::UpdateAll	retained	Inferred	Retain reconstructed descriptive spelling; exact original spelling is not established.	src/GameZRecoil/zUI/zui.cpp:432
recoil:function:0x4bc930	0x4bc930	HudUiFlashPanel::ResetFlashState	HudUiTransitionTextPanel::ResetFlashState	renamed	Inferred	Synchronize current defining source name; descriptive reconstruction, not recovered original spelling.	src/GameZRecoil/zUI/zui.cpp:455
recoil:function:0x4bc980	0x4bc980	HudUiFlashPanel::SetFlashRate	HudUiTransitionTextPanel::SetFlashRate	renamed	Inferred	Synchronize current defining source name; descriptive reconstruction, not recovered original spelling.	src/GameZRecoil/zUI/zui.cpp:477
recoil:function:0x4bc9b0	0x4bc9b0	HudUiFlashPanel::SetFlashColorAndRate	HudUiTransitionTextPanel::SetFlashColorAndRate	renamed	Inferred	Synchronize current defining source name; descriptive reconstruction, not recovered original spelling.	src/GameZRecoil/zUI/zui.cpp:497
recoil:function:0x4bc9f0	0x4bc9f0	HudUiTransitionTextPanel::Update	HudUiTransitionTextPanel::Update	retained	Inferred	Retain reconstructed descriptive spelling; exact original spelling is not established.	src/GameZRecoil/zUI/zui.cpp:521
recoil:function:0x4bcb50	0x4bcb50	HudUiTextLabel::ConstructorWithPosAndFlags	HudUiTextLabel::HudUiTextLabel	renamed	Inferred	Synchronize current defining source name; descriptive reconstruction, not recovered original spelling.	src/GameZRecoil/zUI/zui.cpp:586
recoil:function:0x4bcbe0	0x4bcbe0	HudUiTextLabel::CopyConstructor	HudUiTextLabel::HudUiTextLabel	renamed	Inferred	Synchronize current defining source name; descriptive reconstruction, not recovered original spelling.	src/GameZRecoil/zUI/zui.cpp:626
recoil:function:0x4bcc80	0x4bcc80	HudUiTextLabel::Constructor	HudUiTextLabel::Constructor	retained	Inferred	Retain physical/compiler projection label; no unique attached defining function body in the source inventory.	
recoil:function:0x4bccf0	0x4bccf0	HudUiTextLabel::SetTextFmt	HudUiTextLabel::SetTextFmt	retained	Inferred	Retain reconstructed descriptive spelling; exact original spelling is not established.	src/GameZRecoil/zUI/zui.cpp:663
recoil:function:0x4bcd40	0x4bcd40	HudUiPanel::SetClip	HudUiTextLabel::SetBltSourceAndClipRect	renamed	Inferred	Synchronize current defining source name; descriptive reconstruction, not recovered original spelling.	src/GameZRecoil/zUI/zui.cpp:692
recoil:function:0x4bcd80	0x4bcd80	HudUiTextLabel::RebuildTextBounds	HudUiTextLabel::RebuildTextBounds	retained	Inferred	Retain reconstructed descriptive spelling; exact original spelling is not established.	src/GameZRecoil/zUI/zui.cpp:709
recoil:function:0x4bcdc0	0x4bcdc0	HudUiTextLabel::MeasureTextWidth	HudUiTextLabel::MeasureTextWidth	retained	Inferred	Retain reconstructed descriptive spelling; exact original spelling is not established.	src/GameZRecoil/zUI/zui.cpp:722
recoil:function:0x4bcdf0	0x4bcdf0	HudUiTextLabel::UpdateTextExtents	HudUiTextLabel::UpdateTextExtents	retained	Inferred	Retain reconstructed descriptive spelling; exact original spelling is not established.	src/GameZRecoil/zUI/zui.cpp:735
recoil:function:0x4bce30	0x4bce30	HudUiTextLabel::OnDraw	HudUiTextLabel::Draw	renamed	Inferred	Synchronize current defining source name; descriptive reconstruction, not recovered original spelling.	src/GameZRecoil/zUI/zui.cpp:751
recoil:function:0x4bcea0	0x4bcea0	HudUiTextLabel::HitTest	HudUiTextLabel::HitTest	retained	Inferred	Retain reconstructed descriptive spelling; exact original spelling is not established.	src/GameZRecoil/zUI/zui.cpp:779
recoil:function:0x4bcf20	0x4bcf20	HudUiBar::HudUiBar	HudUiBar::HudUiBar	retained	Inferred	Retain reconstructed descriptive spelling; exact original spelling is not established.	src/GameZRecoil/zUI/zui.cpp:803
recoil:function:0x4bcf80	0x4bcf80	HudUiBar::SetPointXY	HudUiBar::SetPointXY	retained	Inferred	Retain reconstructed descriptive spelling; exact original spelling is not established.	src/GameZRecoil/zUI/zui.cpp:820
recoil:function:0x4bcff0	0x4bcff0	HudUiBar::Draw	HudUiBar::Draw	retained	Inferred	Retain reconstructed descriptive spelling; exact original spelling is not established.	src/GameZRecoil/zUI/zui.cpp:849
recoil:function:0x4bd020	0x4bd020	HudUiTopMessageStack::Constructor	HudUiTopMessageStack::HudUiTopMessageStack	renamed	Inferred	Synchronize current defining source name; descriptive reconstruction, not recovered original spelling.	src/GameZRecoil/zUI/zui.cpp:863
recoil:function:0x4bd100	0x4bd100	HudUiPanel::ConstructorDefaultThunk	HudUiPanel::ConstructorDefaultThunk	retained	Inferred	Retain reconstructed descriptive spelling; exact original spelling is not established.	src/GameZRecoil/zUI/zui.cpp:3645
recoil:function:0x4bd110	0x4bd110	HudUiTextStack4::SetFontAll	HudUiTextStack4::SetFontAll	retained	Inferred	Retain reconstructed descriptive spelling; exact original spelling is not established.	src/GameZRecoil/zUI/zui.cpp:883
recoil:function:0x4bd160	0x4bd160	HudUiTextStack4::PushLine	HudUiTextStack4::PushLine	retained	Inferred	Retain reconstructed descriptive spelling; exact original spelling is not established.	src/GameZRecoil/zUI/zui.cpp:900
recoil:function:0x4bd280	0x4bd280	HudUi::PushTopMessageLine	HudUi::PushTopMessageLine	retained	Inferred	Retain reconstructed descriptive spelling; exact original spelling is not established.	src/GameZRecoil/zUI/zui.cpp:936
recoil:function:0x4bd2a0	0x4bd2a0	HudUiTextStack4::Clear	HudUiTextStack4::Clear	retained	Inferred	Retain reconstructed descriptive spelling; exact original spelling is not established.	src/GameZRecoil/zUI/zui.cpp:949
recoil:function:0x4bd2d0	0x4bd2d0	HudUiChatMessageStack::Constructor	HudUiChatMessageStack::HudUiChatMessageStack	renamed	Inferred	Synchronize current defining source name; descriptive reconstruction, not recovered original spelling.	src/GameZRecoil/zUI/zui.cpp:964
recoil:function:0x4bd3d0	0x4bd3d0	HudUiTextStack4::SetTextColors	HudUiTextStack4::SetTextColors	retained	Inferred	Retain reconstructed descriptive spelling; exact original spelling is not established.	src/GameZRecoil/zUI/zui.cpp:987
recoil:function:0x4bd410	0x4bd410	HudUiTextStack4::SetXAll	HudUiTextStack4::SetXAll	retained	Inferred	Retain reconstructed descriptive spelling; exact original spelling is not established.	src/GameZRecoil/zUI/zui.cpp:1004
recoil:function:0x4bd440	0x4bd440	HudUiTextStack4::SetYDescending	HudUiTextStack4::SetYDescending	retained	Inferred	Retain reconstructed descriptive spelling; exact original spelling is not established.	src/GameZRecoil/zUI/zui.cpp:1018
recoil:function:0x4bd470	0x4bd470	zTimedTask::RemoveFromActiveList	zTimedTask::RemoveFromActiveList	retained	Inferred	Retain reconstructed descriptive spelling; exact original spelling is not established.	src/GameZRecoil/zUI/zui.cpp:1034
recoil:function:0x4bd4d0	0x4bd4d0	zTimedTask::RunImmediateDrawAction	zTimedTask::RunImmediateAction	renamed	Inferred	Synchronize current defining source name; descriptive reconstruction, not recovered original spelling.	src/GameZRecoil/zUI/zui.cpp:1068
recoil:function:0x4bd660	0x4bd660	zTimedTask::TickActiveDrawTaskList	zTimedTask::TickActiveList	renamed	Inferred	Synchronize current defining source name; descriptive reconstruction, not recovered original spelling.	src/GameZRecoil/zUI/zui.cpp:1166
recoil:function:0x4bd6f0	0x4bd6f0	HudLineClip::SetCurrentBoundsFromRectI	HudLineClip::SetCurrentBoundsFromRectI	retained	Inferred	Retain reconstructed descriptive spelling; exact original spelling is not established.	src/GameZRecoil/zUI/zui.cpp:1196
recoil:function:0x4bd720	0x4bd720	zMath::ClipLineSegmentToZRange	zMath::ClipLineSegmentToZRange	retained	Inferred	Retain reconstructed descriptive spelling; exact original spelling is not established.	src/GameZRecoil/zUI/zui.cpp:1215
recoil:function:0x4bd800	0x4bd800	zMath::ClipLineSegmentPointToZ	zMath::ClipLineSegmentPointToZ	retained	Inferred	Retain reconstructed descriptive spelling; exact original spelling is not established.	src/GameZRecoil/zUI/zui.cpp:1251
recoil:function:0x4bd840	0x4bd840	HudLineClip::ClipSegmentToCurrentBounds	HudLineClip::ClipSegmentToCurrentBounds	retained	Inferred	Retain reconstructed descriptive spelling; exact original spelling is not established.	src/GameZRecoil/zUI/zui.cpp:1270
recoil:function:0x4bd880	0x4bd880	HudLineClip::ClipSegmentToCurrentXBounds	HudLineClip::ClipSegmentToCurrentXBounds	retained	Inferred	Retain reconstructed descriptive spelling; exact original spelling is not established.	src/GameZRecoil/zUI/zui.cpp:1289
recoil:function:0x4bd9c0	0x4bd9c0	HudLineClip::ClipEndpointToX	HudLineClip::ClipEndpointToX	retained	Inferred	Retain reconstructed descriptive spelling; exact original spelling is not established.	src/GameZRecoil/zUI/zui.cpp:1330
recoil:function:0x4bd9f0	0x4bd9f0	HudLineClip::ClipSegmentToCurrentYBounds	HudLineClip::ClipSegmentToCurrentYBounds	retained	Inferred	Retain reconstructed descriptive spelling; exact original spelling is not established.	src/GameZRecoil/zUI/zui.cpp:1345
recoil:function:0x4bdb30	0x4bdb30	HudLineClip::ClipEndpointToY	HudLineClip::ClipEndpointToY	retained	Inferred	Retain reconstructed descriptive spelling; exact original spelling is not established.	src/GameZRecoil/zUI/zui.cpp:1386
recoil:function:0x4bdb60	0x4bdb60	zVideoFxPass3Element::Draw	zVideoFxPass3Element::Draw	retained	Inferred	Retain reconstructed descriptive spelling; exact original spelling is not established.	src/GameZRecoil/zUI/zui.cpp:1403
recoil:function:0x4bdbc0	0x4bdbc0	zVideoFxPass3RootElement::ApplyOverlayRect	zVideoFxPass3RootElement::ApplyPass3	renamed	Inferred	Synchronize current defining source name; descriptive reconstruction, not recovered original spelling.	src/GameZRecoil/zUI/zui.cpp:1439
recoil:function:0x4bdbe0	0x4bdbe0	zVideoFxPass3Slot::Constructor	zVideoFxPass3Slot::zVideoFxPass3Slot	renamed	Inferred	Synchronize current defining source name; descriptive reconstruction, not recovered original spelling.	src/GameZRecoil/zUI/zui.cpp:1449
recoil:function:0x4bdc00	0x4bdc00	zVideoFxPass3Slot::SetRectAndPayload	zVideoFxPass3Slot::SetRectAndPayload	retained	Inferred	Retain reconstructed descriptive spelling; exact original spelling is not established.	src/GameZRecoil/zUI/zui.cpp:1460
recoil:function:0x4bdc40	0x4bdc40	zVideoFxPass3Slot::ApplyToCurrentSurface	zVideoFxPass3Slot::ApplyPass3	renamed	Inferred	Synchronize current defining source name; descriptive reconstruction, not recovered original spelling.	src/GameZRecoil/zUI/zui.cpp:1485
recoil:function:0x4bdc70	0x4bdc70	HudWeatherFx::Constructor	HudWeatherFx::HudWeatherFx	renamed	Inferred	Synchronize current defining source name; descriptive reconstruction, not recovered original spelling.	src/GameZRecoil/zUI/zui.cpp:1587
recoil:function:0x4bde20	0x4bde20	HudWeatherFx::ScalarDeletingDestructor	HudWeatherFx::ScalarDeletingDestructor	retained	Inferred	Retain physical/compiler projection label; no unique attached defining function body in the source inventory.	
recoil:function:0x4bde40	0x4bde40	HudWeatherFx::Destructor	HudWeatherFx::~HudWeatherFx	renamed	Inferred	Synchronize current defining source name; descriptive reconstruction, not recovered original spelling.	src/GameZRecoil/zUI/zui.cpp:1662
recoil:function:0x4bdee0	0x4bdee0	HudWeatherFx::ResetParticleSlot	HudWeatherFx::ResetParticleSlot	retained	Inferred	Retain reconstructed descriptive spelling; exact original spelling is not established.	src/GameZRecoil/zUI/zui.cpp:1692
recoil:function:0x4bdfd0	0x4bdfd0	HudWeatherFx::DrawParticles	HudWeatherFx::ApplyPass3	renamed	Inferred	Synchronize current defining source name; descriptive reconstruction, not recovered original spelling.	src/GameZRecoil/zUI/zui.cpp:1722
recoil:function:0x4be210	0x4be210	HudWeatherFx::ArePointBatchInsideRect	HudWeatherFxPointBatch::ArePointBatchInsideRect	renamed	Inferred	Synchronize current defining source name; descriptive reconstruction, not recovered original spelling.	src/GameZRecoil/zUI/zui.cpp:1815
recoil:function:0x4be280	0x4be280	HudWeatherFxSnow::Constructor	HudWeatherFxSnow::HudWeatherFxSnow	renamed	Inferred	Synchronize current defining source name; descriptive reconstruction, not recovered original spelling.	src/GameZRecoil/zUI/zui.cpp:1847
recoil:function:0x4be2c0	0x4be2c0	HudWeatherFxSnow::ScalarDeletingDestructor	HudWeatherFxSnow::ScalarDeletingDestructor	retained	Inferred	Retain physical/compiler projection label; no unique attached defining function body in the source inventory.	
recoil:function:0x4be2e0	0x4be2e0	HudWeatherFxSnow::Destructor	HudWeatherFxSnow::~HudWeatherFxSnow	renamed	Inferred	Synchronize current defining source name; descriptive reconstruction, not recovered original spelling.	src/GameZRecoil/zUI/zui.cpp:1860
recoil:function:0x4be2f0	0x4be2f0	HudWeatherFxSnow::Update	HudWeatherFxSnow::Update	retained	Inferred	Retain reconstructed descriptive spelling; exact original spelling is not established.	src/GameZRecoil/zUI/zui.cpp:1868
recoil:function:0x4be810	0x4be810	HudWeatherFxRain::Constructor	HudWeatherFxRain::HudWeatherFxRain	renamed	Inferred	Synchronize current defining source name; descriptive reconstruction, not recovered original spelling.	src/GameZRecoil/zUI/zui.cpp:2007
recoil:function:0x4be850	0x4be850	HudWeatherFxRain::ScalarDeletingDestructor	HudWeatherFxRain::ScalarDeletingDestructor	retained	Inferred	Retain physical/compiler projection label; no unique attached defining function body in the source inventory.	
recoil:function:0x4be870	0x4be870	HudWeatherFxRain::Destructor	HudWeatherFxRain::~HudWeatherFxRain	renamed	Inferred	Synchronize current defining source name; descriptive reconstruction, not recovered original spelling.	src/GameZRecoil/zUI/zui.cpp:2020
recoil:function:0x4be880	0x4be880	HudWeatherFxRain::Update	HudWeatherFxRain::Update	retained	Inferred	Retain reconstructed descriptive spelling; exact original spelling is not established.	src/GameZRecoil/zUI/zui.cpp:2028
recoil:function:0x4bed30	0x4bed30	zVideoFxPass3Config::UpdateLocal	zVideoFxPass3Config::UpdateLocal	retained	Inferred	Retain physical/compiler projection label; no unique attached defining function body in the source inventory.	
recoil:function:0x4bed50	0x4bed50	zVideoFxPass3Config::SetPrimaryElementParamsLocal	zVideoFxPass3Config::SetPrimaryElementParamsLocal	retained	Inferred	Retain physical/compiler projection label; no unique attached defining function body in the source inventory.	
recoil:function:0x4bed90	0x4bed90	zVideoFxPass3Config::QueueElementLocal	zVideoFxPass3Config::QueueElementLocal	retained	Inferred	Retain physical/compiler projection label; no unique attached defining function body in the source inventory.	
recoil:function:0x4bee00	0x4bee00	zVideoFxPass3Config::SetInputRectByIndex	zVideoFxPass3Config::SetInputRectByIndex	retained	Inferred	Retain physical/compiler projection label; no unique attached defining function body in the source inventory.	
recoil:function:0x4bee20	0x4bee20	zVideoFxPass3Config::QueuePrimitiveRaw	zVideoFxPass3Config::QueuePrimitiveRaw	retained	Inferred	Retain physical/compiler projection label; no unique attached defining function body in the source inventory.	
recoil:function:0x4bee40	0x4bee40	zVideoFxPass3Config::CrtInitGlobalSingleton	zVideoFxPass3Config::CrtInitGlobalSingleton	retained	Inferred	Retain physical/compiler projection label; no unique attached defining function body in the source inventory.	
recoil:function:0x4bee50	0x4bee50	zVideoFxPass3Config::ConstructGlobalSingleton	zVideoFxPass3Config::ConstructGlobalSingleton	retained	Inferred	Retain physical/compiler projection label; no unique attached defining function body in the source inventory.	
recoil:function:0x4bee60	0x4bee60	zVideoFxPass3Config::RegisterDestroyAtExit	zVideoFxPass3Config::RegisterDestroyAtExit	retained	Inferred	Retain physical/compiler projection label; no unique attached defining function body in the source inventory.	
recoil:function:0x4bee70	0x4bee70	zVideoFxPass3Config::DestroyGlobalSingleton	zVideoFxPass3Config::DestroyGlobalSingleton	retained	Inferred	Retain physical/compiler projection label; no unique attached defining function body in the source inventory.	
recoil:function:0x4bee80	0x4bee80	zVideoFxPass3Config::Destructor	zVideoFxPass3Config::Destructor	retained	Inferred	Retain physical/compiler projection label; no unique attached defining function body in the source inventory.	
recoil:function:0x4beee0	0x4beee0	zVideo_FxPass3::SetPrimaryElementParamsLocal	zVideo_FxPass3::SetPrimaryElementParamsLocal	retained	Inferred	Retain physical/compiler projection label; no unique attached defining function body in the source inventory.	
recoil:function:0x4bef10	0x4bef10	zVideo_FxPass3::QueueElementLocal	zVideo_FxPass3::QueueElementLocal	retained	Inferred	Retain physical/compiler projection label; no unique attached defining function body in the source inventory.	
recoil:function:0x4bef40	0x4bef40	zVideo::FxPass3_SetInputRectByIndex	zVideo::FxPass3SetInputRectByIndex	renamed	Inferred	Synchronize renamed source identifier within existing physical/compiler projection label.	
recoil:function:0x4bef50	0x4bef50	zVideo::FxPass3_QueuePrimitive	zVideo::FxPass3QueuePrimitive	renamed	Inferred	Synchronize renamed source identifier within existing physical/compiler projection label.	
recoil:function:0x4bef70	0x4bef70	zVideo::FxPass3_UpdateLocal	zVideo::FxPass3UpdateLocal	renamed	Inferred	Synchronize renamed source identifier within existing physical/compiler projection label.	
recoil:function:0x4bef90	0x4bef90	zVideoFxPass3Config::Constructor	zVideoFxPass3Config::Constructor	retained	Inferred	Retain physical/compiler projection label; no unique attached defining function body in the source inventory.	
recoil:function:0x4bf060	0x4bf060	HudUiMessageBoxDialog::Constructor	HudUiMessageBoxDialog::HudUiMessageBoxDialog	renamed	Inferred	Synchronize current defining source name; descriptive reconstruction, not recovered original spelling.	src/GameZRecoil/zUI/zui.cpp:2409
recoil:function:0x4bf540	0x4bf540	HudUiMessageBoxDialog::ScalarDeletingDestructor	HudUiMessageBoxDialog::ScalarDeletingDestructor	retained	Inferred	Retain physical/compiler projection label; no unique attached defining function body in the source inventory.	
recoil:function:0x4bf560	0x4bf560	HudUiMessageBoxDialog::Destructor	HudUiMessageBoxDialog::~HudUiMessageBoxDialog	renamed	Inferred	Synchronize current defining source name; descriptive reconstruction, not recovered original spelling.	src/GameZRecoil/zUI/zui.cpp:2499
recoil:function:0x4bf630	0x4bf630	HudUiMessageBoxDialog::RunModal	HudUiMessageBoxDialog::RunModal	retained	Inferred	Retain reconstructed descriptive spelling; exact original spelling is not established.	src/GameZRecoil/zUI/zui.cpp:2522
recoil:function:0x4bf7c0	0x4bf7c0	HudUiMessageBoxDialog::OnOk	HudUiMessageBoxDialog::OnOk	retained	Inferred	Retain reconstructed descriptive spelling; exact original spelling is not established.	src/GameZRecoil/zUI/zui.cpp:2608
recoil:function:0x4bf7e0	0x4bf7e0	HudUiMessageBoxDialog::OnCancel	HudUiMessageBoxDialog::OnCancel	retained	Inferred	Retain reconstructed descriptive spelling; exact original spelling is not established.	src/GameZRecoil/zUI/zui.cpp:2620
recoil:function:0x4bf800	0x4bf800	HudUiMessageBoxOkButton::OnActivate	HudUiMessageBoxOkButton::OnActivate	retained	Inferred	Retain reconstructed descriptive spelling; exact original spelling is not established.	src/GameZRecoil/zUI/zui.cpp:2635
recoil:function:0x4bf820	0x4bf820	HudUiMessageBoxCancelButton::OnActivate	HudUiMessageBoxCancelButton::OnActivate	retained	Inferred	Retain reconstructed descriptive spelling; exact original spelling is not established.	src/GameZRecoil/zUI/zui.cpp:2652
recoil:function:0x4bf840	0x4bf840	HudUiPolyline::Constructor	HudUiPolyline::HudUiPolyline	renamed	Inferred	Synchronize current defining source name; descriptive reconstruction, not recovered original spelling.	src/GameZRecoil/zUI/zui.cpp:2664
recoil:function:0x4bf8b0	0x4bf8b0	HudUiPolyline::SetPoint	HudUiPolyline::SetPoint	retained	Inferred	Retain reconstructed descriptive spelling; exact original spelling is not established.	src/GameZRecoil/zUI/zui.cpp:2680
recoil:function:0x4bf900	0x4bf900	HudUiPolyline::Draw	HudUiPolyline::Draw	retained	Inferred	Retain physical/compiler projection label; no unique attached defining function body in the source inventory.	
recoil:function:0x4bf980	0x4bf980	HudUiBackgroundCursorWidget::MemberConstructorLocal	HudUiBackgroundCursorWidget::HudUiBackgroundCursorWidget	renamed	Inferred	Synchronize current defining source name; descriptive reconstruction, not recovered original spelling.	src/GameZRecoil/zUI/zui.cpp:2734
recoil:function:0x4bfa00	0x4bfa00	HudUiBackgroundCursorWidget::ScalarDeletingDestructor	HudUiBackgroundCursorWidget::ScalarDeletingDestructor	retained	Inferred	Retain physical/compiler projection label; no unique attached defining function body in the source inventory.	
recoil:function:0x4bfa20	0x4bfa20	HudUiBackgroundCursorWidget::DestructorCore	HudUiBackgroundCursorWidget::~HudUiBackgroundCursorWidget	renamed	Inferred	Synchronize current defining source name; descriptive reconstruction, not recovered original spelling.	src/GameZRecoil/zUI/zui.cpp:2754
recoil:function:0x4bfa50	0x4bfa50	HudUiBackgroundCursorWidget::SetImageByPathOwnedAndRefresh	HudUiBackgroundCursorWidget::SetImageByPathOwnedAndRefresh	retained	Inferred	Retain reconstructed descriptive spelling; exact original spelling is not established.	src/GameZRecoil/zUI/zui.cpp:2765
recoil:function:0x4bfa70	0x4bfa70	HudUiBackgroundCursorWidget::SetImageBorrowedAndRefreshIfChanged	HudUiBackgroundCursorWidget::SetImageBorrowedAndRefreshIfChanged	retained	Inferred	Retain reconstructed descriptive spelling; exact original spelling is not established.	src/GameZRecoil/zUI/zui.cpp:2778
recoil:function:0x4bfa90	0x4bfa90	HudUiBackgroundCursorWidget::SetCaptureEnabled	HudUiBackgroundCursorWidget::SetImageOwnedAndRefresh	renamed	Inferred	Synchronize current defining source name; descriptive reconstruction, not recovered original spelling.	src/GameZRecoil/zUI/zui.cpp:2791
recoil:function:0x4bfae0	0x4bfae0	HudUiBackgroundCursorWidget::RebuildCapturedImageForCurrentImage	HudUiBackgroundCursorWidget::SetImageBorrowedAndRefresh	renamed	Inferred	Synchronize current defining source name; descriptive reconstruction, not recovered original spelling.	src/GameZRecoil/zUI/zui.cpp:2812
recoil:function:0x4bfb70	0x4bfb70	HudUiBackgroundCursorWidget::SetPos	HudUiBackgroundCursorWidget::SetPos	retained	Inferred	Retain reconstructed descriptive spelling; exact original spelling is not established.	src/GameZRecoil/zUI/zui.cpp:2841
recoil:function:0x4bfba0	0x4bfba0	HudUiBackgroundCursorWidget::CaptureBackgroundUnderCursorImage	HudUiBackgroundCursorWidget::RebuildCapturedImage	renamed	Inferred	Synchronize current defining source name; descriptive reconstruction, not recovered original spelling.	src/GameZRecoil/zUI/zui.cpp:2854
recoil:function:0x4bfc50	0x4bfc50	HudUiBackgroundCursorWidget::Draw	HudUiBackgroundCursorWidget::Draw	retained	Inferred	Retain reconstructed descriptive spelling; exact original spelling is not established.	src/GameZRecoil/zUI/zui.cpp:2886
recoil:function:0x4bfc60	0x4bfc60	HudUiBackgroundCursorWidget::DrawBase	HudUiBackgroundCursorWidget::DrawBase	retained	Inferred	Retain reconstructed descriptive spelling; exact original spelling is not established.	src/GameZRecoil/zUI/zui.cpp:2895
recoil:function:0x4bfc80	0x4bfc80	HudUiBackgroundVideoWidget::Constructor	HudUiBackgroundVideoWidget::HudUiBackgroundVideoWidget	renamed	Inferred	Synchronize current defining source name; descriptive reconstruction, not recovered original spelling.	src/GameZRecoil/zUI/zui.cpp:2912
recoil:function:0x4bfcb0	0x4bfcb0	HudUiBackgroundVideoWidget::ScalarDeletingDestructor	HudUiBackgroundVideoWidget::ScalarDeletingDestructor	retained	Inferred	Retain physical/compiler projection label; no unique attached defining function body in the source inventory.	
recoil:function:0x4bfcd0	0x4bfcd0	HudUiBackgroundVideoWidget::Destructor	HudUiBackgroundVideoWidget::Destructor	retained	Inferred	Retain reconstructed descriptive spelling; exact original spelling is not established.	src/GameZRecoil/zUI/zui.cpp:2938
recoil:function:0x4bfd40	0x4bfd40	HudUiBackgroundVideoWidget::SetMediaPathOwnedAndRefresh	HudUiBackgroundVideoWidget::SetMediaPathOwnedAndRefresh	retained	Inferred	Retain reconstructed descriptive spelling; exact original spelling is not established.	src/GameZRecoil/zUI/zui.cpp:2947
recoil:function:0x4bfe20	0x4bfe20	HudUiBackgroundVideoWidget::SetColorKey565	HudUiBackgroundVideoWidget::SetColorKey565	retained	Inferred	Retain reconstructed descriptive spelling; exact original spelling is not established.	src/GameZRecoil/zUI/zui.cpp:2980
recoil:function:0x4bfe40	0x4bfe40	HudUiBackgroundVideoWidget::Update	HudUiBackgroundVideoWidget::Update	retained	Inferred	Retain reconstructed descriptive spelling; exact original spelling is not established.	src/GameZRecoil/zUI/zui.cpp:2995
recoil:function:0x4bfe90	0x4bfe90	HudUiBackgroundVideoWidget::Draw	HudUiBackgroundVideoWidget::Draw	retained	Inferred	Retain reconstructed descriptive spelling; exact original spelling is not established.	src/GameZRecoil/zUI/zui.cpp:3016
recoil:function:0x4bfec0	0x4bfec0	HudUiBackgroundVideoWidget::DrawBase	HudUiBackgroundVideoWidget::DrawBase	retained	Inferred	Retain reconstructed descriptive spelling; exact original spelling is not established.	src/GameZRecoil/zUI/zui.cpp:3029
recoil:function:0x4bff00	0x4bff00	HudUiBackgroundVideoWidget::RebuildBltRect	HudUiBackgroundVideoWidget::RebuildBltRect	retained	Inferred	Retain reconstructed descriptive spelling; exact original spelling is not established.	src/GameZRecoil/zUI/zui.cpp:3043
recoil:function:0x4bffb0	0x4bffb0	HudUiPrimitiveBindTarget::SetSegmentEndpoints	HudUiPrimitiveBindTarget::SetSegmentEndpoints	retained	Inferred	Retain reconstructed descriptive spelling; exact original spelling is not established.	src/GameZRecoil/zUI/zui.cpp:3072
recoil:function:0x4bffe0	0x4bffe0	zUtil_ZAR::RegisterSectionHandler	zUtil_ZAR::RegisterSectionHandler	retained	Inferred	Retain reconstructed descriptive spelling; exact original spelling is not established.	src/GameZRecoil/zUtil/zutl_zbd.cpp:59
recoil:function:0x4c0010	0x4c0010	zUtil_ZAR::WriteSectionBlob	zUtil_ZAR::WriteSectionBlob	retained	Inferred	Retain reconstructed descriptive spelling; exact original spelling is not established.	src/GameZRecoil/zUtil/zutl_zbd.cpp:79
recoil:function:0x4c0030	0x4c0030	zUtil::ZBD_LoadEntriesGlobal	zUtil::ZBDLoadEntriesGlobal	renamed	Inferred	Synchronize current defining source name; descriptive reconstruction, not recovered original spelling.	src/GameZRecoil/zUtil/zutl_zbd.cpp:95
recoil:function:0x4c0050	0x4c0050	zUtil::ZAR_LoadFileGlobal	zUtil::zZarLoadFileGlobal	renamed	Inferred	Synchronize current defining source name; descriptive reconstruction, not recovered original spelling.	src/GameZRecoil/zUtil/zutl_zbd.cpp:111
recoil:function:0x4c0070	0x4c0070	zUtil::ZAR_RequestStopGlobal	zUtil::zZarRequestStopGlobal	renamed	Inferred	Synchronize current defining source name; descriptive reconstruction, not recovered original spelling.	src/GameZRecoil/zUtil/zutl_zbd.cpp:129
recoil:function:0x4c0080	0x4c0080	zUtil_ZBD::OpenTempWriteStream	zUtil_ZBD::OpenTempWriteStream	retained	Inferred	Retain reconstructed descriptive spelling; exact original spelling is not established.	src/GameZRecoil/zUtil/zutl_zbd.cpp:146
recoil:function:0x4c00a0	0x4c00a0	zUtil_ZBD::FlushTempWriteStreamToSectionRecord	zUtil_ZBD::FlushTempWriteStreamToSectionRecord	retained	Inferred	Retain reconstructed descriptive spelling; exact original spelling is not established.	src/GameZRecoil/zUtil/zutl_zbd.cpp:160
recoil:function:0x4c00c0	0x4c00c0	zUtil_ZBD::OpenTempReadStream	zUtil_ZBD::OpenTempReadStream	retained	Inferred	Retain reconstructed descriptive spelling; exact original spelling is not established.	src/GameZRecoil/zUtil/zutl_zbd.cpp:176
recoil:function:0x4c00e0	0x4c00e0	zUtil_ZBD::CloseTempReadStream	zUtil_ZBD::CloseTempReadStream	retained	Inferred	Retain reconstructed descriptive spelling; exact original spelling is not established.	src/GameZRecoil/zUtil/zutl_zbd.cpp:193
recoil:function:0x4c0100	0x4c0100	zUtil::ZBD_Init	zUtil::ZBDInit	renamed	Inferred	Synchronize current defining source name; descriptive reconstruction, not recovered original spelling.	src/GameZRecoil/zUtil/zutl_zbd.cpp:210
recoil:function:0x4c0180	0x4c0180	zUtil::ZBD_DestroyGlobalManager	ZBDDestroyGlobalManager	renamed	Inferred	Synchronize current defining source name; descriptive reconstruction, not recovered original spelling.	src/GameZRecoil/zUtil/zutl_zbd.cpp:231
recoil:function:0x4c01b0	0x4c01b0	zZbdManager::Destroy	zZbdManager::Destroy	retained	Inferred	Retain reconstructed descriptive spelling; exact original spelling is not established.	src/GameZRecoil/zUtil/zutl_zbd.cpp:248
recoil:function:0x4c0260	0x4c0260	zZbdSectionHandler::CompareSortOrderLessThan	zZbdSectionHandler::CompareSortOrderLessThan	retained	Inferred	Retain reconstructed descriptive spelling; exact original spelling is not established.	src/GameZRecoil/zUtil/zutl_zbd.cpp:265
recoil:function:0x4c0280	0x4c0280	zZbdManager::RegisterSectionHandler	zZbdManager::RegisterSectionHandler	retained	Inferred	Retain reconstructed descriptive spelling; exact original spelling is not established.	src/GameZRecoil/zUtil/zutl_zbd.cpp:277
recoil:function:0x4c0370	0x4c0370	zZbdManager::LoadEntries	zZbdManager::LoadEntries	retained	Inferred	Retain reconstructed descriptive spelling; exact original spelling is not established.	src/GameZRecoil/zUtil/zutl_zbd.cpp:306
recoil:function:0x4c0400	0x4c0400	zZbdManager::LoadZarFile	zZbdManager::LoadZarFile	retained	Inferred	Retain reconstructed descriptive spelling; exact original spelling is not established.	src/GameZRecoil/zUtil/zutl_zbd.cpp:332
recoil:function:0x4c0620	0x4c0620	zZbdManager::RequestStop	zZbdManager::RequestStop	retained	Inferred	Retain reconstructed descriptive spelling; exact original spelling is not established.	src/GameZRecoil/zUtil/zutl_zbd.cpp:388
recoil:function:0x4c0630	0x4c0630	zZbdManager::WriteSectionRecord	zZbdManager::WriteSectionRecord	retained	Inferred	Retain reconstructed descriptive spelling; exact original spelling is not established.	src/GameZRecoil/zUtil/zutl_zbd.cpp:397
recoil:function:0x4c06a0	0x4c06a0	zZbdSectionHandler::InvokePreLoad	zZbdSectionHandler::InvokePreLoad	retained	Inferred	Retain reconstructed descriptive spelling; exact original spelling is not established.	src/GameZRecoil/zUtil/zutl_zbd.cpp:418
recoil:function:0x4c06c0	0x4c06c0	zZbdSectionHandler::InvokeDataReady	zZbdSectionHandler::InvokeDataReady	retained	Inferred	Retain reconstructed descriptive spelling; exact original spelling is not established.	src/GameZRecoil/zUtil/zutl_zbd.cpp:439
recoil:function:0x4c0700	0x4c0700	zZbdManager::FlushTempStreamToSectionRecord	zZbdManager::FlushTempStreamToSectionRecord	retained	Inferred	Retain reconstructed descriptive spelling; exact original spelling is not established.	src/GameZRecoil/zUtil/zutl_zbd.cpp:462
recoil:function:0x4c0780	0x4c0780	zZbdManager::CreateTempReadStreamFromBuffer	zZbdManager::CreateTempReadStreamFromBuffer	retained	Inferred	Retain reconstructed descriptive spelling; exact original spelling is not established.	src/GameZRecoil/zUtil/zutl_zbd.cpp:487
recoil:function:0x4c07c0	0x4c07c0	zZbdManager::RemoveTempFiles	zZbdManager::RemoveTempFiles	retained	Inferred	Retain reconstructed descriptive spelling; exact original spelling is not established.	src/GameZRecoil/zUtil/zutl_zbd.cpp:503
recoil:function:0x4c0d20	0x4c0d20	zInterp_Context::Constructor	CZInterp::CZInterp	renamed	Inferred	Synchronize current defining source name; descriptive reconstruction, not recovered original spelling.	src/GameZRecoil/zInterp/zinterp_parse.cpp:252
recoil:function:0x4c0e50	0x4c0e50	zInterp_Context::Destructor	CZInterp::~CZInterp	renamed	Inferred	Synchronize current defining source name; descriptive reconstruction, not recovered original spelling.	src/GameZRecoil/zInterp/zinterp_parse.cpp:299
recoil:function:0x4c0f70	0x4c0f70	zInterp_Context::Destroy	CZInterp::Destroy	renamed	Inferred	Synchronize current defining source name; descriptive reconstruction, not recovered original spelling.	src/GameZRecoil/zInterp/zinterp_parse.cpp:331
recoil:function:0x4c1020	0x4c1020	zInterp_Context::RunString	CZInterp::RunStream	renamed	Inferred	Synchronize current defining source name; descriptive reconstruction, not recovered original spelling.	src/GameZRecoil/zInterp/zinterp_parse.cpp:360
recoil:function:0x4c1090	0x4c1090	zInterp_Context::RunStream	CZInterp::RunLine	renamed	Inferred	Synchronize current defining source name; descriptive reconstruction, not recovered original spelling.	src/GameZRecoil/zInterp/zinterp_parse.cpp:390
recoil:function:0x4c1160	0x4c1160	zInterp_Context::ReadLineOrPreparedTokens	CZInterp::ReadLineOrPreparedTokens	renamed	Inferred	Synchronize current defining source name; descriptive reconstruction, not recovered original spelling.	src/GameZRecoil/zInterp/zinterp_parse.cpp:440
recoil:function:0x4c1250	0x4c1250	zInterp_Context::ExpandMacroRefs	CZInterp::ExpandMacroRefs	renamed	Inferred	Synchronize current defining source name; descriptive reconstruction, not recovered original spelling.	src/GameZRecoil/zInterp/zinterp_parse.cpp:487
recoil:function:0x4c13c0	0x4c13c0	zInterp_Context::TokenizeLine	CZInterp::TokenizeLine	renamed	Inferred	Synchronize current defining source name; descriptive reconstruction, not recovered original spelling.	src/GameZRecoil/zInterp/zinterp_parse.cpp:547
recoil:function:0x4c1500	0x4c1500	zInterp_Context::RunScriptFile	CZInterp::RunScriptFile	renamed	Inferred	Synchronize current defining source name; descriptive reconstruction, not recovered original spelling.	src/GameZRecoil/zInterp/zinterp_parse.cpp:605
recoil:function:0x4c15f0	0x4c15f0	zInterp_Context::FindMacroValue	CZInterp::FindMacroValue	renamed	Inferred	Synchronize current defining source name; descriptive reconstruction, not recovered original spelling.	src/GameZRecoil/zInterp/zinterp_parse.cpp:655
recoil:function:0x4c1670	0x4c1670	zInterp_Context::ClearMacroTable	CZInterp::ClearMacroTable	renamed	Inferred	Synchronize current defining source name; descriptive reconstruction, not recovered original spelling.	src/GameZRecoil/zInterp/zinterp_parse.cpp:679
recoil:function:0x4c16c0	0x4c16c0	zInterp_Context::ClearVarTable	CZInterp::ClearVarTable	renamed	Inferred	Synchronize current defining source name; descriptive reconstruction, not recovered original spelling.	src/GameZRecoil/zInterp/zinterp_parse.cpp:700
recoil:function:0x4c1710	0x4c1710	zInterp_Context::IsMacroTrue	CZInterp::IsMacroTrue	renamed	Inferred	Synchronize current defining source name; descriptive reconstruction, not recovered original spelling.	src/GameZRecoil/zInterp/zinterp_parse.cpp:720
recoil:function:0x4c1780	0x4c1780	zInterp_Context::SetMacro	CZInterp::SetMacro	renamed	Inferred	Synchronize current defining source name; descriptive reconstruction, not recovered original spelling.	src/GameZRecoil/zInterp/zinterp_parse.cpp:737
recoil:function:0x4c1870	0x4c1870	zInterp_Context::EchoTokens	CZInterp::EchoTokens	renamed	Inferred	Synchronize current defining source name; descriptive reconstruction, not recovered original spelling.	src/GameZRecoil/zInterp/zinterp_parse.cpp:771
recoil:function:0x4c18c0	0x4c18c0	zInterp_Context::PushFileFrame	CZInterp::PushFileFrame	renamed	Inferred	Synchronize current defining source name; descriptive reconstruction, not recovered original spelling.	src/GameZRecoil/zInterp/zinterp_parse.cpp:786
recoil:function:0x4c1940	0x4c1940	zInterp_Context::PopFileFrame	CZInterp::PopFileFrame	renamed	Inferred	Synchronize current defining source name; descriptive reconstruction, not recovered original spelling.	src/GameZRecoil/zInterp/zinterp_parse.cpp:812
recoil:function:0x4c1960	0x4c1960	zInterp_Context::ClearFileFrameStack	CZInterp::ClearFileFrameStack	renamed	Inferred	Synchronize current defining source name; descriptive reconstruction, not recovered original spelling.	src/GameZRecoil/zInterp/zinterp_parse.cpp:830
recoil:function:0x4c1990	0x4c1990	zInterp_Context::NextToken	CZInterp::NextToken	renamed	Inferred	Synchronize current defining source name; descriptive reconstruction, not recovered original spelling.	src/GameZRecoil/zInterp/zinterp_parse.cpp:845
recoil:function:0x4c19c0	0x4c19c0	zInterp_Context::ParseBoolToken	CZInterp::ParseBoolToken	renamed	Inferred	Synchronize current defining source name; descriptive reconstruction, not recovered original spelling.	src/GameZRecoil/zInterp/zinterp_parse.cpp:865
recoil:function:0x4c1a00	0x4c1a00	zInterp_Context::ParseFloatToken	CZInterp::ParseFloatToken	renamed	Inferred	Synchronize current defining source name; descriptive reconstruction, not recovered original spelling.	src/GameZRecoil/zInterp/zinterp_parse.cpp:882
recoil:function:0x4c1a20	0x4c1a20	zInterp_Context::ParseIntToken	CZInterp::ParseIntToken	renamed	Inferred	Synchronize current defining source name; descriptive reconstruction, not recovered original spelling.	src/GameZRecoil/zInterp/zinterp_parse.cpp:898
recoil:function:0x4c1a40	0x4c1a40	zInterp_Context::FindVarEntry	CZInterp::FindVarEntry	renamed	Inferred	Synchronize current defining source name; descriptive reconstruction, not recovered original spelling.	src/GameZRecoil/zInterp/zinterp_parse.cpp:914
recoil:function:0x4c1ab0	0x4c1ab0	zInterp_Context::DumpVarEntry	CZInterp::DumpVarEntry	renamed	Inferred	Synchronize current defining source name; descriptive reconstruction, not recovered original spelling.	src/GameZRecoil/zInterp/zinterp_parse.cpp:934
recoil:function:0x4c1b20	0x4c1b20	zInterp_Context::IncErrorCount	CZInterp::IncErrorCount	renamed	Inferred	Synchronize current defining source name; descriptive reconstruction, not recovered original spelling.	src/GameZRecoil/zInterp/zinterp_parse.cpp:960
recoil:function:0x4c1b30	0x4c1b30	zInterp_Context::Logf	CZInterp::Logf	renamed	Inferred	Synchronize current defining source name; descriptive reconstruction, not recovered original spelling.	src/GameZRecoil/zInterp/zinterp_parse.cpp:971
recoil:function:0x4c1b50	0x4c1b50	zInterp_Context::EvalConditionExpr	CZInterp::EvalConditionExpr	renamed	Inferred	Synchronize current defining source name; descriptive reconstruction, not recovered original spelling.	src/GameZRecoil/zInterp/zinterp_parse.cpp:991
recoil:function:0x4c1c50	0x4c1c50	zInterp_Context::HandleBuiltinCommand	CZInterp::HandleBuiltinCommand	renamed	Inferred	Synchronize current defining source name; descriptive reconstruction, not recovered original spelling.	src/GameZRecoil/zInterp/zinterp_parse.cpp:1043
recoil:function:0x4c2030	0x4c2030	zInterp_Context::PrintNodeTree	CZInterp::PrintNodeTree	renamed	Inferred	Synchronize current defining source name; descriptive reconstruction, not recovered original spelling.	src/GameZRecoil/zInterp/zinterp_parse.cpp:1153
recoil:function:0x4c2090	0x4c2090	zInterp_Context::ReportParseError	CZInterp::ReportParseError	renamed	Inferred	Synchronize current defining source name; descriptive reconstruction, not recovered original spelling.	src/GameZRecoil/zInterp/zinterp_parse.cpp:1171
recoil:function:0x4c20a0	0x4c20a0	zInterp_Context::DispatchCoreCommand	CZInterp::DispatchCoreCommand	renamed	Inferred	Synchronize current defining source name; descriptive reconstruction, not recovered original spelling.	src/GameZRecoil/zInterp/zinterp_parse.cpp:1338
recoil:function:0x4c5480	0x4c5480	zInterp_Context::CommandEqualsPrefix	CZInterp::CommandEqualsPrefix	renamed	Inferred	Synchronize current defining source name; descriptive reconstruction, not recovered original spelling.	src/GameZRecoil/zInterp/zinterp_parse.cpp:2818
recoil:function:0x4c54b0	0x4c54b0	zInterp_Context::CommandEquals	CZInterp::CommandEquals	renamed	Inferred	Synchronize current defining source name; descriptive reconstruction, not recovered original spelling.	src/GameZRecoil/zInterp/zinterp_parse.cpp:2834
recoil:function:0x4c5510	0x4c5510	zInterp_Context::GetCurrentCommand	CZInterp::GetCurrentCommand	renamed	Inferred	Synchronize current defining source name; descriptive reconstruction, not recovered original spelling.	src/GameZRecoil/zInterp/zinterp_parse.cpp:2849
recoil:function:0x4c5520	0x4c5520	zInterp_Context::ReportErrorf	CZInterp::ReportErrorf	renamed	Inferred	Synchronize current defining source name; descriptive reconstruction, not recovered original spelling.	src/GameZRecoil/zInterp/zinterp_parse.cpp:2864
recoil:function:0x4c5550	0x4c5550	zInterp_Context::LoadPreparedScriptIndex	CZInterp::LoadPreparedScriptIndex	renamed	Inferred	Synchronize current defining source name; descriptive reconstruction, not recovered original spelling.	src/GameZRecoil/zInterp/zinterp_parse.cpp:2934
recoil:function:0x4c5740	0x4c5740	zInterp_Context::OpenPreparedScriptStream	CZInterp::OpenPreparedScriptStream	renamed	Inferred	Synchronize current defining source name; descriptive reconstruction, not recovered original spelling.	src/GameZRecoil/zInterp/zinterp_parse.cpp:3005
recoil:function:0x4c5820	0x4c5820	zInterp_Context::ValidateArgsAndNodeType	CZInterp::ValidateArgsAndNodeType	renamed	Inferred	Synchronize current defining source name; descriptive reconstruction, not recovered original spelling.	src/GameZRecoil/zInterp/zinterp_parse.cpp:3037
recoil:function:0x4c58c0	0x4c58c0	zInterp_Context::DefaultDispatchHook	CZInterp::HandleScrollDisable	renamed	Inferred	Synchronize current defining source name; descriptive reconstruction, not recovered original spelling.	src/GameZRecoil/zInterp/zinterp_parse.cpp:3087
recoil:function:0x4c58e0	0x4c58e0	zInterp_Context::RegisterScrollAlwaysNode	CZInterp::RegisterScrollAlwaysNode	renamed	Inferred	Synchronize current defining source name; descriptive reconstruction, not recovered original spelling.	src/GameZRecoil/zInterp/zinterp_parse.cpp:3104
recoil:function:0x4c59e0	0x4c59e0	zInterp_Object3D::DefaultRenderAction	zInterp_Object3D::DefaultRenderAction	retained	Inferred	Retain reconstructed descriptive spelling; exact original spelling is not established.	src/GameZRecoil/zInterp/zinterp_parse.cpp:3149
recoil:function:0x4c5a00	0x4c5a00	zInterp_Object3D::ScrollAlwaysTickAction	zInterp_Object3D::ScrollAlwaysTickAction	retained	Inferred	Retain reconstructed descriptive spelling; exact original spelling is not established.	src/GameZRecoil/zInterp/zinterp_parse.cpp:3165
recoil:function:0x4c7f00	0x4c7f00	zImage_Font::BlitStringToActiveTarget	zImage_Font::BlitStringToActiveTarget	retained	Inferred	Retain reconstructed descriptive spelling; exact original spelling is not established.	src/GameZRecoil/zImage/zimg_texture.cpp:2084
recoil:function:0x4c7fd0	0x4c7fd0	zVideo::LoadPaletteFileAndApplyBrightness	zVideo::LoadPaletteFileAndApplyBrightness	retained	Inferred	Retain reconstructed descriptive spelling; exact original spelling is not established.	src/GameZRecoil/zVideo/zvid_main.c:2316
recoil:function:0x4c8070	0x4c8070	zVideo::ApplyBrightnessToPaletteEntries	zVideo::ApplyBrightnessToPaletteEntries	retained	Inferred	Retain reconstructed descriptive spelling; exact original spelling is not established.	src/GameZRecoil/zVideo/zvid_main.c:2340
recoil:function:0x4c81c0	0x4c81c0	WinMain	WinMain	retained	Inferred	Retain reconstructed descriptive spelling; exact original spelling is not established.	src/WinMain.cpp:22
