old_name	name	source	shape	disposition	confidence	reason
CAboutDlg	CAboutDlg	src/Battlesport/about.h:15	class/interface	retained	Inferred or retained external spelling	Retain existing meaningful spelling; records, provider declarations and incomplete source models receive no automatic class prefix.
AINetPathProbeFan	AINetPathProbeFan	src/Battlesport/ai_net.h:14	record/other	retained	Inferred or retained external spelling	Retain existing meaningful spelling; records, provider declarations and incomplete source models receive no automatic class prefix.
AINetNode	AINetNode	src/Battlesport/ai_net.h:30	record/other	retained	Inferred or retained external spelling	Retain existing meaningful spelling; records, provider declarations and incomplete source models receive no automatic class prefix.
AINet	AINet	src/Battlesport/ai_net.h:60	record/other	retained	Inferred or retained external spelling	Retain existing meaningful spelling; records, provider declarations and incomplete source models receive no automatic class prefix.
AiNetLosFxFrame	AiNetLosFxFrame	src/Battlesport/ai_net.h:1553	record/other	retained	Inferred or retained external spelling	Retain existing meaningful spelling; records, provider declarations and incomplete source models receive no automatic class prefix.
AiNetLosCamLocals	AiNetLosCamLocals	src/Battlesport/ai_net.h:1751	record/other	retained	Inferred or retained external spelling	Retain existing meaningful spelling; records, provider declarations and incomplete source models receive no automatic class prefix.
AiNetLosCamFrame	AiNetLosCamFrame	src/Battlesport/ai_net.h:1755	record/other	retained	Inferred or retained external spelling	Retain existing meaningful spelling; records, provider declarations and incomplete source models receive no automatic class prefix.
AiNetLosCamFrameBeforeEdi	AiNetLosCamFrameBeforeEdi	src/Battlesport/ai_net.h:1763	record/other	retained	Inferred or retained external spelling	Retain existing meaningful spelling; records, provider declarations and incomplete source models receive no automatic class prefix.
AiNetLosCamFrame1	AiNetLosCamFrame1	src/Battlesport/ai_net.h:1768	record/other	retained	Inferred or retained external spelling	Retain existing meaningful spelling; records, provider declarations and incomplete source models receive no automatic class prefix.
AiNetLosCamFrame2	AiNetLosCamFrame2	src/Battlesport/ai_net.h:1769	record/other	retained	Inferred or retained external spelling	Retain existing meaningful spelling; records, provider declarations and incomplete source models receive no automatic class prefix.
AiNetLosCamFrame3	AiNetLosCamFrame3	src/Battlesport/ai_net.h:1770	record/other	retained	Inferred or retained external spelling	Retain existing meaningful spelling; records, provider declarations and incomplete source models receive no automatic class prefix.
AiNetLosCamFrame4	AiNetLosCamFrame4	src/Battlesport/ai_net.h:1771	record/other	retained	Inferred or retained external spelling	Retain existing meaningful spelling; records, provider declarations and incomplete source models receive no automatic class prefix.
AiPropertyDlg	AiPropertyDlg	src/Battlesport/ai_property_dlg.h:13	record/other	retained	Inferred or retained external spelling	Retain existing meaningful spelling; records, provider declarations and incomplete source models receive no automatic class prefix.
BriefingActionElementTarget	BriefingActionElementTarget	src/Battlesport/Briefing.cpp:30	record/other	retained	Inferred or retained external spelling	Retain existing meaningful spelling; records, provider declarations and incomplete source models receive no automatic class prefix.
BriefingActionHideElement	BriefingActionHideElement	src/Battlesport/Briefing.cpp:34	class/interface	retained	Inferred or retained external spelling	Retain existing meaningful spelling; records, provider declarations and incomplete source models receive no automatic class prefix.
BriefingActionShowElement	BriefingActionShowElement	src/Battlesport/Briefing.cpp:47	class/interface	retained	Inferred or retained external spelling	Retain existing meaningful spelling; records, provider declarations and incomplete source models receive no automatic class prefix.
BriefingActionFadeInElement	BriefingActionFadeInElement	src/Battlesport/Briefing.cpp:60	class/interface	retained	Inferred or retained external spelling	Retain existing meaningful spelling; records, provider declarations and incomplete source models receive no automatic class prefix.
BriefingActionSetPanelText	BriefingActionSetPanelText	src/Battlesport/Briefing.cpp:76	class/interface	retained	Inferred or retained external spelling	Retain existing meaningful spelling; records, provider declarations and incomplete source models receive no automatic class prefix.
BriefingActionSetWidgetImageTimed	BriefingActionSetWidgetImageTimed	src/Battlesport/Briefing.cpp:97	class/interface	retained	Inferred or retained external spelling	Retain existing meaningful spelling; records, provider declarations and incomplete source models receive no automatic class prefix.
BriefingActionPlaySample	BriefingActionPlaySample	src/Battlesport/Briefing.cpp:120	class/interface	retained	Inferred or retained external spelling	Retain existing meaningful spelling; records, provider declarations and incomplete source models receive no automatic class prefix.
BriefingActionDelayUntilProgress	BriefingActionDelayUntilProgress	src/Battlesport/Briefing.cpp:146	class/interface	retained	Inferred or retained external spelling	Retain existing meaningful spelling; records, provider declarations and incomplete source models receive no automatic class prefix.
BriefingAction	BriefingAction	src/Battlesport/Briefing.h:13	class/interface	retained	Inferred or retained external spelling	Retain existing meaningful spelling; records, provider declarations and incomplete source models receive no automatic class prefix.
Briefing_ActionQueue	CBriefingActionQueue	src/Battlesport/Briefing.h:22	class/interface	renamed	Same-engine default / inferred	Inferred class spelling: constructor/virtual evidence and documented class-prefix default; preserve class model.
HudUiBriefingLocatorPanel	HudUiBriefingLocatorPanel	src/Battlesport/Briefing.h:60	class/interface	retained	Inferred or retained external spelling	Retain existing meaningful spelling; records, provider declarations and incomplete source models receive no automatic class prefix.
HudUiBriefingObjectivePicture	HudUiBriefingObjectivePicture	src/Battlesport/Briefing.h:74	class/interface	retained	Inferred or retained external spelling	Retain existing meaningful spelling; records, provider declarations and incomplete source models receive no automatic class prefix.
HudUiBriefingTransportProgress	HudUiBriefingTransportProgress	src/Battlesport/Briefing.h:98	record/other	retained	Inferred or retained external spelling	Retain existing meaningful spelling; records, provider declarations and incomplete source models receive no automatic class prefix.
HudUiBriefingRuntime	HudUiBriefingRuntime	src/Battlesport/Briefing.h:107	class/interface	retained	Inferred or retained external spelling	Retain existing meaningful spelling; records, provider declarations and incomplete source models receive no automatic class prefix.
CZRecoilFrame	CZRecoilFrame	src/Battlesport/CZRecoilFrame.h:19	class/interface	retained	Inferred or retained external spelling	Retain existing meaningful spelling; records, provider declarations and incomplete source models receive no automatic class prefix.
NetSessionBrowserDialog	NetSessionBrowserDialog	src/Battlesport/game_net.h:26	class/interface	retained	Inferred or retained external spelling	Retain existing meaningful spelling; records, provider declarations and incomplete source models receive no automatic class prefix.
NetSessionConfigDialog	NetSessionConfigDialog	src/Battlesport/game_net.h:123	class/interface	retained	Inferred or retained external spelling	Retain existing meaningful spelling; records, provider declarations and incomplete source models receive no automatic class prefix.
PlayerModalState	PlayerModalState	src/Battlesport/game_net.h:220	record/other	retained	Inferred or retained external spelling	Retain existing meaningful spelling; records, provider declarations and incomplete source models receive no automatic class prefix.
GameNetPlayerSaveState	GameNetPlayerSaveState	src/Battlesport/game_net.h:348	record/other	retained	Inferred or retained external spelling	Retain existing meaningful spelling; records, provider declarations and incomplete source models receive no automatic class prefix.
GameNetPlayerRow	GameNetPlayerRow	src/Battlesport/game_net.h:354	record/other	retained	Inferred or retained external spelling	Retain existing meaningful spelling; records, provider declarations and incomplete source models receive no automatic class prefix.
GameNetPlayerRowListState	GameNetPlayerRowListState	src/Battlesport/game_net.h:373	record/other	retained	Inferred or retained external spelling	Retain existing meaningful spelling; records, provider declarations and incomplete source models receive no automatic class prefix.
GameNetSpawnPoint	GameNetSpawnPoint	src/Battlesport/game_net.h:380	record/other	retained	Inferred or retained external spelling	Retain existing meaningful spelling; records, provider declarations and incomplete source models receive no automatic class prefix.
GameNetSpawnPointListState	GameNetSpawnPointListState	src/Battlesport/game_net.h:386	record/other	retained	Inferred or retained external spelling	Retain existing meaningful spelling; records, provider declarations and incomplete source models receive no automatic class prefix.
HudTimerPanelNetState	HudTimerPanelNetState	src/Battlesport/game_net.h:393	record/other	retained	Inferred or retained external spelling	Retain existing meaningful spelling; records, provider declarations and incomplete source models receive no automatic class prefix.
NetPkt0C_HudTimerStatusBits	NetPkt0C_HudTimerStatusBits	src/Battlesport/game_net.h:410	record/other	retained	Inferred or retained external spelling	Retain existing meaningful spelling; records, provider declarations and incomplete source models receive no automatic class prefix.
NetPkt0D_HudTimerPanelState	NetPkt0D_HudTimerPanelState	src/Battlesport/game_net.h:418	record/other	retained	Inferred or retained external spelling	Retain existing meaningful spelling; records, provider declarations and incomplete source models receive no automatic class prefix.
NetPkt06_PlayerStateSnapshot	NetPkt06_PlayerStateSnapshot	src/Battlesport/game_net.h:425	record/other	retained	Inferred or retained external spelling	Retain existing meaningful spelling; records, provider declarations and incomplete source models receive no automatic class prefix.
NetPkt0A_RemoveRuntimeRelay	NetPkt0A_RemoveRuntimeRelay	src/Battlesport/game_net.h:439	record/other	retained	Inferred or retained external spelling	Retain existing meaningful spelling; records, provider declarations and incomplete source models receive no automatic class prefix.
NetPkt07_AltGunDispatch	NetPkt07_AltGunDispatch	src/Battlesport/game_net.h:447	record/other	retained	Inferred or retained external spelling	Retain existing meaningful spelling; records, provider declarations and incomplete source models receive no automatic class prefix.
NetPkt0E_PlayerLapProgress	NetPkt0E_PlayerLapProgress	src/Battlesport/game_net.h:455	record/other	retained	Inferred or retained external spelling	Retain existing meaningful spelling; records, provider declarations and incomplete source models receive no automatic class prefix.
NetPkt10_QSandEvent	NetPkt10_QSandEvent	src/Battlesport/game_net.h:462	record/other	retained	Inferred or retained external spelling	Retain existing meaningful spelling; records, provider declarations and incomplete source models receive no automatic class prefix.
NetPkt0F_CraterEvent	NetPkt0F_CraterEvent	src/Battlesport/game_net.h:470	record/other	retained	Inferred or retained external spelling	Retain existing meaningful spelling; records, provider declarations and incomplete source models receive no automatic class prefix.
NetPkt0B_ChatMessage	NetPkt0B_ChatMessage	src/Battlesport/game_net.h:478	record/other	retained	Inferred or retained external spelling	Retain existing meaningful spelling; records, provider declarations and incomplete source models receive no automatic class prefix.
NetPkt08_PlayerKillEvent	NetPkt08_PlayerKillEvent	src/Battlesport/game_net.h:484	record/other	retained	Inferred or retained external spelling	Retain existing meaningful spelling; records, provider declarations and incomplete source models receive no automatic class prefix.
NetPkt09_PlayerScoreboardEntry	NetPkt09_PlayerScoreboardEntry	src/Battlesport/game_net.h:491	record/other	retained	Inferred or retained external spelling	Retain existing meaningful spelling; records, provider declarations and incomplete source models receive no automatic class prefix.
NetPkt09_PlayerScoreboardSnapshot	NetPkt09_PlayerScoreboardSnapshot	src/Battlesport/game_net.h:497	record/other	retained	Inferred or retained external spelling	Retain existing meaningful spelling; records, provider declarations and incomplete source models receive no automatic class prefix.
NetPkt14_HudTimerAndFlagsSync	NetPkt14_HudTimerAndFlagsSync	src/Battlesport/game_net.h:503	record/other	retained	Inferred or retained external spelling	Retain existing meaningful spelling; records, provider declarations and incomplete source models receive no automatic class prefix.
MfcThreeFloatCDialogMessageMapAccessor	MfcThreeFloatCDialogMessageMapAccessor	src/Battlesport/hud.cpp:1561	class/interface	retained	Inferred or retained external spelling	Retain existing meaningful spelling; records, provider declarations and incomplete source models receive no automatic class prefix.
MfcThreeFloatDialog	MfcThreeFloatDialog	src/Battlesport/hud.cpp:1570	class/interface	retained	Inferred or retained external spelling	Retain existing meaningful spelling; records, provider declarations and incomplete source models receive no automatic class prefix.
zOpt_NameInt32Pair	zOpt_NameInt32Pair	src/Battlesport/hud.cpp:2821	record/other	retained	Inferred or retained external spelling	Retain existing meaningful spelling; records, provider declarations and incomplete source models receive no automatic class prefix.
HudReticleAttachStatePartial	HudReticleAttachStatePartial	src/Battlesport/hud.cpp:9798; src/GameZRecoil/zUI/zui_widgets.cpp:54	record/other	retained	Inferred or retained external spelling	Retain existing meaningful spelling; records, provider declarations and incomplete source models receive no automatic class prefix.
HudReticleAltGunControllerPartial	HudReticleAltGunControllerPartial	src/Battlesport/hud.cpp:9803; src/GameZRecoil/zUI/zui_widgets.cpp:59	record/other	retained	Inferred or retained external spelling	Retain existing meaningful spelling; records, provider declarations and incomplete source models receive no automatic class prefix.
HudReticlePlayerStatePartial	HudReticlePlayerStatePartial	src/Battlesport/hud.cpp:9809; src/GameZRecoil/zUI/zui_widgets.cpp:65	record/other	retained	Inferred or retained external spelling	Retain existing meaningful spelling; records, provider declarations and incomplete source models receive no automatic class prefix.
HudWeatherFxPointBatch	HudWeatherFxPointBatch	src/Battlesport/hud.h:53	record/other	retained	Inferred or retained external spelling	Retain existing meaningful spelling; records, provider declarations and incomplete source models receive no automatic class prefix.
HudUiSaveLoadEntry	HudUiSaveLoadEntry	src/Battlesport/hud.h:65	record/other	retained	Inferred or retained external spelling	Retain existing meaningful spelling; records, provider declarations and incomplete source models receive no automatic class prefix.
HudUiSaveLoadListItem	HudUiSaveLoadListItem	src/Battlesport/hud.h:88	class/interface	retained	Inferred or retained external spelling	Retain existing meaningful spelling; records, provider declarations and incomplete source models receive no automatic class prefix.
HudUiSaveLoadDeleteButton	HudUiSaveLoadDeleteButton	src/Battlesport/hud.h:115	record/other	retained	Inferred or retained external spelling	Retain existing meaningful spelling; records, provider declarations and incomplete source models receive no automatic class prefix.
HudUiSaveLoadNextButton	HudUiSaveLoadNextButton	src/Battlesport/hud.h:119	record/other	retained	Inferred or retained external spelling	Retain existing meaningful spelling; records, provider declarations and incomplete source models receive no automatic class prefix.
HudUiSaveLoadPrevButton	HudUiSaveLoadPrevButton	src/Battlesport/hud.h:123	record/other	retained	Inferred or retained external spelling	Retain existing meaningful spelling; records, provider declarations and incomplete source models receive no automatic class prefix.
HudUiSaveGamePrimaryActionButton	HudUiSaveGamePrimaryActionButton	src/Battlesport/hud.h:127	record/other	retained	Inferred or retained external spelling	Retain existing meaningful spelling; records, provider declarations and incomplete source models receive no automatic class prefix.
HudUiLoadGamePrimaryActionButton	HudUiLoadGamePrimaryActionButton	src/Battlesport/hud.h:131	record/other	retained	Inferred or retained external spelling	Retain existing meaningful spelling; records, provider declarations and incomplete source models receive no automatic class prefix.
HudUiConfirmQuitOkButton	HudUiConfirmQuitOkButton	src/Battlesport/hud.h:135	record/other	retained	Inferred or retained external spelling	Retain existing meaningful spelling; records, provider declarations and incomplete source models receive no automatic class prefix.
HudUiConfirmQuitCancelButton	HudUiConfirmQuitCancelButton	src/Battlesport/hud.h:139	class/interface	retained	Inferred or retained external spelling	Retain existing meaningful spelling; records, provider declarations and incomplete source models receive no automatic class prefix.
HudUiBackgroundConfirmQuit	HudUiBackgroundConfirmQuit	src/Battlesport/hud.h:151	class/interface	retained	Inferred or retained external spelling	Retain existing meaningful spelling; records, provider declarations and incomplete source models receive no automatic class prefix.
HudUiSaveLoadGameNameInput	HudUiSaveLoadGameNameInput	src/Battlesport/hud.h:172	class/interface	retained	Inferred or retained external spelling	Retain existing meaningful spelling; records, provider declarations and incomplete source models receive no automatic class prefix.
HudUiSaveLoadDialog	HudUiSaveLoadDialog	src/Battlesport/hud.h:194	class/interface	retained	Inferred or retained external spelling	Retain existing meaningful spelling; records, provider declarations and incomplete source models receive no automatic class prefix.
HudUiSaveGameDialog	HudUiSaveGameDialog	src/Battlesport/hud.h:294	class/interface	retained	Inferred or retained external spelling	Retain existing meaningful spelling; records, provider declarations and incomplete source models receive no automatic class prefix.
HudUiLoadGameDialog	HudUiLoadGameDialog	src/Battlesport/hud.h:309	class/interface	retained	Inferred or retained external spelling	Retain existing meaningful spelling; records, provider declarations and incomplete source models receive no automatic class prefix.
HudWeatherFxParticleQuad	HudWeatherFxParticleQuad	src/Battlesport/hud.h:324	record/other	retained	Inferred or retained external spelling	Retain existing meaningful spelling; records, provider declarations and incomplete source models receive no automatic class prefix.
HudWeatherFxCameraTargetHistory	HudWeatherFxCameraTargetHistory	src/Battlesport/hud.h:355	record/other	retained	Inferred or retained external spelling	Retain existing meaningful spelling; records, provider declarations and incomplete source models receive no automatic class prefix.
HudWeatherFx	HudWeatherFx	src/Battlesport/hud.h:375	class/interface	retained	Inferred or retained external spelling	Retain existing meaningful spelling; records, provider declarations and incomplete source models receive no automatic class prefix.
HudWeatherFxSnow	HudWeatherFxSnow	src/Battlesport/hud.h:430	class/interface	retained	Inferred or retained external spelling	Retain existing meaningful spelling; records, provider declarations and incomplete source models receive no automatic class prefix.
HudWeatherFxRain	HudWeatherFxRain	src/Battlesport/hud.h:453	class/interface	retained	Inferred or retained external spelling	Retain existing meaningful spelling; records, provider declarations and incomplete source models receive no automatic class prefix.
RecoilStateSaveLoadTransition	RecoilStateSaveLoadTransition	src/Battlesport/hud.h:475	class/interface	retained	Inferred or retained external spelling	Retain existing meaningful spelling; records, provider declarations and incomplete source models receive no automatic class prefix.
HudUiNewGamePanel_StartButton	HudUiNewGamePanel_StartButton	src/Battlesport/hud.h:540	record/other	retained	Inferred or retained external spelling	Retain existing meaningful spelling; records, provider declarations and incomplete source models receive no automatic class prefix.
HudUiNewGamePanel_NameInput	HudUiNewGamePanel_NameInput	src/Battlesport/hud.h:545	record/other	retained	Inferred or retained external spelling	Retain existing meaningful spelling; records, provider declarations and incomplete source models receive no automatic class prefix.
HudUiNewGamePanel_Intensity	HudUiNewGamePanel_Intensity	src/Battlesport/hud.h:553	record/other	retained	Inferred or retained external spelling	Retain existing meaningful spelling; records, provider declarations and incomplete source models receive no automatic class prefix.
HudUiNewGamePanel	HudUiNewGamePanel	src/Battlesport/hud.h:556	class/interface	retained	Inferred or retained external spelling	Retain existing meaningful spelling; records, provider declarations and incomplete source models receive no automatic class prefix.
HudUiNewGamePanelOverlayOwner	HudUiNewGamePanelOverlayOwner	src/Battlesport/hud.h:604	class/interface	retained	Inferred or retained external spelling	Retain existing meaningful spelling; records, provider declarations and incomplete source models receive no automatic class prefix.
HudUiOptionsPanelOverlayOwner	HudUiOptionsPanelOverlayOwner	src/Battlesport/hud.h:619	class/interface	retained	Inferred or retained external spelling	Retain existing meaningful spelling; records, provider declarations and incomplete source models receive no automatic class prefix.
RecoilStateConfirmQuit	RecoilStateConfirmQuit	src/Battlesport/hud.h:647	class/interface	retained	Inferred or retained external spelling	Retain existing meaningful spelling; records, provider declarations and incomplete source models receive no automatic class prefix.
RecoilStateControls	RecoilStateControls	src/Battlesport/hud.h:676	class/interface	retained	Inferred or retained external spelling	Retain existing meaningful spelling; records, provider declarations and incomplete source models receive no automatic class prefix.
HudUiControlsDialog_ResumeWidget	CHudUiControlsDialogResumeWidget	src/Battlesport/hud.h:701	class/interface	renamed	Same-engine default / inferred	Inferred class spelling: constructor/virtual evidence and documented class-prefix default; preserve class model.
HudUiControlsDialog_CommandsWidget	HudUiControlsDialog_CommandsWidget	src/Battlesport/hud.h:713	record/other	retained	Inferred or retained external spelling	Retain existing meaningful spelling; records, provider declarations and incomplete source models receive no automatic class prefix.
HudUiControlsDialog_OptionSelector	HudUiControlsDialog_OptionSelector	src/Battlesport/hud.h:718	record/other	retained	Inferred or retained external spelling	Retain existing meaningful spelling; records, provider declarations and incomplete source models receive no automatic class prefix.
HudUiControlsDialog	HudUiControlsDialog	src/Battlesport/hud.h:729	class/interface	retained	Inferred or retained external spelling	Retain existing meaningful spelling; records, provider declarations and incomplete source models receive no automatic class prefix.
HudUiCheatCodeTitleWidget	HudUiCheatCodeTitleWidget	src/Battlesport/hud.h:785	class/interface	retained	Inferred or retained external spelling	Retain existing meaningful spelling; records, provider declarations and incomplete source models receive no automatic class prefix.
HudUiCheatTextInputWidget	HudUiCheatTextInputWidget	src/Battlesport/hud.h:794	class/interface	retained	Inferred or retained external spelling	Retain existing meaningful spelling; records, provider declarations and incomplete source models receive no automatic class prefix.
HudUiCheatCodeDialog	HudUiCheatCodeDialog	src/Battlesport/hud.h:806	class/interface	retained	Inferred or retained external spelling	Retain existing meaningful spelling; records, provider declarations and incomplete source models receive no automatic class prefix.
RecoilStateCheatCode	RecoilStateCheatCode	src/Battlesport/hud.h:843	class/interface	retained	Inferred or retained external spelling	Retain existing meaningful spelling; records, provider declarations and incomplete source models receive no automatic class prefix.
HudSensorMapPoint	HudSensorMapPoint	src/Battlesport/hud_sensor_tracker.h:21	record/other	retained	Inferred or retained external spelling	Retain existing meaningful spelling; records, provider declarations and incomplete source models receive no automatic class prefix.
HudSensorMapBounds	HudSensorMapBounds	src/Battlesport/hud_sensor_tracker.h:27	record/other	retained	Inferred or retained external spelling	Retain existing meaningful spelling; records, provider declarations and incomplete source models receive no automatic class prefix.
HudRectI	HudRectI	src/Battlesport/hud_sensor_tracker.h:36	record/other	retained	Inferred or retained external spelling	Retain existing meaningful spelling; records, provider declarations and incomplete source models receive no automatic class prefix.
HudSensorMapNode	HudSensorMapNode	src/Battlesport/hud_sensor_tracker.h:55	record/other	retained	Inferred or retained external spelling	Retain existing meaningful spelling; records, provider declarations and incomplete source models receive no automatic class prefix.
HudSensorObjectiveSlot	HudSensorObjectiveSlot	src/Battlesport/hud_sensor_tracker.h:82	record/other	retained	Inferred or retained external spelling	Retain existing meaningful spelling; records, provider declarations and incomplete source models receive no automatic class prefix.
HudSensorPendingPlayerSave	HudSensorPendingPlayerSave	src/Battlesport/hud_sensor_tracker.h:97	record/other	retained	Inferred or retained external spelling	Retain existing meaningful spelling; records, provider declarations and incomplete source models receive no automatic class prefix.
HudSensorTracker	HudSensorTracker	src/Battlesport/hud_sensor_tracker.h:103	record/other	retained	Inferred or retained external spelling	Retain existing meaningful spelling; records, provider declarations and incomplete source models receive no automatic class prefix.
HudUiMpExitDialog_NewGameButton	CHudUiMpExitDialogNewGameButton	src/Battlesport/hud_ui_mp_exit_dialog.h:13	class/interface	renamed	Same-engine default / inferred	Inferred class spelling: constructor/virtual evidence and documented class-prefix default; preserve class model.
HudUiMpExitDialog_ExitButton	CHudUiMpExitDialogExitButton	src/Battlesport/hud_ui_mp_exit_dialog.h:34	class/interface	renamed	Same-engine default / inferred	Inferred class spelling: constructor/virtual evidence and documented class-prefix default; preserve class model.
HudUiMpExitDialog	HudUiMpExitDialog	src/Battlesport/hud_ui_mp_exit_dialog.h:53	class/interface	retained	Inferred or retained external spelling	Retain existing meaningful spelling; records, provider declarations and incomplete source models receive no automatic class prefix.
HudUiNetExitPanel_ExitButton	HudUiNetExitPanel_ExitButton	src/Battlesport/hud_ui_net_exit_panel.h:11	record/other	retained	Inferred or retained external spelling	Retain existing meaningful spelling; records, provider declarations and incomplete source models receive no automatic class prefix.
HudUiNetExitPanel_ResumeWidget	CHudUiNetExitPanelResumeWidget	src/Battlesport/hud_ui_net_exit_panel.h:24	class/interface	renamed	Same-engine default / inferred	Inferred class spelling: constructor/virtual evidence and documented class-prefix default; preserve class model.
HudUiNetExitPanel	HudUiNetExitPanel	src/Battlesport/hud_ui_net_exit_panel.h:39	class/interface	retained	Inferred or retained external spelling	Retain existing meaningful spelling; records, provider declarations and incomplete source models receive no automatic class prefix.
HudUiNetGameSetupPanel_LaunchButton	HudUiNetGameSetupPanel_LaunchButton	src/Battlesport/hud_ui_net_game_setup.h:9	record/other	retained	Inferred or retained external spelling	Retain existing meaningful spelling; records, provider declarations and incomplete source models receive no automatic class prefix.
HudUiNetGameSetupPanel_CancelButton	HudUiNetGameSetupPanel_CancelButton	src/Battlesport/hud_ui_net_game_setup.h:14	record/other	retained	Inferred or retained external spelling	Retain existing meaningful spelling; records, provider declarations and incomplete source models receive no automatic class prefix.
HudUiNetGameSetupPanel_NextWorldButton	HudUiNetGameSetupPanel_NextWorldButton	src/Battlesport/hud_ui_net_game_setup.h:19	record/other	retained	Inferred or retained external spelling	Retain existing meaningful spelling; records, provider declarations and incomplete source models receive no automatic class prefix.
HudUiNetGameSetupPanel_PrevWorldButton	HudUiNetGameSetupPanel_PrevWorldButton	src/Battlesport/hud_ui_net_game_setup.h:24	record/other	retained	Inferred or retained external spelling	Retain existing meaningful spelling; records, provider declarations and incomplete source models receive no automatic class prefix.
HudUiNetGameSetupPanel_WorldSelector	HudUiNetGameSetupPanel_WorldSelector	src/Battlesport/hud_ui_net_game_setup.h:29	record/other	retained	Inferred or retained external spelling	Retain existing meaningful spelling; records, provider declarations and incomplete source models receive no automatic class prefix.
HudUiNetGameSetupPanel_GameNameInput	CHudUiNetGameSetupPanelGameNameInput	src/Battlesport/hud_ui_net_game_setup.h:38	class/interface	renamed	Same-engine default / inferred	Inferred class spelling: constructor/virtual evidence and documented class-prefix default; preserve class model.
HudUiNetGameSetupPanel_TimeLimitInput	CHudUiNetGameSetupPanelTimeLimitInput	src/Battlesport/hud_ui_net_game_setup.h:44	class/interface	renamed	Same-engine default / inferred	Inferred class spelling: constructor/virtual evidence and documented class-prefix default; preserve class model.
HudUiNetGameSetupPanel_KillsInput	CHudUiNetGameSetupPanelKillsInput	src/Battlesport/hud_ui_net_game_setup.h:51	class/interface	renamed	Same-engine default / inferred	Inferred class spelling: constructor/virtual evidence and documented class-prefix default; preserve class model.
HudUiNetGameSetupPanel_MaxPlayersInput	CHudUiNetGameSetupPanelMaxPlayersInput	src/Battlesport/hud_ui_net_game_setup.h:58	class/interface	renamed	Same-engine default / inferred	Inferred class spelling: constructor/virtual evidence and documented class-prefix default; preserve class model.
HudUiNetGameSetupPanel_IncTimeLimitButton	HudUiNetGameSetupPanel_IncTimeLimitButton	src/Battlesport/hud_ui_net_game_setup.h:65	record/other	retained	Inferred or retained external spelling	Retain existing meaningful spelling; records, provider declarations and incomplete source models receive no automatic class prefix.
HudUiNetGameSetupPanel_DecTimeLimitButton	HudUiNetGameSetupPanel_DecTimeLimitButton	src/Battlesport/hud_ui_net_game_setup.h:69	record/other	retained	Inferred or retained external spelling	Retain existing meaningful spelling; records, provider declarations and incomplete source models receive no automatic class prefix.
HudUiNetGameSetupPanel_IncKillsButton	HudUiNetGameSetupPanel_IncKillsButton	src/Battlesport/hud_ui_net_game_setup.h:73	record/other	retained	Inferred or retained external spelling	Retain existing meaningful spelling; records, provider declarations and incomplete source models receive no automatic class prefix.
HudUiNetGameSetupPanel_DecKillsButton	HudUiNetGameSetupPanel_DecKillsButton	src/Battlesport/hud_ui_net_game_setup.h:77	record/other	retained	Inferred or retained external spelling	Retain existing meaningful spelling; records, provider declarations and incomplete source models receive no automatic class prefix.
HudUiNetGameSetupPanel_IncMaxPlayersButton	HudUiNetGameSetupPanel_IncMaxPlayersButton	src/Battlesport/hud_ui_net_game_setup.h:81	record/other	retained	Inferred or retained external spelling	Retain existing meaningful spelling; records, provider declarations and incomplete source models receive no automatic class prefix.
HudUiNetGameSetupPanel_DecMaxPlayersButton	HudUiNetGameSetupPanel_DecMaxPlayersButton	src/Battlesport/hud_ui_net_game_setup.h:85	record/other	retained	Inferred or retained external spelling	Retain existing meaningful spelling; records, provider declarations and incomplete source models receive no automatic class prefix.
HudUiNetGameSetupPanel_AllowMapsToggle	HudUiNetGameSetupPanel_AllowMapsToggle	src/Battlesport/hud_ui_net_game_setup.h:89	record/other	retained	Inferred or retained external spelling	Retain existing meaningful spelling; records, provider declarations and incomplete source models receive no automatic class prefix.
HudUiNetGameSetupPanel_NameTagsToggle	HudUiNetGameSetupPanel_NameTagsToggle	src/Battlesport/hud_ui_net_game_setup.h:93	record/other	retained	Inferred or retained external spelling	Retain existing meaningful spelling; records, provider declarations and incomplete source models receive no automatic class prefix.
HudUiNetGameSetupPanel	HudUiNetGameSetupPanel	src/Battlesport/hud_ui_net_game_setup.h:97	class/interface	retained	Inferred or retained external spelling	Retain existing meaningful spelling; records, provider declarations and incomplete source models receive no automatic class prefix.
tm	tm	src/Battlesport/Mfc42Abi.h:12	record/other	retained	Inferred or retained external spelling	Retain existing meaningful spelling; records, provider declarations and incomplete source models receive no automatic class prefix.
tagLVBKIMAGEA	tagLVBKIMAGEA	src/Battlesport/Mfc42Abi.h:50	record/other	retained	Inferred or retained external spelling	Retain existing meaningful spelling; records, provider declarations and incomplete source models receive no automatic class prefix.
tagTBBUTTONINFOA	tagTBBUTTONINFOA	src/Battlesport/Mfc42Abi.h:63	record/other	retained	Inferred or retained external spelling	Retain existing meaningful spelling; records, provider declarations and incomplete source models receive no automatic class prefix.
tagTBINSERTMARK	tagTBINSERTMARK	src/Battlesport/Mfc42Abi.h:80	record/other	retained	Inferred or retained external spelling	Retain existing meaningful spelling; records, provider declarations and incomplete source models receive no automatic class prefix.
tagCOLORSCHEME	tagCOLORSCHEME	src/Battlesport/Mfc42Abi.h:91	record/other	retained	Inferred or retained external spelling	Retain existing meaningful spelling; records, provider declarations and incomplete source models receive no automatic class prefix.
tagRBHITTESTINFO	tagRBHITTESTINFO	src/Battlesport/Mfc42Abi.h:99	record/other	retained	Inferred or retained external spelling	Retain existing meaningful spelling; records, provider declarations and incomplete source models receive no automatic class prefix.
HudSensorTrackerMissionData	HudSensorTrackerMissionData	src/Battlesport/mission.cpp:59	record/other	retained	Inferred or retained external spelling	Retain existing meaningful spelling; records, provider declarations and incomplete source models receive no automatic class prefix.
NetSessionBrowserCDialogMessageMapAccessor	NetSessionBrowserCDialogMessageMapAccessor	src/Battlesport/mission.cpp:2702	class/interface	retained	Inferred or retained external spelling	Retain existing meaningful spelling; records, provider declarations and incomplete source models receive no automatic class prefix.
NetSessionConfigCDialogMessageMapAccessor	NetSessionConfigCDialogMessageMapAccessor	src/Battlesport/mission.cpp:2711	class/interface	retained	Inferred or retained external spelling	Retain existing meaningful spelling; records, provider declarations and incomplete source models receive no automatic class prefix.
AiPropertyDlgCDialogMessageMapAccessor	AiPropertyDlgCDialogMessageMapAccessor	src/Battlesport/mission.cpp:4013	class/interface	retained	Inferred or retained external spelling	Retain existing meaningful spelling; records, provider declarations and incomplete source models receive no automatic class prefix.
PickupArchiveRecord	PickupArchiveRecord	src/Battlesport/pickup.cpp:562	record/other	retained	Inferred or retained external spelling	Retain existing meaningful spelling; records, provider declarations and incomplete source models receive no automatic class prefix.
PickupAirdropSpawnRef	PickupAirdropSpawnRef	src/Battlesport/pickup.h:20	record/other	retained	Inferred or retained external spelling	Retain existing meaningful spelling; records, provider declarations and incomplete source models receive no automatic class prefix.
PickupBvolHitCallbackContext	PickupBvolHitCallbackContext	src/Battlesport/pickup.h:45	record/other	retained	Inferred or retained external spelling	Retain existing meaningful spelling; records, provider declarations and incomplete source models receive no automatic class prefix.
PickupNodeRuntimeFields	PickupNodeRuntimeFields	src/Battlesport/pickup.h:50	record/other	retained	Inferred or retained external spelling	Retain existing meaningful spelling; records, provider declarations and incomplete source models receive no automatic class prefix.
PickupSpawnDef	PickupSpawnDef	src/Battlesport/pickup.h:57	record/other	retained	Inferred or retained external spelling	Retain existing meaningful spelling; records, provider declarations and incomplete source models receive no automatic class prefix.
PickupParsedZrdEntry	PickupParsedZrdEntry	src/Battlesport/pickup.h:72	record/other	retained	Inferred or retained external spelling	Retain existing meaningful spelling; records, provider declarations and incomplete source models receive no automatic class prefix.
PickupPkt11Delta	PickupPkt11Delta	src/Battlesport/pickup.h:133	record/other	retained	Inferred or retained external spelling	Retain existing meaningful spelling; records, provider declarations and incomplete source models receive no automatic class prefix.
PickupPkt11CreateDelta	PickupPkt11CreateDelta	src/Battlesport/pickup.h:144	record/other	retained	Inferred or retained external spelling	Retain existing meaningful spelling; records, provider declarations and incomplete source models receive no automatic class prefix.
PickupPkt12AirdropSpawnChuteRelay	PickupPkt12AirdropSpawnChuteRelay	src/Battlesport/pickup.h:200	record/other	retained	Inferred or retained external spelling	Retain existing meaningful spelling; records, provider declarations and incomplete source models receive no automatic class prefix.
PickupSpawnList	PickupSpawnList	src/Battlesport/pickup.h:227	record/other	retained	Inferred or retained external spelling	Retain existing meaningful spelling; records, provider declarations and incomplete source models receive no automatic class prefix.
PickupRespawnEntry	PickupRespawnEntry	src/Battlesport/pickup.h:242	record/other	retained	Inferred or retained external spelling	Retain existing meaningful spelling; records, provider declarations and incomplete source models receive no automatic class prefix.
PickupRespawnQueue	PickupRespawnQueue	src/Battlesport/pickup.h:248	record/other	retained	Inferred or retained external spelling	Retain existing meaningful spelling; records, provider declarations and incomplete source models receive no automatic class prefix.
PickupType	PickupType	src/Battlesport/pickup.h:259	record/other	retained	Inferred or retained external spelling	Retain existing meaningful spelling; records, provider declarations and incomplete source models receive no automatic class prefix.
HitOwnerSaveStateLinkPartial	HitOwnerSaveStateLinkPartial	src/Battlesport/player.cpp:1629; src/Battlesport/weapon.cpp:69	record/other	retained	Inferred or retained external spelling	Retain existing meaningful spelling; records, provider declarations and incomplete source models receive no automatic class prefix.
HitOwnerOrContextPartial	HitOwnerOrContextPartial	src/Battlesport/player.cpp:1634; src/Battlesport/weapon.cpp:74	record/other	retained	Inferred or retained external spelling	Retain existing meaningful spelling; records, provider declarations and incomplete source models receive no automatic class prefix.
PlayerCollisionContactContextPartial	PlayerCollisionContactContextPartial	src/Battlesport/player.cpp:1639	record/other	retained	Inferred or retained external spelling	Retain existing meaningful spelling; records, provider declarations and incomplete source models receive no automatic class prefix.
PlayerCheckpointLapProgressView	PlayerCheckpointLapProgressView	src/Battlesport/player.cpp:2232	record/other	retained	Inferred or retained external spelling	Retain existing meaningful spelling; records, provider declarations and incomplete source models receive no automatic class prefix.
PlayerContactSurfacePayload	PlayerContactSurfacePayload	src/Battlesport/player.cpp:2322	record/other	retained	Inferred or retained external spelling	Retain existing meaningful spelling; records, provider declarations and incomplete source models receive no automatic class prefix.
Player_UnderwaterFxPass3Ui	CPlayerUnderwaterFxPass3Ui	src/Battlesport/player.h:100	class/interface	renamed	Same-engine default / inferred	Inferred class spelling: constructor/virtual evidence and documented class-prefix default; preserve class model.
Player_ProjectileCameraFxPass3Ui	CPlayerProjectileCameraFxPass3Ui	src/Battlesport/player.h:107	class/interface	renamed	Same-engine default / inferred	Inferred class spelling: constructor/virtual evidence and documented class-prefix default; preserve class model.
PlayerMasterWeaponSpec	PlayerMasterWeaponSpec	src/Battlesport/player.h:121	record/other	retained	Inferred or retained external spelling	Retain existing meaningful spelling; records, provider declarations and incomplete source models receive no automatic class prefix.
PlayerAiRuntimePartial	PlayerAiRuntimePartial	src/Battlesport/player.h:134	record/other	retained	Inferred or retained external spelling	Retain existing meaningful spelling; records, provider declarations and incomplete source models receive no automatic class prefix.
PlayerMasterCommonData	PlayerMasterCommonData	src/Battlesport/player.h:139	record/other	retained	Inferred or retained external spelling	Retain existing meaningful spelling; records, provider declarations and incomplete source models receive no automatic class prefix.
PlayerMasterModalData	PlayerMasterModalData	src/Battlesport/player.h:178	record/other	retained	Inferred or retained external spelling	Retain existing meaningful spelling; records, provider declarations and incomplete source models receive no automatic class prefix.
PlayerProbeTypeHistogram	PlayerProbeTypeHistogram	src/Battlesport/player.h:239	record/other	retained	Inferred or retained external spelling	Retain existing meaningful spelling; records, provider declarations and incomplete source models receive no automatic class prefix.
PlayerEnvProbeResult	PlayerEnvProbeResult	src/Battlesport/player.h:243	record/other	retained	Inferred or retained external spelling	Retain existing meaningful spelling; records, provider declarations and incomplete source models receive no automatic class prefix.
PlayerMissionSaveWeaponSide	PlayerMissionSaveWeaponSide	src/Battlesport/player.h:256	record/other	retained	Inferred or retained external spelling	Retain existing meaningful spelling; records, provider declarations and incomplete source models receive no automatic class prefix.
PlayerMissionSaveWeaponBank	PlayerMissionSaveWeaponBank	src/Battlesport/player.h:261	record/other	retained	Inferred or retained external spelling	Retain existing meaningful spelling; records, provider declarations and incomplete source models receive no automatic class prefix.
PlayerMissionSaveTimedHitStatus	PlayerMissionSaveTimedHitStatus	src/Battlesport/player.h:266	record/other	retained	Inferred or retained external spelling	Retain existing meaningful spelling; records, provider declarations and incomplete source models receive no automatic class prefix.
PlayerMissionSaveData	PlayerMissionSaveData	src/Battlesport/player.h:276	record/other	retained	Inferred or retained external spelling	Retain existing meaningful spelling; records, provider declarations and incomplete source models receive no automatic class prefix.
PlayerVehicleListSaveEntry	PlayerVehicleListSaveEntry	src/Battlesport/player.h:300	record/other	retained	Inferred or retained external spelling	Retain existing meaningful spelling; records, provider declarations and incomplete source models receive no automatic class prefix.
PlayerMineSaveEntry	PlayerMineSaveEntry	src/Battlesport/player.h:327	record/other	retained	Inferred or retained external spelling	Retain existing meaningful spelling; records, provider declarations and incomplete source models receive no automatic class prefix.
PlayerNodeFlagRestoreEntry	PlayerNodeFlagRestoreEntry	src/Battlesport/player.h:335	record/other	retained	Inferred or retained external spelling	Retain existing meaningful spelling; records, provider declarations and incomplete source models receive no automatic class prefix.
CPlayerListState	CPlayerListState	src/Battlesport/player.h:353	class/interface	retained	Inferred or retained external spelling	Retain existing meaningful spelling; records, provider declarations and incomplete source models receive no automatic class prefix.
RecoilStateCredits	RecoilStateCredits	src/Battlesport/RecoilApp.cpp:102; src/Battlesport/recoil_state_credits.h:13	class/interface	retained	Inferred or retained external spelling	Retain existing meaningful spelling; records, provider declarations and incomplete source models receive no automatic class prefix.
GameNetReaderArray	GameNetReaderArray	src/Battlesport/RecoilApp.cpp:3019	record/other	retained	Inferred or retained external spelling	Retain existing meaningful spelling; records, provider declarations and incomplete source models receive no automatic class prefix.
RecoilMfcWinAppAccess	RecoilMfcWinAppAccess	src/Battlesport/RecoilApp.cpp:5273	class/interface	retained	Inferred or retained external spelling	Retain existing meaningful spelling; records, provider declarations and incomplete source models receive no automatic class prefix.
RecoilApp_IState	RecoilApp_IState	src/Battlesport/recoil_app.h:48	class/interface	retained	Inferred or retained external spelling	Retain existing meaningful spelling; records, provider declarations and incomplete source models receive no automatic class prefix.
RecoilApp_StateQueueItem	RecoilApp_StateQueueItem	src/Battlesport/recoil_app.h:77	class/interface	retained	Inferred or retained external spelling	Retain existing meaningful spelling; records, provider declarations and incomplete source models receive no automatic class prefix.
RecoilApp_StateQueueBlock	RecoilApp_StateQueueBlock	src/Battlesport/recoil_app.h:131	record/other	retained	Inferred or retained external spelling	Retain existing meaningful spelling; records, provider declarations and incomplete source models receive no automatic class prefix.
RecoilApp_StateQueue	RecoilApp_StateQueue	src/Battlesport/recoil_app.h:157; src/Battlesport/recoil_app.h:164	record/other	retained	Inferred or retained external spelling	Retain existing meaningful spelling; records, provider declarations and incomplete source models receive no automatic class prefix.
RecoilApp_FmvScript	CRecoilAppFmvScript	src/Battlesport/recoil_app.h:221	class/interface	renamed	Same-engine default / inferred	Inferred class spelling: constructor/virtual evidence and documented class-prefix default; preserve class model.
RecoilApp_AttractFmvState	CRecoilAppAttractFmvState	src/Battlesport/recoil_app.h:250	class/interface	renamed	Same-engine default / inferred	Inferred class spelling: constructor/virtual evidence and documented class-prefix default; preserve class model.
RecoilApp_IntroFmvState	CRecoilAppIntroFmvState	src/Battlesport/recoil_app.h:264	class/interface	renamed	Same-engine default / inferred	Inferred class spelling: constructor/virtual evidence and documented class-prefix default; preserve class model.
RecoilApp_MainMenuPrepState	RecoilApp_MainMenuPrepState	src/Battlesport/recoil_app.h:288	record/other	retained	Inferred or retained external spelling	Retain existing meaningful spelling; records, provider declarations and incomplete source models receive no automatic class prefix.
RecoilApp_LeaveNetworkState	RecoilApp_LeaveNetworkState	src/Battlesport/recoil_app.h:302	record/other	retained	Inferred or retained external spelling	Retain existing meaningful spelling; records, provider declarations and incomplete source models receive no automatic class prefix.
RecoilApp_MissionFmvState	RecoilApp_MissionFmvState	src/Battlesport/recoil_app.h:315	class/interface	deferred	Inferred or retained external spelling	Defer class spelling change: four existing governed folded-alias bindings embed these three class names. Preserve those accepted alias source bindings in this names-only pass.
RecoilApp_PlayState	CRecoilAppPlayState	src/Battlesport/recoil_app.h:329	class/interface	renamed	Same-engine default / inferred	Inferred class spelling: constructor/virtual evidence and documented class-prefix default; preserve class model.
RecoilApp_MpExitDialogState	RecoilApp_MpExitDialogState	src/Battlesport/recoil_app.h:346	record/other	retained	Inferred or retained external spelling	Retain existing meaningful spelling; records, provider declarations and incomplete source models receive no automatic class prefix.
RecoilApp_MfcOleModule	RecoilApp_MfcOleModule	src/Battlesport/recoil_app.h:363	class/interface	retained	Inferred or retained external spelling	Inferred class spelling: constructor/virtual evidence and documented class-prefix default; preserve class model.
RecoilApp	RecoilApp	src/Battlesport/recoil_app.h:391	class/interface	retained	Inferred or retained external spelling	Retain existing meaningful spelling; records, provider declarations and incomplete source models receive no automatic class prefix.
RecoilStateBase	RecoilStateBase	src/Battlesport/recoil_state_base.h:12	class/interface	retained	Inferred or retained external spelling	Retain existing meaningful spelling; records, provider declarations and incomplete source models receive no automatic class prefix.
RecoilStateMainMenuTransition	RecoilStateMainMenuTransition	src/Battlesport/recoil_state_main_menu_transition.h:34	class/interface	retained	Inferred or retained external spelling	Retain existing meaningful spelling; records, provider declarations and incomplete source models receive no automatic class prefix.
HudUiMainMenuDialog_CreditsButton	CHudUiMainMenuDialogCreditsButton	src/Battlesport/recoil_state_main_menu_transition.h:99	class/interface	renamed	Same-engine default / inferred	Inferred class spelling: constructor/virtual evidence and documented class-prefix default; preserve class model.
HudUiMenuBackButton	HudUiMenuBackButton	src/Battlesport/recoil_state_main_menu_transition.h:104	class/interface	retained	Inferred or retained external spelling	Retain existing meaningful spelling; records, provider declarations and incomplete source models receive no automatic class prefix.
HudUiMainMenuDialog_SaveButton	CHudUiMainMenuDialogSaveButton	src/Battlesport/recoil_state_main_menu_transition.h:118	class/interface	renamed	Same-engine default / inferred	Inferred class spelling: constructor/virtual evidence and documented class-prefix default; preserve class model.
HudUiMainMenuDialog_LoadButton	CHudUiMainMenuDialogLoadButton	src/Battlesport/recoil_state_main_menu_transition.h:123	class/interface	renamed	Same-engine default / inferred	Inferred class spelling: constructor/virtual evidence and documented class-prefix default; preserve class model.
HudUiMainMenuDialog_NewGameButton	CHudUiMainMenuDialogNewGameButton	src/Battlesport/recoil_state_main_menu_transition.h:128	class/interface	renamed	Same-engine default / inferred	Inferred class spelling: constructor/virtual evidence and documented class-prefix default; preserve class model.
HudUiMainMenuDialog_OptionsButton	CHudUiMainMenuDialogOptionsButton	src/Battlesport/recoil_state_main_menu_transition.h:133	class/interface	renamed	Same-engine default / inferred	Inferred class spelling: constructor/virtual evidence and documented class-prefix default; preserve class model.
HudUiMainMenuDialog_QuitButton	CHudUiMainMenuDialogQuitButton	src/Battlesport/recoil_state_main_menu_transition.h:138	class/interface	renamed	Same-engine default / inferred	Inferred class spelling: constructor/virtual evidence and documented class-prefix default; preserve class model.
HudUiMainMenuDialog_ControlsButton	CHudUiMainMenuDialogControlsButton	src/Battlesport/recoil_state_main_menu_transition.h:143	class/interface	renamed	Same-engine default / inferred	Inferred class spelling: constructor/virtual evidence and documented class-prefix default; preserve class model.
HudUiMainMenuDialog	HudUiMainMenuDialog	src/Battlesport/recoil_state_main_menu_transition.h:155	class/interface	retained	Inferred or retained external spelling	Retain existing meaningful spelling; records, provider declarations and incomplete source models receive no automatic class prefix.
zTurret_Runtime	zTurret_Runtime	src/Battlesport/turret.h:18	record/other	retained	Inferred or retained external spelling	Retain existing meaningful spelling; records, provider declarations and incomplete source models receive no automatic class prefix.
CDialogProviderAccessor	CDialogProviderAccessor	src/Battlesport/WOL.cpp:421	class/interface	retained	Inferred or retained external spelling	Retain existing meaningful spelling; records, provider declarations and incomplete source models receive no automatic class prefix.
WestwoodOnlineUpgradeCDialogMessageMapAccessor	WestwoodOnlineUpgradeCDialogMessageMapAccessor	src/Battlesport/WOL.cpp:577	class/interface	retained	Inferred or retained external spelling	Retain existing meaningful spelling; records, provider declarations and incomplete source models receive no automatic class prefix.
WestwoodOnlineUpgradeSharedComRefCountOwner	WestwoodOnlineUpgradeSharedComRefCountOwner	src/Battlesport/WOL.cpp:1068	record/other	retained	Inferred or retained external spelling	Retain existing meaningful spelling; records, provider declarations and incomplete source models receive no automatic class prefix.
WestwoodOnlineUpgradeBootstrapServerRecord	WestwoodOnlineUpgradeBootstrapServerRecord	src/Battlesport/wol_api.h:14	record/other	retained	Inferred or retained external spelling	Retain existing meaningful spelling; records, provider declarations and incomplete source models receive no automatic class prefix.
WestwoodOnlineUpgradeBrowseRecord	WestwoodOnlineUpgradeBrowseRecord	src/Battlesport/wol_api.h:25	record/other	retained	Inferred or retained external spelling	Retain existing meaningful spelling; records, provider declarations and incomplete source models receive no automatic class prefix.
WestwoodOnlineUpgradeConnectContext	WestwoodOnlineUpgradeConnectContext	src/Battlesport/wol_api.h:38	record/other	retained	Inferred or retained external spelling	Retain existing meaningful spelling; records, provider declarations and incomplete source models receive no automatic class prefix.
WestwoodOnlineUpgradeSessionRequest	WestwoodOnlineUpgradeSessionRequest	src/Battlesport/wol_api.h:43	record/other	retained	Inferred or retained external spelling	Retain existing meaningful spelling; records, provider declarations and incomplete source models receive no automatic class prefix.
WestwoodOnlineUpgradeQueryRequest	WestwoodOnlineUpgradeQueryRequest	src/Battlesport/wol_api.h:52	record/other	retained	Inferred or retained external spelling	Retain existing meaningful spelling; records, provider declarations and incomplete source models receive no automatic class prefix.
IWestwoodOnlineUpgradeProviderApi	IWestwoodOnlineUpgradeProviderApi	src/Battlesport/wol_api.h:68	class/interface	retained	Inferred or retained external spelling	Retain existing meaningful spelling; records, provider declarations and incomplete source models receive no automatic class prefix.
IWestwoodOnlineUpgradeProviderApiCallbacks	IWestwoodOnlineUpgradeProviderApiCallbacks	src/Battlesport/wol_api.h:156	class/interface	retained	Inferred or retained external spelling	Retain existing meaningful spelling; records, provider declarations and incomplete source models receive no automatic class prefix.
WestwoodOnlineUpgradeApiInitState	WestwoodOnlineUpgradeApiInitState	src/Battlesport/wol_api.h:204	record/other	retained	Inferred or retained external spelling	Retain existing meaningful spelling; records, provider declarations and incomplete source models receive no automatic class prefix.
WestwoodOnlineUpgradeApi	WestwoodOnlineUpgradeApi	src/Battlesport/wol_api.h:223	record/other	retained	Inferred or retained external spelling	Retain existing meaningful spelling; records, provider declarations and incomplete source models receive no automatic class prefix.
WestwoodOnlineUpgradeApiEventSink	WestwoodOnlineUpgradeApiEventSink	src/Battlesport/wol_api_event_sink.h:17	class/interface	retained	Inferred or retained external spelling	Retain existing meaningful spelling; records, provider declarations and incomplete source models receive no automatic class prefix.
WestwoodOnlineUpgradeConfigDialog	WestwoodOnlineUpgradeConfigDialog	src/Battlesport/wol_config_dialog.h:15	class/interface	retained	Inferred or retained external spelling	Retain existing meaningful spelling; records, provider declarations and incomplete source models receive no automatic class prefix.
WestwoodOnlineUpgradeProgressDialog	WestwoodOnlineUpgradeProgressDialog	src/Battlesport/wol_dialog.h:22	class/interface	retained	Inferred or retained external spelling	Retain existing meaningful spelling; records, provider declarations and incomplete source models receive no automatic class prefix.
WestwoodOnlineUpgradeDialog	WestwoodOnlineUpgradeDialog	src/Battlesport/wol_dialog.h:53	class/interface	retained	Inferred or retained external spelling	Retain existing meaningful spelling; records, provider declarations and incomplete source models receive no automatic class prefix.
WestwoodOnlineUpgradeDownload	WestwoodOnlineUpgradeDownload	src/Battlesport/wol_download.h:12	record/other	retained	Inferred or retained external spelling	Retain existing meaningful spelling; records, provider declarations and incomplete source models receive no automatic class prefix.
IWestwoodOnlineUpgradeDownload	IWestwoodOnlineUpgradeDownload	src/Battlesport/wol_download.h:17	class/interface	retained	Inferred or retained external spelling	Retain existing meaningful spelling; records, provider declarations and incomplete source models receive no automatic class prefix.
WestwoodOnlineUpgradeDownloadReadyEntry	WestwoodOnlineUpgradeDownloadReadyEntry	src/Battlesport/wol_download.h:30	record/other	retained	Inferred or retained external spelling	Retain existing meaningful spelling; records, provider declarations and incomplete source models receive no automatic class prefix.
WestwoodOnlineUpgradeDownloadEventSink	WestwoodOnlineUpgradeDownloadEventSink	src/Battlesport/wol_download.h:49	class/interface	retained	Inferred or retained external spelling	Retain existing meaningful spelling; records, provider declarations and incomplete source models receive no automatic class prefix.
WestwoodOnlineUpgradeRefCountAndLock	WestwoodOnlineUpgradeRefCountAndLock	src/Battlesport/wol_ref_count_and_lock.h:10	record/other	retained	Inferred or retained external spelling	Retain existing meaningful spelling; records, provider declarations and incomplete source models receive no automatic class prefix.
MfcWindowValidityTarget	MfcWindowValidityTarget	src/CZGameFrame/CZGameFrame.cpp:54	class/interface	retained	Inferred or retained external spelling	Retain existing meaningful spelling; records, provider declarations and incomplete source models receive no automatic class prefix.
CZGameFrame	CZGameFrame	src/CZGameFrame/CZGameFrame.h:25	class/interface	retained	Inferred or retained external spelling	Retain existing meaningful spelling; records, provider declarations and incomplete source models receive no automatic class prefix.
OptCatalogTrailNodeSlot	OptCatalogTrailNodeSlot	src/GameZRecoil/include/opt_catalog.h:24	record/other	retained	Inferred or retained external spelling	Retain existing meaningful spelling; records, provider declarations and incomplete source models receive no automatic class prefix.
OptCatalogTrailRuntimeState	OptCatalogTrailRuntimeState	src/GameZRecoil/include/opt_catalog.h:31	record/other	retained	Inferred or retained external spelling	Retain existing meaningful spelling; records, provider declarations and incomplete source models receive no automatic class prefix.
OptCatalogFxSpec	OptCatalogFxSpec	src/GameZRecoil/include/opt_catalog.h:54	record/other	retained	Inferred or retained external spelling	Retain existing meaningful spelling; records, provider declarations and incomplete source models receive no automatic class prefix.
OptCatalogDamageFeedbackVariant	OptCatalogDamageFeedbackVariant	src/GameZRecoil/include/opt_catalog.h:68	record/other	retained	Inferred or retained external spelling	Retain existing meaningful spelling; records, provider declarations and incomplete source models receive no automatic class prefix.
OptCatalogRuntimeInstanceStorage	OptCatalogRuntimeInstanceStorage	src/GameZRecoil/include/opt_catalog.h:73	record/other	retained	Inferred or retained external spelling	Retain existing meaningful spelling; records, provider declarations and incomplete source models receive no automatic class prefix.
OptCatalogDamageMaskSurface	OptCatalogDamageMaskSurface	src/GameZRecoil/include/opt_catalog.h:101	record/other	retained	Inferred or retained external spelling	Retain existing meaningful spelling; records, provider declarations and incomplete source models receive no automatic class prefix.
OptCatalogSurfaceTextureHandle	OptCatalogSurfaceTextureHandle	src/GameZRecoil/include/opt_catalog.h:111	record/other	retained	Inferred or retained external spelling	Retain existing meaningful spelling; records, provider declarations and incomplete source models receive no automatic class prefix.
OptCatalogSurfaceMaterialRef	OptCatalogSurfaceMaterialRef	src/GameZRecoil/include/opt_catalog.h:116	record/other	retained	Inferred or retained external spelling	Retain existing meaningful spelling; records, provider declarations and incomplete source models receive no automatic class prefix.
OptCatalogHitEventPartial	OptCatalogHitEventPartial	src/GameZRecoil/include/opt_catalog.h:127	record/other	retained	Inferred or retained external spelling	Retain existing meaningful spelling; records, provider declarations and incomplete source models receive no automatic class prefix.
OptCatalogEntryDef	OptCatalogEntryDef	src/GameZRecoil/include/opt_catalog.h:141	record/other	retained	Inferred or retained external spelling	Retain existing meaningful spelling; records, provider declarations and incomplete source models receive no automatic class prefix.
zClass_NodePartial	zClass_NodePartial	src/GameZRecoil/include/zClass.h:21	record/other	retained	Inferred or retained external spelling	Retain existing meaningful spelling; records, provider declarations and incomplete source models receive no automatic class prefix.
zClass_TypeListLink	zClass_TypeListLink	src/GameZRecoil/include/zClass.h:44	record/other	retained	Inferred or retained external spelling	Retain existing meaningful spelling; records, provider declarations and incomplete source models receive no automatic class prefix.
zClass_TypeListBucket	zClass_TypeListBucket	src/GameZRecoil/include/zClass.h:51	record/other	retained	Inferred or retained external spelling	Retain existing meaningful spelling; records, provider declarations and incomplete source models receive no automatic class prefix.
zClass_NodeFreeListSlot	zClass_NodeFreeListSlot	src/GameZRecoil/include/zClass.h:60	record/other	retained	Inferred or retained external spelling	Retain existing meaningful spelling; records, provider declarations and incomplete source models receive no automatic class prefix.
OptCatalogDamageHandlerPartial	OptCatalogDamageHandlerPartial	src/GameZRecoil/include/zClass.h:68	record/other	retained	Inferred or retained external spelling	Retain existing meaningful spelling; records, provider declarations and incomplete source models receive no automatic class prefix.
zClass_WindowClearPoly	zClass_WindowClearPoly	src/GameZRecoil/include/zClass.h:90	record/other	retained	Inferred or retained external spelling	Retain existing meaningful spelling; records, provider declarations and incomplete source models receive no automatic class prefix.
zClass_WindowDataPartial	zClass_WindowDataPartial	src/GameZRecoil/include/zClass.h:95	record/other	retained	Inferred or retained external spelling	Retain existing meaningful spelling; records, provider declarations and incomplete source models receive no automatic class prefix.
zClass_DisplayDataPartial	zClass_DisplayDataPartial	src/GameZRecoil/include/zClass.h:109	record/other	retained	Inferred or retained external spelling	Retain existing meaningful spelling; records, provider declarations and incomplete source models receive no automatic class prefix.
zColorRgb	zColorRgb	src/GameZRecoil/include/zClass.h:119	record/other	retained	Inferred or retained external spelling	Retain existing meaningful spelling; records, provider declarations and incomplete source models receive no automatic class prefix.
zWorldAreaPartial	zWorldAreaPartial	src/GameZRecoil/include/zClass.h:125	record/other	retained	Inferred or retained external spelling	Retain existing meaningful spelling; records, provider declarations and incomplete source models receive no automatic class prefix.
zClass_WorldDataPartial	zClass_WorldDataPartial	src/GameZRecoil/include/zClass.h:139	record/other	retained	Inferred or retained external spelling	Retain existing meaningful spelling; records, provider declarations and incomplete source models receive no automatic class prefix.
zClass_WorldSettingsSectionRecord	zClass_WorldSettingsSectionRecord	src/GameZRecoil/include/zClass.h:184	record/other	retained	Inferred or retained external spelling	Retain existing meaningful spelling; records, provider declarations and incomplete source models receive no automatic class prefix.
zClass_SoundDataPartial	zClass_SoundDataPartial	src/GameZRecoil/include/zClass.h:194	record/other	retained	Inferred or retained external spelling	Retain existing meaningful spelling; records, provider declarations and incomplete source models receive no automatic class prefix.
zClass_SequenceEntryPartial	zClass_SequenceEntryPartial	src/GameZRecoil/include/zClass.h:211	record/other	retained	Inferred or retained external spelling	Retain existing meaningful spelling; records, provider declarations and incomplete source models receive no automatic class prefix.
zClass_SequenceDataPartial	zClass_SequenceDataPartial	src/GameZRecoil/include/zClass.h:216	record/other	retained	Inferred or retained external spelling	Retain existing meaningful spelling; records, provider declarations and incomplete source models receive no automatic class prefix.
zClass_SwitchDataPartial	zClass_SwitchDataPartial	src/GameZRecoil/include/zClass.h:228	record/other	retained	Inferred or retained external spelling	Retain existing meaningful spelling; records, provider declarations and incomplete source models receive no automatic class prefix.
zTag4Partial	zTag4Partial	src/GameZRecoil/include/zClass.h:233	record/other	retained	Inferred or retained external spelling	Retain existing meaningful spelling; records, provider declarations and incomplete source models receive no automatic class prefix.
zClass_Object3DDataPartial	zClass_Object3DDataPartial	src/GameZRecoil/include/zClass.h:238	record/other	retained	Inferred or retained external spelling	Retain existing meaningful spelling; records, provider declarations and incomplete source models receive no automatic class prefix.
zClass_LodDataPartial	zClass_LodDataPartial	src/GameZRecoil/include/zClass.h:249	record/other	retained	Inferred or retained external spelling	Retain existing meaningful spelling; records, provider declarations and incomplete source models receive no automatic class prefix.
zClass_LightDataPartial	zClass_LightDataPartial	src/GameZRecoil/include/zClass.h:266	record/other	retained	Inferred or retained external spelling	Retain existing meaningful spelling; records, provider declarations and incomplete source models receive no automatic class prefix.
zClass_AnimateKeyframePartial	zClass_AnimateKeyframePartial	src/GameZRecoil/include/zClass.h:295	record/other	retained	Inferred or retained external spelling	Retain existing meaningful spelling; records, provider declarations and incomplete source models receive no automatic class prefix.
zClass_AnimateRuntimePartial	zClass_AnimateRuntimePartial	src/GameZRecoil/include/zClass.h:301	record/other	retained	Inferred or retained external spelling	Retain existing meaningful spelling; records, provider declarations and incomplete source models receive no automatic class prefix.
zClass_AnimateDataPartial	zClass_AnimateDataPartial	src/GameZRecoil/include/zClass.h:321	record/other	retained	Inferred or retained external spelling	Retain existing meaningful spelling; records, provider declarations and incomplete source models receive no automatic class prefix.
zClass_CameraDataPartial	zClass_CameraDataPartial	src/GameZRecoil/include/zClass.h:329	record/other	retained	Inferred or retained external spelling	Retain existing meaningful spelling; records, provider declarations and incomplete source models receive no automatic class prefix.
zClass_ZbdHeader	zClass_ZbdHeader	src/GameZRecoil/include/zClass.h:377	record/other	retained	Inferred or retained external spelling	Retain existing meaningful spelling; records, provider declarations and incomplete source models receive no automatic class prefix.
zClass_RenderColorAlphaState	zClass_RenderColorAlphaState	src/GameZRecoil/include/zClass.h:389	record/other	retained	Inferred or retained external spelling	Retain existing meaningful spelling; records, provider declarations and incomplete source models receive no automatic class prefix.
zClass_LodDistanceState	zClass_LodDistanceState	src/GameZRecoil/include/zClass.h:394	record/other	retained	Inferred or retained external spelling	Retain existing meaningful spelling; records, provider declarations and incomplete source models receive no automatic class prefix.
zCamera_FrustumGridTilePartial	zCamera_FrustumGridTilePartial	src/GameZRecoil/include/zClass.h:1890	record/other	retained	Inferred or retained external spelling	Retain existing meaningful spelling; records, provider declarations and incomplete source models receive no automatic class prefix.
zCamera_FrustumGridTileRingPartial	zCamera_FrustumGridTileRingPartial	src/GameZRecoil/include/zClass.h:1899	record/other	retained	Inferred or retained external spelling	Retain existing meaningful spelling; records, provider declarations and incomplete source models receive no automatic class prefix.
zClass_Object3D_ModelRefLerpTask	zClass_Object3D_ModelRefLerpTask	src/GameZRecoil/include/zClass.h:2398	record/other	retained	Inferred or retained external spelling	Retain existing meaningful spelling; records, provider declarations and incomplete source models receive no automatic class prefix.
zClass_Object3D_ModelRefLerpQueueState	zClass_Object3D_ModelRefLerpQueueState	src/GameZRecoil/include/zClass.h:2452	class/interface	retained	Inferred or retained external spelling	Inferred class spelling: constructor/virtual evidence and documented class-prefix default; preserve class model.
zClipAltFloatRect	zClipAltFloatRect	src/GameZRecoil/include/zclip_alt.h:13	record/other	retained	Inferred or retained external spelling	Retain existing meaningful spelling; records, provider declarations and incomplete source models receive no automatic class prefix.
zClipRectPartial	zClipRectPartial	src/GameZRecoil/include/zclip_rect.h:10	record/other	retained	Inferred or retained external spelling	Retain existing meaningful spelling; records, provider declarations and incomplete source models receive no automatic class prefix.
zClipVert	zClipVert	src/GameZRecoil/include/zclip_rect.h:22	record/other	retained	Inferred or retained external spelling	Retain existing meaningful spelling; records, provider declarations and incomplete source models receive no automatic class prefix.
zClipUV	zClipUV	src/GameZRecoil/include/zclip_rect.h:28	record/other	retained	Inferred or retained external spelling	Retain existing meaningful spelling; records, provider declarations and incomplete source models receive no automatic class prefix.
zBoundsMinMaxPartial	zBoundsMinMaxPartial	src/GameZRecoil/include/zDi.h:15	record/other	retained	Inferred or retained external spelling	Retain existing meaningful spelling; records, provider declarations and incomplete source models receive no automatic class prefix.
zModel_PointEntryPartial	zModel_PointEntryPartial	src/GameZRecoil/include/zDi.h:22	record/other	retained	Inferred or retained external spelling	Retain existing meaningful spelling; records, provider declarations and incomplete source models receive no automatic class prefix.
zDiPartial	zDiPartial	src/GameZRecoil/include/zDi.h:38	record/other	retained	Inferred or retained external spelling	Retain existing meaningful spelling; records, provider declarations and incomplete source models receive no automatic class prefix.
zModel_MaterialPartial	zModel_MaterialPartial	src/GameZRecoil/include/zDi.h:61	record/other	retained	Inferred or retained external spelling	Retain existing meaningful spelling; records, provider declarations and incomplete source models receive no automatic class prefix.
zModel_MaterialCyclePartial	zModel_MaterialCyclePartial	src/GameZRecoil/include/zDi.h:73	record/other	retained	Inferred or retained external spelling	Retain existing meaningful spelling; records, provider declarations and incomplete source models receive no automatic class prefix.
zDiEntryPartial	zDiEntryPartial	src/GameZRecoil/include/zDi.h:83	record/other	retained	Inferred or retained external spelling	Retain existing meaningful spelling; records, provider declarations and incomplete source models receive no automatic class prefix.
zClassDiPickCandidateEntry	zClassDiPickCandidateEntry	src/GameZRecoil/include/zDi.h:95	record/other	retained	Inferred or retained external spelling	Retain existing meaningful spelling; records, provider declarations and incomplete source models receive no automatic class prefix.
PlayerProbeSampleCandidateBuffer	PlayerProbeSampleCandidateBuffer	src/GameZRecoil/include/zDi.h:104	record/other	retained	Inferred or retained external spelling	Retain existing meaningful spelling; records, provider declarations and incomplete source models receive no automatic class prefix.
OptCatalogRaycastHitEntry	OptCatalogRaycastHitEntry	src/GameZRecoil/include/zDi.h:109	record/other	retained	Inferred or retained external spelling	Retain existing meaningful spelling; records, provider declarations and incomplete source models receive no automatic class prefix.
OptCatalogRaycastHitList	OptCatalogRaycastHitList	src/GameZRecoil/include/zDi.h:118	record/other	retained	Inferred or retained external spelling	Retain existing meaningful spelling; records, provider declarations and incomplete source models receive no automatic class prefix.
zClass_DiSegmentEndpoints	zClass_DiSegmentEndpoints	src/GameZRecoil/include/zDi.h:123	record/other	retained	Inferred or retained external spelling	Retain existing meaningful spelling; records, provider declarations and incomplete source models receive no automatic class prefix.
zClass_DiSegmentBounds	zClass_DiSegmentBounds	src/GameZRecoil/include/zDi.h:128	record/other	retained	Inferred or retained external spelling	Retain existing meaningful spelling; records, provider declarations and incomplete source models receive no automatic class prefix.
zClass_DiRaycastFilterRuntime	zClass_DiRaycastFilterRuntime	src/GameZRecoil/include/zDi.h:141	record/other	retained	Inferred or retained external spelling	Retain existing meaningful spelling; records, provider declarations and incomplete source models receive no automatic class prefix.
zModel_PickFaceUvData	zModel_PickFaceUvData	src/GameZRecoil/include/zDi.h:161	record/other	retained	Inferred or retained external spelling	Retain existing meaningful spelling; records, provider declarations and incomplete source models receive no automatic class prefix.
zModel_PickFaceScenePayload	zModel_PickFaceScenePayload	src/GameZRecoil/include/zDi.h:165	record/other	retained	Inferred or retained external spelling	Retain existing meaningful spelling; records, provider declarations and incomplete source models receive no automatic class prefix.
zModel_PickFaceEntry	zModel_PickFaceEntry	src/GameZRecoil/include/zDi.h:169	record/other	retained	Inferred or retained external spelling	Retain existing meaningful spelling; records, provider declarations and incomplete source models receive no automatic class prefix.
zModel_PickFaceData	zModel_PickFaceData	src/GameZRecoil/include/zDi.h:179	record/other	retained	Inferred or retained external spelling	Retain existing meaningful spelling; records, provider declarations and incomplete source models receive no automatic class prefix.
zImage_TexDirEntryPartial	zImage_TexDirEntryPartial	src/GameZRecoil/include/zImage.h:15	record/other	retained	Inferred or retained external spelling	Retain existing meaningful spelling; records, provider declarations and incomplete source models receive no automatic class prefix.
zImage_Font	zImage_Font	src/GameZRecoil/include/zImage.h:26	record/other	retained	Inferred or retained external spelling	Retain existing meaningful spelling; records, provider declarations and incomplete source models receive no automatic class prefix.
WestwoodOnlineUpgradeProgressCDialogMessageMapAccessor	WestwoodOnlineUpgradeProgressCDialogMessageMapAccessor	src/GameZRecoil/westwoodonline/WolapiProgressDialog.cpp:35	class/interface	retained	Inferred or retained external spelling	Retain existing meaningful spelling; records, provider declarations and incomplete source models receive no automatic class prefix.
zClass_CameraViewTargetStatePartial	zClass_CameraViewTargetStatePartial	src/GameZRecoil/zClass/Class.c:207	record/other	retained	Inferred or retained external spelling	Retain existing meaningful spelling; records, provider declarations and incomplete source models receive no automatic class prefix.
zClass_CameraBBoxQueryDataPartial	zClass_CameraBBoxQueryDataPartial	src/GameZRecoil/zClass/Class.c:217	record/other	retained	Inferred or retained external spelling	Retain existing meaningful spelling; records, provider declarations and incomplete source models receive no automatic class prefix.
zStub	zStub	src/GameZRecoil/zClass/cls_stubs.h:5	record/other	retained	Inferred or retained external spelling	Retain existing meaningful spelling; records, provider declarations and incomplete source models receive no automatic class prefix.
InterfaceMapEntry	InterfaceMapEntry	src/GameZRecoil/zCom/zcom.h:25	record/other	retained	Inferred or retained external spelling	Retain existing meaningful spelling; records, provider declarations and incomplete source models receive no automatic class prefix.
zDEClient_FeatureGridCell	zDEClient_FeatureGridCell	src/GameZRecoil/zDEClient/zdec.h:25	record/other	retained	Inferred or retained external spelling	Retain existing meaningful spelling; records, provider declarations and incomplete source models receive no automatic class prefix.
zDEClient_CameraNodeClassDataPartial	zDEClient_CameraNodeClassDataPartial	src/GameZRecoil/zDEClient/zdec.h:39	record/other	retained	Inferred or retained external spelling	Retain existing meaningful spelling; records, provider declarations and incomplete source models receive no automatic class prefix.
zDEClient_QSandEventTemplate	zDEClient_QSandEventTemplate	src/GameZRecoil/zDEClient/zdec.h:44	record/other	retained	Inferred or retained external spelling	Retain existing meaningful spelling; records, provider declarations and incomplete source models receive no automatic class prefix.
zDEClient_CraterEventTemplate	zDEClient_CraterEventTemplate	src/GameZRecoil/zDEClient/zdec.h:56	record/other	retained	Inferred or retained external spelling	Retain existing meaningful spelling; records, provider declarations and incomplete source models receive no automatic class prefix.
zDEClient_FeatureEntry	zDEClient_FeatureEntry	src/GameZRecoil/zDEClient/zdec.h:72	record/other	retained	Inferred or retained external spelling	Retain existing meaningful spelling; records, provider declarations and incomplete source models receive no automatic class prefix.
zDEClient_CraterDisplaySourceEntry	zDEClient_CraterDisplaySourceEntry	src/GameZRecoil/zDEClient/zdec.h:78	record/other	retained	Inferred or retained external spelling	Retain existing meaningful spelling; records, provider declarations and incomplete source models receive no automatic class prefix.
zDEClient_QSandFeature	zDEClient_QSandFeature	src/GameZRecoil/zDEClient/zdec.h:84	record/other	retained	Inferred or retained external spelling	Retain existing meaningful spelling; records, provider declarations and incomplete source models receive no automatic class prefix.
zDEClient_CraterFeature	zDEClient_CraterFeature	src/GameZRecoil/zDEClient/zdec.h:97	record/other	retained	Inferred or retained external spelling	Retain existing meaningful spelling; records, provider declarations and incomplete source models receive no automatic class prefix.
zDEClient_FeatureContextOverlapView	zDEClient_FeatureContextOverlapView	src/GameZRecoil/zDEClient/zdec.h:111	record/other	retained	Inferred or retained external spelling	Retain existing meaningful spelling; records, provider declarations and incomplete source models receive no automatic class prefix.
zEffect_RuntimeManager	zEffect_RuntimeManager	src/GameZRecoil/zEffect/zeff.h:15	record/other	retained	Inferred or retained external spelling	Retain existing meaningful spelling; records, provider declarations and incomplete source models receive no automatic class prefix.
zEffect_RuntimeEntry	zEffect_RuntimeEntry	src/GameZRecoil/zEffect/zeff.h:28	record/other	retained	Inferred or retained external spelling	Retain existing meaningful spelling; records, provider declarations and incomplete source models receive no automatic class prefix.
zEffectAnimSurfaceRuntime	zEffectAnimSurfaceRuntime	src/GameZRecoil/zEffect/zeff.h:49	record/other	retained	Inferred or retained external spelling	Retain existing meaningful spelling; records, provider declarations and incomplete source models receive no automatic class prefix.
zEffectAnimEventHeader	zEffectAnimEventHeader	src/GameZRecoil/zEffect/zeff.h:72	record/other	retained	Inferred or retained external spelling	Retain existing meaningful spelling; records, provider declarations and incomplete source models receive no automatic class prefix.
zEffectAnimLoopEvent	zEffectAnimLoopEvent	src/GameZRecoil/zEffect/zeff.h:93	record/other	retained	Inferred or retained external spelling	Retain existing meaningful spelling; records, provider declarations and incomplete source models receive no automatic class prefix.
zEffectAnimEmitterEvent	zEffectAnimEmitterEvent	src/GameZRecoil/zEffect/zeff.h:99	record/other	retained	Inferred or retained external spelling	Retain existing meaningful spelling; records, provider declarations and incomplete source models receive no automatic class prefix.
zEffectAnimCallbackEvent	zEffectAnimCallbackEvent	src/GameZRecoil/zEffect/zeff.h:105	record/other	retained	Inferred or retained external spelling	Retain existing meaningful spelling; records, provider declarations and incomplete source models receive no automatic class prefix.
zEffectAnimRefOffsetEvent	zEffectAnimRefOffsetEvent	src/GameZRecoil/zEffect/zeff.h:110	record/other	retained	Inferred or retained external spelling	Retain existing meaningful spelling; records, provider declarations and incomplete source models receive no automatic class prefix.
zEffectAnimSoundEvent	zEffectAnimSoundEvent	src/GameZRecoil/zEffect/zeff.h:119	record/other	retained	Inferred or retained external spelling	Retain existing meaningful spelling; records, provider declarations and incomplete source models receive no automatic class prefix.
zEffectAnimLightEvent	zEffectAnimLightEvent	src/GameZRecoil/zEffect/zeff.h:131	record/other	retained	Inferred or retained external spelling	Retain existing meaningful spelling; records, provider declarations and incomplete source models receive no automatic class prefix.
zEffectLightRangeSpecularAnimEvent	zEffectLightRangeSpecularAnimEvent	src/GameZRecoil/zEffect/zeff.h:156	record/other	retained	Inferred or retained external spelling	Retain existing meaningful spelling; records, provider declarations and incomplete source models receive no automatic class prefix.
zEffectFogEvent	zEffectFogEvent	src/GameZRecoil/zEffect/zeff.h:178	record/other	retained	Inferred or retained external spelling	Retain existing meaningful spelling; records, provider declarations and incomplete source models receive no automatic class prefix.
zEffectCameraEvent	zEffectCameraEvent	src/GameZRecoil/zEffect/zeff.h:192	record/other	retained	Inferred or retained external spelling	Retain existing meaningful spelling; records, provider declarations and incomplete source models receive no automatic class prefix.
zEffectCameraAnimEvent	zEffectCameraAnimEvent	src/GameZRecoil/zEffect/zeff.h:205	record/other	retained	Inferred or retained external spelling	Retain existing meaningful spelling; records, provider declarations and incomplete source models receive no automatic class prefix.
zEffectNodeAnimEvent	zEffectNodeAnimEvent	src/GameZRecoil/zEffect/zeff.h:233	record/other	retained	Inferred or retained external spelling	Retain existing meaningful spelling; records, provider declarations and incomplete source models receive no automatic class prefix.
zEffectTransformEvent	zEffectTransformEvent	src/GameZRecoil/zEffect/zeff.h:263	record/other	retained	Inferred or retained external spelling	Retain existing meaningful spelling; records, provider declarations and incomplete source models receive no automatic class prefix.
zEffectNodeScaleEvent	zEffectNodeScaleEvent	src/GameZRecoil/zEffect/zeff.h:273	record/other	retained	Inferred or retained external spelling	Retain existing meaningful spelling; records, provider declarations and incomplete source models receive no automatic class prefix.
zEffectActivateEvent	zEffectActivateEvent	src/GameZRecoil/zEffect/zeff.h:282	record/other	retained	Inferred or retained external spelling	Retain existing meaningful spelling; records, provider declarations and incomplete source models receive no automatic class prefix.
zEffectParentChildEvent	zEffectParentChildEvent	src/GameZRecoil/zEffect/zeff.h:289	record/other	retained	Inferred or retained external spelling	Retain existing meaningful spelling; records, provider declarations and incomplete source models receive no automatic class prefix.
zEffectAttachEvent	zEffectAttachEvent	src/GameZRecoil/zEffect/zeff.h:295	record/other	retained	Inferred or retained external spelling	Retain existing meaningful spelling; records, provider declarations and incomplete source models receive no automatic class prefix.
zEffectSurfaceControlEvent	zEffectSurfaceControlEvent	src/GameZRecoil/zEffect/zeff.h:302	record/other	retained	Inferred or retained external spelling	Retain existing meaningful spelling; records, provider declarations and incomplete source models receive no automatic class prefix.
zEffectSurfaceRefEvent	zEffectSurfaceRefEvent	src/GameZRecoil/zEffect/zeff.h:308	record/other	retained	Inferred or retained external spelling	Retain existing meaningful spelling; records, provider declarations and incomplete source models receive no automatic class prefix.
zEffectBeamDetachEvent	zEffectBeamDetachEvent	src/GameZRecoil/zEffect/zeff.h:323	record/other	retained	Inferred or retained external spelling	Retain existing meaningful spelling; records, provider declarations and incomplete source models receive no automatic class prefix.
zEffectKeyframeSampleHeader	zEffectKeyframeSampleHeader	src/GameZRecoil/zEffect/zeff.h:344	record/other	retained	Inferred or retained external spelling	Retain existing meaningful spelling; records, provider declarations and incomplete source models receive no automatic class prefix.
zEffectKeyframeSampleChannel	zEffectKeyframeSampleChannel	src/GameZRecoil/zEffect/zeff.h:350	record/other	retained	Inferred or retained external spelling	Retain existing meaningful spelling; records, provider declarations and incomplete source models receive no automatic class prefix.
zEffectKeyframeEvent	zEffectKeyframeEvent	src/GameZRecoil/zEffect/zeff.h:355	record/other	retained	Inferred or retained external spelling	Retain existing meaningful spelling; records, provider declarations and incomplete source models receive no automatic class prefix.
zEffectEvaluateKeyframeEvent	zEffectEvaluateKeyframeEvent	src/GameZRecoil/zEffect/zeff.h:364	record/other	retained	Inferred or retained external spelling	Retain existing meaningful spelling; records, provider declarations and incomplete source models receive no automatic class prefix.
zEffectRunKeyframeEvent	zEffectRunKeyframeEvent	src/GameZRecoil/zEffect/zeff.h:373	record/other	retained	Inferred or retained external spelling	Retain existing meaningful spelling; records, provider declarations and incomplete source models receive no automatic class prefix.
zEffectScreenColorFxEvent	zEffectScreenColorFxEvent	src/GameZRecoil/zEffect/zeff.h:384	record/other	retained	Inferred or retained external spelling	Retain existing meaningful spelling; records, provider declarations and incomplete source models receive no automatic class prefix.
zEffectScreenOverlayFxEvent	zEffectScreenOverlayFxEvent	src/GameZRecoil/zEffect/zeff.h:401	record/other	retained	Inferred or retained external spelling	Retain existing meaningful spelling; records, provider declarations and incomplete source models receive no automatic class prefix.
zEffectTransformRefsEvent	zEffectTransformRefsEvent	src/GameZRecoil/zEffect/zeff.h:428	record/other	retained	Inferred or retained external spelling	Retain existing meaningful spelling; records, provider declarations and incomplete source models receive no automatic class prefix.
zEffectConditionalEvent	zEffectConditionalEvent	src/GameZRecoil/zEffect/zeff.h:440	record/other	retained	Inferred or retained external spelling	Retain existing meaningful spelling; records, provider declarations and incomplete source models receive no automatic class prefix.
zEffectTopMessageEvent	zEffectTopMessageEvent	src/GameZRecoil/zEffect/zeff.h:447	record/other	retained	Inferred or retained external spelling	Retain existing meaningful spelling; records, provider declarations and incomplete source models receive no automatic class prefix.
zEffectAnimCapturedNodeState	zEffectAnimCapturedNodeState	src/GameZRecoil/zEffect/zeff.h:452	record/other	retained	Inferred or retained external spelling	Retain existing meaningful spelling; records, provider declarations and incomplete source models receive no automatic class prefix.
zEffectAnimRefName	zEffectAnimRefName	src/GameZRecoil/zEffect/zeff.h:458	record/other	retained	Inferred or retained external spelling	Retain existing meaningful spelling; records, provider declarations and incomplete source models receive no automatic class prefix.
zEffectAnimTrackedNode	zEffectAnimTrackedNode	src/GameZRecoil/zEffect/zeff.h:462	record/other	retained	Inferred or retained external spelling	Retain existing meaningful spelling; records, provider declarations and incomplete source models receive no automatic class prefix.
zEffectAnimNodeRef28	zEffectAnimNodeRef28	src/GameZRecoil/zEffect/zeff.h:468	record/other	retained	Inferred or retained external spelling	Retain existing meaningful spelling; records, provider declarations and incomplete source models receive no automatic class prefix.
zEffectAnimRuntimeNodeRef	zEffectAnimRuntimeNodeRef	src/GameZRecoil/zEffect/zeff.h:473	record/other	retained	Inferred or retained external spelling	Retain existing meaningful spelling; records, provider declarations and incomplete source models receive no automatic class prefix.
zEffectAnimSampleRef	zEffectAnimSampleRef	src/GameZRecoil/zEffect/zeff.h:479	record/other	retained	Inferred or retained external spelling	Retain existing meaningful spelling; records, provider declarations and incomplete source models receive no automatic class prefix.
zEffectAnimTemplateIndexRef	zEffectAnimTemplateIndexRef	src/GameZRecoil/zEffect/zeff.h:484	record/other	retained	Inferred or retained external spelling	Retain existing meaningful spelling; records, provider declarations and incomplete source models receive no automatic class prefix.
zEffectAnimRuntimeRef	zEffectAnimRuntimeRef	src/GameZRecoil/zEffect/zeff.h:489	record/other	retained	Inferred or retained external spelling	Retain existing meaningful spelling; records, provider declarations and incomplete source models receive no automatic class prefix.
zEffectAnimActivationPrereq	zEffectAnimActivationPrereq	src/GameZRecoil/zEffect/zeff.h:496	record/other	retained	Inferred or retained external spelling	Retain existing meaningful spelling; records, provider declarations and incomplete source models receive no automatic class prefix.
zEffectAnimEntry	zEffectAnimEntry	src/GameZRecoil/zEffect/zeff.h:505	record/other	retained	Inferred or retained external spelling	Retain existing meaningful spelling; records, provider declarations and incomplete source models receive no automatic class prefix.
zEffectAnimTextIdEntry	zEffectAnimTextIdEntry	src/GameZRecoil/zEffect/zeff.h:559	record/other	retained	Inferred or retained external spelling	Retain existing meaningful spelling; records, provider declarations and incomplete source models receive no automatic class prefix.
zEffectAnimSourceFileStamp	zEffectAnimSourceFileStamp	src/GameZRecoil/zEffect/zeff.h:564	record/other	retained	Inferred or retained external spelling	Retain existing meaningful spelling; records, provider declarations and incomplete source models receive no automatic class prefix.
zEffectAnimActivationRecord	zEffectAnimActivationRecord	src/GameZRecoil/zEffect/zeff.h:575	record/other	retained	Inferred or retained external spelling	Retain existing meaningful spelling; records, provider declarations and incomplete source models receive no automatic class prefix.
zEffectAnimZbdHeaderBlock	zEffectAnimZbdHeaderBlock	src/GameZRecoil/zEffect/zeff_anim_init.c:31	record/other	retained	Inferred or retained external spelling	Retain existing meaningful spelling; records, provider declarations and incomplete source models receive no automatic class prefix.
zEffectAnimZbdFilePrefix	zEffectAnimZbdFilePrefix	src/GameZRecoil/zEffect/zeff_anim_init.c:50	record/other	retained	Inferred or retained external spelling	Retain existing meaningful spelling; records, provider declarations and incomplete source models receive no automatic class prefix.
zEffectAnimTrackedNodeSaveRecord	zEffectAnimTrackedNodeSaveRecord	src/GameZRecoil/zEffect/zeff_anim_save.c:32	record/other	retained	Inferred or retained external spelling	Retain existing meaningful spelling; records, provider declarations and incomplete source models receive no automatic class prefix.
zEffectAnimActivationSaveRecord	zEffectAnimActivationSaveRecord	src/GameZRecoil/zEffect/zeff_anim_save.c:41	record/other	retained	Inferred or retained external spelling	Retain existing meaningful spelling; records, provider declarations and incomplete source models receive no automatic class prefix.
zEffectAnimSaveHeader	zEffectAnimSaveHeader	src/GameZRecoil/zEffect/zeff_anim_save.c:50	record/other	retained	Inferred or retained external spelling	Retain existing meaningful spelling; records, provider declarations and incomplete source models receive no automatic class prefix.
zEffectAnimSaveRecord	zEffectAnimSaveRecord	src/GameZRecoil/zEffect/zeff_anim_save.c:60	record/other	retained	Inferred or retained external spelling	Retain existing meaningful spelling; records, provider declarations and incomplete source models receive no automatic class prefix.
zEffectAnimRunningSaveHeader	zEffectAnimRunningSaveHeader	src/GameZRecoil/zEffect/zeff_anim_save.c:90	record/other	retained	Inferred or retained external spelling	Retain existing meaningful spelling; records, provider declarations and incomplete source models receive no automatic class prefix.
zEffectAnimRuntimeNodeSaveRecord	zEffectAnimRuntimeNodeSaveRecord	src/GameZRecoil/zEffect/zeff_anim_save.c:112	record/other	retained	Inferred or retained external spelling	Retain existing meaningful spelling; records, provider declarations and incomplete source models receive no automatic class prefix.
zEffectAnimSoundNodeSaveRecord	zEffectAnimSoundNodeSaveRecord	src/GameZRecoil/zEffect/zeff_anim_save.c:121	record/other	retained	Inferred or retained external spelling	Retain existing meaningful spelling; records, provider declarations and incomplete source models receive no automatic class prefix.
zFMV_Rect	zFMV_Rect	src/GameZRecoil/zFMV/fmv.h:38	record/other	retained	Inferred or retained external spelling	Retain existing meaningful spelling; records, provider declarations and incomplete source models receive no automatic class prefix.
zFMV_Playback	CZFMVPlayback	src/GameZRecoil/zFMV/fmv.h:48	class/interface	renamed	Same-engine default / inferred	Inferred class spelling: constructor/virtual evidence and documented class-prefix default; preserve class model.
zFMV_Action	zFMV_Action	src/GameZRecoil/zFMV/fmv.h:85	class/interface	deferred	Inferred or retained external spelling	Defer class spelling change: four existing governed folded-alias bindings embed these three class names. Preserve those accepted alias source bindings in this names-only pass.
zFMV_ActionImage	CZFMVActionImage	src/GameZRecoil/zFMV/fmv.h:111	class/interface	renamed	Same-engine default / inferred	Inferred class spelling: constructor/virtual evidence and documented class-prefix default; preserve class model.
zFMV_ActionFade	CZFMVActionFade	src/GameZRecoil/zFMV/fmv.h:145	class/interface	renamed	Same-engine default / inferred	Inferred class spelling: constructor/virtual evidence and documented class-prefix default; preserve class model.
zFMV_ActionPlayAvi	CZFMVActionPlayAvi	src/GameZRecoil/zFMV/fmv.h:176	class/interface	renamed	Same-engine default / inferred	Inferred class spelling: constructor/virtual evidence and documented class-prefix default; preserve class model.
zFMV_ActionPlayMci	CZFMVActionPlayMci	src/GameZRecoil/zFMV/fmv.h:205	class/interface	renamed	Same-engine default / inferred	Inferred class spelling: constructor/virtual evidence and documented class-prefix default; preserve class model.
zFMV_ActionWait	CZFMVActionWait	src/GameZRecoil/zFMV/fmv.h:228	class/interface	renamed	Same-engine default / inferred	Inferred class spelling: constructor/virtual evidence and documented class-prefix default; preserve class model.
zFMV_ActionBlur	zFMV_ActionBlur	src/GameZRecoil/zFMV/fmv.h:256	class/interface	deferred	Inferred or retained external spelling	Defer class spelling change: four existing governed folded-alias bindings embed these three class names. Preserve those accepted alias source bindings in this names-only pass.
zFMV_ActionBlurH	CZFMVActionBlurH	src/GameZRecoil/zFMV/fmv.h:280	class/interface	renamed	Same-engine default / inferred	Inferred class spelling: constructor/virtual evidence and documented class-prefix default; preserve class model.
zFMV_ActionBlurV	CZFMVActionBlurV	src/GameZRecoil/zFMV/fmv.h:300	class/interface	renamed	Same-engine default / inferred	Inferred class spelling: constructor/virtual evidence and documented class-prefix default; preserve class model.
zFMV_ActionPlaySound	CZFMVActionPlaySound	src/GameZRecoil/zFMV/fmv.h:320	class/interface	renamed	Same-engine default / inferred	Inferred class spelling: constructor/virtual evidence and documented class-prefix default; preserve class model.
zFMV_Script	zFMV_Script	src/GameZRecoil/zFMV/fmv.h:348	record/other	retained	Inferred or retained external spelling	Retain existing meaningful spelling; records, provider declarations and incomplete source models receive no automatic class prefix.
zFMV_Stream	zFMV_Stream	src/GameZRecoil/zFMV/fmv.h:377	record/other	retained	Inferred or retained external spelling	Retain existing meaningful spelling; records, provider declarations and incomplete source models receive no automatic class prefix.
zFMV_MciWindowParams	zFMV_MciWindowParams	src/GameZRecoil/zFMV/fmv_main.cpp:39	record/other	retained	Inferred or retained external spelling	Retain existing meaningful spelling; records, provider declarations and incomplete source models receive no automatic class prefix.
zFMV_MciRectParams	zFMV_MciRectParams	src/GameZRecoil/zFMV/fmv_main.cpp:46	record/other	retained	Inferred or retained external spelling	Retain existing meaningful spelling; records, provider declarations and incomplete source models receive no automatic class prefix.
zFMV_MciSetParams	zFMV_MciSetParams	src/GameZRecoil/zFMV/fmv_main.cpp:54	record/other	retained	Inferred or retained external spelling	Retain existing meaningful spelling; records, provider declarations and incomplete source models receive no automatic class prefix.
zFMV_MciPlayParams	zFMV_MciPlayParams	src/GameZRecoil/zFMV/fmv_main.cpp:60	record/other	retained	Inferred or retained external spelling	Retain existing meaningful spelling; records, provider declarations and incomplete source models receive no automatic class prefix.
zFMV_ActionTagStringSet	zFMV_ActionTagStringSet	src/GameZRecoil/zFMV/fmv_script.cpp:22	record/other	retained	Inferred or retained external spelling	Retain existing meaningful spelling; records, provider declarations and incomplete source models receive no automatic class prefix.
zOptionEntryPartial	zOptionEntryPartial	src/GameZRecoil/zGame/zgame.h:8	record/other	retained	Inferred or retained external spelling	Retain existing meaningful spelling; records, provider declarations and incomplete source models receive no automatic class prefix.
zOpt_ViewRectSection	zOpt_ViewRectSection	src/GameZRecoil/zGame/zgame.h:19	record/other	retained	Inferred or retained external spelling	Retain existing meaningful spelling; records, provider declarations and incomplete source models receive no automatic class prefix.
zOpt_CameraSection	zOpt_CameraSection	src/GameZRecoil/zGame/zgame.h:37	record/other	retained	Inferred or retained external spelling	Retain existing meaningful spelling; records, provider declarations and incomplete source models receive no automatic class prefix.
zGame_OptionsPointerCache	zGame_OptionsPointerCache	src/GameZRecoil/zGame/zgame.h:45	record/other	retained	Inferred or retained external spelling	Retain existing meaningful spelling; records, provider declarations and incomplete source models receive no automatic class prefix.
zGame_OptionsRuntimeConfig	zGame_OptionsRuntimeConfig	src/GameZRecoil/zGame/zgame.h:86	record/other	retained	Inferred or retained external spelling	Retain existing meaningful spelling; records, provider declarations and incomplete source models receive no automatic class prefix.
zGeometry_BoundsXY	zGeometry_BoundsXY	src/GameZRecoil/zGeometry/zgeo.h:22	record/other	retained	Inferred or retained external spelling	Retain existing meaningful spelling; records, provider declarations and incomplete source models receive no automatic class prefix.
zGeometry_WeilerBufferPartial	zGeometry_WeilerBufferPartial	src/GameZRecoil/zGeometry/zgeo.h:29	record/other	retained	Inferred or retained external spelling	Retain existing meaningful spelling; records, provider declarations and incomplete source models receive no automatic class prefix.
zGeometry_WeilerContourSegmentPartial	zGeometry_WeilerContourSegmentPartial	src/GameZRecoil/zGeometry/zgeo.h:37	record/other	retained	Inferred or retained external spelling	Retain existing meaningful spelling; records, provider declarations and incomplete source models receive no automatic class prefix.
zGeometry_WeilerXingPartial	zGeometry_WeilerXingPartial	src/GameZRecoil/zGeometry/zgeo.h:55	record/other	retained	Inferred or retained external spelling	Retain existing meaningful spelling; records, provider declarations and incomplete source models receive no automatic class prefix.
zGeometry_WeilerContourOutputPartial	zGeometry_WeilerContourOutputPartial	src/GameZRecoil/zGeometry/zgeo.h:68	record/other	retained	Inferred or retained external spelling	Retain existing meaningful spelling; records, provider declarations and incomplete source models receive no automatic class prefix.
zGeometry_PolygonPointSpanPartial	zGeometry_PolygonPointSpanPartial	src/GameZRecoil/zGeometry/zgeo.h:74	record/other	retained	Inferred or retained external spelling	Retain existing meaningful spelling; records, provider declarations and incomplete source models receive no automatic class prefix.
zGeometry_PolygonSpanArrayPartial	zGeometry_PolygonSpanArrayPartial	src/GameZRecoil/zGeometry/zgeo.h:79	record/other	retained	Inferred or retained external spelling	Retain existing meaningful spelling; records, provider declarations and incomplete source models receive no automatic class prefix.
zGeometry_ConvexPolygonSetPartial	zGeometry_ConvexPolygonSetPartial	src/GameZRecoil/zGeometry/zgeo.h:84	record/other	retained	Inferred or retained external spelling	Retain existing meaningful spelling; records, provider declarations and incomplete source models receive no automatic class prefix.
zGeometry_TriangleDwordOffsetList	zGeometry_TriangleDwordOffsetList	src/GameZRecoil/zGeometry/zgeo.h:91	record/other	retained	Inferred or retained external spelling	Retain existing meaningful spelling; records, provider declarations and incomplete source models receive no automatic class prefix.
zGeometry_TriangleIndexTriple	zGeometry_TriangleIndexTriple	src/GameZRecoil/zGeometry/zgeo.h:96	record/other	retained	Inferred or retained external spelling	Retain existing meaningful spelling; records, provider declarations and incomplete source models receive no automatic class prefix.
zGeometry_TriangulateHole_EdgeState	zGeometry_TriangulateHole_EdgeState	src/GameZRecoil/zGeometry/zgeo.h:102	record/other	retained	Inferred or retained external spelling	Retain existing meaningful spelling; records, provider declarations and incomplete source models receive no automatic class prefix.
zGeometry_PlaneEquationPartial	zGeometry_PlaneEquationPartial	src/GameZRecoil/zGeometry/zgeo.h:108	record/other	retained	Inferred or retained external spelling	Retain existing meaningful spelling; records, provider declarations and incomplete source models receive no automatic class prefix.
zGeometry_TriangleSoup	zGeometry_TriangleSoup	src/GameZRecoil/zGeometry/zgeo.h:115	record/other	retained	Inferred or retained external spelling	Retain existing meaningful spelling; records, provider declarations and incomplete source models receive no automatic class prefix.
zGeometry_PolygonSplitDwordOffsetListPair	zGeometry_PolygonSplitDwordOffsetListPair	src/GameZRecoil/zGeometry/zgeo.h:120	record/other	retained	Inferred or retained external spelling	Retain existing meaningful spelling; records, provider declarations and incomplete source models receive no automatic class prefix.
zGeometry_PointListPartial	zGeometry_PointListPartial	src/GameZRecoil/zGeometry/zgeo.h:126	record/other	retained	Inferred or retained external spelling	Retain existing meaningful spelling; records, provider declarations and incomplete source models receive no automatic class prefix.
zGeometry_WeilerClipOutputPartial	zGeometry_WeilerClipOutputPartial	src/GameZRecoil/zGeometry/zgeo.h:131	record/other	retained	Inferred or retained external spelling	Retain existing meaningful spelling; records, provider declarations and incomplete source models receive no automatic class prefix.
zGeometry_ClipPolygonPartial	zGeometry_ClipPolygonPartial	src/GameZRecoil/zGeometry/zgeo.h:138	record/other	retained	Inferred or retained external spelling	Retain existing meaningful spelling; records, provider declarations and incomplete source models receive no automatic class prefix.
zGeometry_WeilerStatePartial	zGeometry_WeilerStatePartial	src/GameZRecoil/zGeometry/zgeo.h:145	record/other	retained	Inferred or retained external spelling	Retain existing meaningful spelling; records, provider declarations and incomplete source models receive no automatic class prefix.
zGeometry_ClipPatchNodeDiPair	zGeometry_ClipPatchNodeDiPair	src/GameZRecoil/zGeometry/zgeo.h:166	record/other	retained	Inferred or retained external spelling	Retain existing meaningful spelling; records, provider declarations and incomplete source models receive no automatic class prefix.
zGeometry_ClipPatchOutputPartial	zGeometry_ClipPatchOutputPartial	src/GameZRecoil/zGeometry/zgeo.h:173	record/other	retained	Inferred or retained external spelling	Retain existing meaningful spelling; records, provider declarations and incomplete source models receive no automatic class prefix.
zGeometry_ClipPatchPartitionOutput	zGeometry_ClipPatchPartitionOutput	src/GameZRecoil/zGeometry/zgeo.h:180	record/other	retained	Inferred or retained external spelling	Retain existing meaningful spelling; records, provider declarations and incomplete source models receive no automatic class prefix.
zModel_PolygonUvBasis	zModel_PolygonUvBasis	src/GameZRecoil/zGeometry/zgeo.h:188	record/other	retained	Inferred or retained external spelling	Retain existing meaningful spelling; records, provider declarations and incomplete source models receive no automatic class prefix.
zModel_PolygonPartial	zModel_PolygonPartial	src/GameZRecoil/zGeometry/zgeo.h:194	record/other	retained	Inferred or retained external spelling	Retain existing meaningful spelling; records, provider declarations and incomplete source models receive no automatic class prefix.
zModel_DrawBatchBasePartial	zModel_DrawBatchBasePartial	src/GameZRecoil/zGeometry/zgeo.h:204	record/other	retained	Inferred or retained external spelling	Retain existing meaningful spelling; records, provider declarations and incomplete source models receive no automatic class prefix.
zGeometry_ClipPatchModelNodeBoundsView	zGeometry_ClipPatchModelNodeBoundsView	src/GameZRecoil/zGeometry/zgeo_model.cpp:40	record/other	retained	Inferred or retained external spelling	Retain existing meaningful spelling; records, provider declarations and incomplete source models receive no automatic class prefix.
WeilerPreclassifyContourPacket	WeilerPreclassifyContourPacket	src/GameZRecoil/zGeometry/zgeo_weiler.cpp:193	record/other	retained	Inferred or retained external spelling	Retain existing meaningful spelling; records, provider declarations and incomplete source models receive no automatic class prefix.
WeilerPointBoundsXY	WeilerPointBoundsXY	src/GameZRecoil/zGeometry/zgeo_weiler.cpp:202	record/other	retained	Inferred or retained external spelling	Retain existing meaningful spelling; records, provider declarations and incomplete source models receive no automatic class prefix.
zTimedTask	zTimedTask	src/GameZRecoil/zHud/zhud_ui.h:58	record/other	retained	Inferred or retained external spelling	Retain existing meaningful spelling; records, provider declarations and incomplete source models receive no automatic class prefix.
HudUiMgrSensorTrackNode	HudUiMgrSensorTrackNode	src/GameZRecoil/zHud/zhud_ui.h:106	record/other	retained	Inferred or retained external spelling	Retain existing meaningful spelling; records, provider declarations and incomplete source models receive no automatic class prefix.
HudUiMgrSensorTrackList	HudUiMgrSensorTrackList	src/GameZRecoil/zHud/zhud_ui.h:114	class/interface	retained	Inferred or retained external spelling	Retain existing meaningful spelling; records, provider declarations and incomplete source models receive no automatic class prefix.
HudUiRect	HudUiRect	src/GameZRecoil/zHud/zhud_ui.h:154	record/other	retained	Inferred or retained external spelling	Retain existing meaningful spelling; records, provider declarations and incomplete source models receive no automatic class prefix.
HudUiRectDirty	HudUiRectDirty	src/GameZRecoil/zHud/zhud_ui.h:161	record/other	retained	Inferred or retained external spelling	Retain existing meaningful spelling; records, provider declarations and incomplete source models receive no automatic class prefix.
HudUiElement	HudUiElement	src/GameZRecoil/zHud/zhud_ui.h:176	class/interface	retained	Inferred or retained external spelling	Retain existing meaningful spelling; records, provider declarations and incomplete source models receive no automatic class prefix.
HudUiWidget	HudUiWidget	src/GameZRecoil/zHud/zhud_ui.h:268	class/interface	retained	Inferred or retained external spelling	Retain existing meaningful spelling; records, provider declarations and incomplete source models receive no automatic class prefix.
HudUiContainer	HudUiContainer	src/GameZRecoil/zHud/zhud_ui.h:363	class/interface	retained	Inferred or retained external spelling	Retain existing meaningful spelling; records, provider declarations and incomplete source models receive no automatic class prefix.
HudLayoutBase	HudLayoutBase	src/GameZRecoil/zHud/zhud_ui.h:384	class/interface	retained	Inferred or retained external spelling	Retain existing meaningful spelling; records, provider declarations and incomplete source models receive no automatic class prefix.
HudLayoutSW	HudLayoutSW	src/GameZRecoil/zHud/zhud_ui.h:401	class/interface	retained	Inferred or retained external spelling	Retain existing meaningful spelling; records, provider declarations and incomplete source models receive no automatic class prefix.
HudLayoutHW	HudLayoutHW	src/GameZRecoil/zHud/zhud_ui.h:406	class/interface	retained	Inferred or retained external spelling	Retain existing meaningful spelling; records, provider declarations and incomplete source models receive no automatic class prefix.
StdPtrVector	StdPtrVector	src/GameZRecoil/zHud/zhud_ui.h:605	record/other	retained	Inferred or retained external spelling	Retain existing meaningful spelling; records, provider declarations and incomplete source models receive no automatic class prefix.
HudUiPrimitiveBindTarget	HudUiPrimitiveBindTarget	src/GameZRecoil/zHud/zhud_ui.h:618	record/other	retained	Inferred or retained external spelling	Retain existing meaningful spelling; records, provider declarations and incomplete source models receive no automatic class prefix.
HudUiTextLabel	HudUiTextLabel	src/GameZRecoil/zHud/zhud_ui.h:636	class/interface	retained	Inferred or retained external spelling	Retain existing meaningful spelling; records, provider declarations and incomplete source models receive no automatic class prefix.
HudUiCircle	HudUiCircle	src/GameZRecoil/zHud/zhud_ui.h:692	class/interface	retained	Inferred or retained external spelling	Retain existing meaningful spelling; records, provider declarations and incomplete source models receive no automatic class prefix.
HudUiBackgroundContainer	HudUiBackgroundContainer	src/GameZRecoil/zHud/zhud_ui.h:726	class/interface	retained	Inferred or retained external spelling	Retain existing meaningful spelling; records, provider declarations and incomplete source models receive no automatic class prefix.
HudUiBackgroundSoundEntry	HudUiBackgroundSoundEntry	src/GameZRecoil/zHud/zhud_ui.h:739	record/other	retained	Inferred or retained external spelling	Retain existing meaningful spelling; records, provider declarations and incomplete source models receive no automatic class prefix.
HudUiDialogController	HudUiDialogController	src/GameZRecoil/zHud/zhud_ui.h:745	record/other	retained	Inferred or retained external spelling	Retain existing meaningful spelling; records, provider declarations and incomplete source models receive no automatic class prefix.
HudUiBackgroundCursorWidget	HudUiBackgroundCursorWidget	src/GameZRecoil/zHud/zhud_ui.h:752	class/interface	retained	Inferred or retained external spelling	Retain existing meaningful spelling; records, provider declarations and incomplete source models receive no automatic class prefix.
HudUiBackgroundVideoWidget	HudUiBackgroundVideoWidget	src/GameZRecoil/zHud/zhud_ui.h:780	class/interface	retained	Inferred or retained external spelling	Retain existing meaningful spelling; records, provider declarations and incomplete source models receive no automatic class prefix.
HudUiBackgroundMemberCursorWidget	HudUiBackgroundMemberCursorWidget	src/GameZRecoil/zHud/zhud_ui.h:797	class/interface	retained	Inferred or retained external spelling	Retain existing meaningful spelling; records, provider declarations and incomplete source models receive no automatic class prefix.
HudUiZrdWidget	HudUiZrdWidget	src/GameZRecoil/zHud/zhud_ui.h:823	class/interface	retained	Inferred or retained external spelling	Retain existing meaningful spelling; records, provider declarations and incomplete source models receive no automatic class prefix.
HudUiCheckToggleWidget	HudUiCheckToggleWidget	src/GameZRecoil/zHud/zhud_ui.h:866	class/interface	retained	Inferred or retained external spelling	Retain existing meaningful spelling; records, provider declarations and incomplete source models receive no automatic class prefix.
HudUiCycleSelectorWidget	HudUiCycleSelectorWidget	src/GameZRecoil/zHud/zhud_ui.h:891	class/interface	retained	Inferred or retained external spelling	Retain existing meaningful spelling; records, provider declarations and incomplete source models receive no automatic class prefix.
HudUiFillBitmap	HudUiFillBitmap	src/GameZRecoil/zHud/zhud_ui.h:936	class/interface	retained	Inferred or retained external spelling	Retain existing meaningful spelling; records, provider declarations and incomplete source models receive no automatic class prefix.
HudUiFillBitmapSlider	HudUiFillBitmapSlider	src/GameZRecoil/zHud/zhud_ui.h:967	class/interface	retained	Inferred or retained external spelling	Retain existing meaningful spelling; records, provider declarations and incomplete source models receive no automatic class prefix.
HudUiZrdWidgetEx17C_Item	CHudRadioButtonWidget	src/GameZRecoil/zHud/zhud_ui.h:972	class/interface	renamed	Same-engine default / inferred	Inferred class spelling: constructor/virtual evidence and documented class-prefix default; preserve class model.
HudUiZrdWidgetEx17C	CHudRadioGroupWidget	src/GameZRecoil/zHud/zhud_ui.h:1000	class/interface	renamed	Same-engine default / inferred	Retain existing meaningful spelling; records, provider declarations and incomplete source models receive no automatic class prefix.
HudUiPanel	HudUiPanel	src/GameZRecoil/zHud/zhud_ui.h:1024	class/interface	retained	Inferred or retained external spelling	Retain existing meaningful spelling; records, provider declarations and incomplete source models receive no automatic class prefix.
HudUiListSelectorItem	HudUiListSelectorItem	src/GameZRecoil/zHud/zhud_ui.h:1169	class/interface	retained	Inferred or retained external spelling	Retain existing meaningful spelling; records, provider declarations and incomplete source models receive no automatic class prefix.
HudCmdBinding	HudCmdBinding	src/GameZRecoil/zHud/zhud_ui.h:1193	record/other	retained	Inferred or retained external spelling	Retain existing meaningful spelling; records, provider declarations and incomplete source models receive no automatic class prefix.
HudCmdBindingVector	HudCmdBindingVector	src/GameZRecoil/zHud/zhud_ui.h:1200	class/interface	retained	Inferred or retained external spelling	Retain existing meaningful spelling; records, provider declarations and incomplete source models receive no automatic class prefix.
HudCmdBindingEntry	HudCmdBindingEntry	src/GameZRecoil/zHud/zhud_ui.h:1266	class/interface	retained	Inferred or retained external spelling	Retain existing meaningful spelling; records, provider declarations and incomplete source models receive no automatic class prefix.
HudCmdBindingEntryDelete	HudCmdBindingEntryDelete	src/GameZRecoil/zHud/zhud_ui.h:1323	record/other	retained	Inferred or retained external spelling	Retain existing meaningful spelling; records, provider declarations and incomplete source models receive no automatic class prefix.
HudCmdBindButtonBase	HudCmdBindButtonBase	src/GameZRecoil/zHud/zhud_ui.h:1410	class/interface	retained	Inferred or retained external spelling	Retain existing meaningful spelling; records, provider declarations and incomplete source models receive no automatic class prefix.
HudCmdBindButton	HudCmdBindButton	src/GameZRecoil/zHud/zhud_ui.h:1468	class/interface	retained	Inferred or retained external spelling	Retain existing meaningful spelling; records, provider declarations and incomplete source models receive no automatic class prefix.
HudCmdCommandList	HudCmdCommandList	src/GameZRecoil/zHud/zhud_ui.h:1472	class/interface	retained	Inferred or retained external spelling	Retain existing meaningful spelling; records, provider declarations and incomplete source models receive no automatic class prefix.
HudCmdKeyAButton	HudCmdKeyAButton	src/GameZRecoil/zHud/zhud_ui.h:1491	class/interface	retained	Inferred or retained external spelling	Retain existing meaningful spelling; records, provider declarations and incomplete source models receive no automatic class prefix.
HudCmdKeyBButton	HudCmdKeyBButton	src/GameZRecoil/zHud/zhud_ui.h:1512	class/interface	retained	Inferred or retained external spelling	Retain existing meaningful spelling; records, provider declarations and incomplete source models receive no automatic class prefix.
HudCmdJoyButton	HudCmdJoyButton	src/GameZRecoil/zHud/zhud_ui.h:1533	class/interface	retained	Inferred or retained external spelling	Retain existing meaningful spelling; records, provider declarations and incomplete source models receive no automatic class prefix.
HudCmdMouseButton	HudCmdMouseButton	src/GameZRecoil/zHud/zhud_ui.h:1554	class/interface	retained	Inferred or retained external spelling	Retain existing meaningful spelling; records, provider declarations and incomplete source models receive no automatic class prefix.
HudUiMessageBoxOkButton	HudUiMessageBoxOkButton	src/GameZRecoil/zHud/zhud_ui.h:1577	record/other	retained	Inferred or retained external spelling	Retain existing meaningful spelling; records, provider declarations and incomplete source models receive no automatic class prefix.
HudUiMessageBoxCancelButton	HudUiMessageBoxCancelButton	src/GameZRecoil/zHud/zhud_ui.h:1582	record/other	retained	Inferred or retained external spelling	Retain existing meaningful spelling; records, provider declarations and incomplete source models receive no automatic class prefix.
HudUiTripletPanel	HudUiTripletPanel	src/GameZRecoil/zHud/zhud_ui.h:1592	class/interface	retained	Inferred or retained external spelling	Retain existing meaningful spelling; records, provider declarations and incomplete source models receive no automatic class prefix.
HudUiNanitePanel	HudUiNanitePanel	src/GameZRecoil/zHud/zhud_ui.h:1605	record/other	retained	Inferred or retained external spelling	Retain existing meaningful spelling; records, provider declarations and incomplete source models receive no automatic class prefix.
HudUiPanelFull	HudUiPanelFull	src/GameZRecoil/zHud/zhud_ui.h:1609	record/other	retained	Inferred or retained external spelling	Retain existing meaningful spelling; records, provider declarations and incomplete source models receive no automatic class prefix.
HudUiPanelFontParams	HudUiPanelFontParams	src/GameZRecoil/zHud/zhud_ui.h:1615	record/other	retained	Inferred or retained external spelling	Retain existing meaningful spelling; records, provider declarations and incomplete source models receive no automatic class prefix.
HudUiMessage	HudUiMessage	src/GameZRecoil/zHud/zhud_ui.h:1627	class/interface	retained	Inferred or retained external spelling	Retain existing meaningful spelling; records, provider declarations and incomplete source models receive no automatic class prefix.
HudUiBarPoint	HudUiBarPoint	src/GameZRecoil/zHud/zhud_ui.h:1671	record/other	retained	Inferred or retained external spelling	Retain existing meaningful spelling; records, provider declarations and incomplete source models receive no automatic class prefix.
HudUiPolylinePoint	HudUiPolylinePoint	src/GameZRecoil/zHud/zhud_ui.h:1677	record/other	retained	Inferred or retained external spelling	Retain existing meaningful spelling; records, provider declarations and incomplete source models receive no automatic class prefix.
HudUiPolyline	HudUiPolyline	src/GameZRecoil/zHud/zhud_ui.h:1682	class/interface	retained	Inferred or retained external spelling	Retain existing meaningful spelling; records, provider declarations and incomplete source models receive no automatic class prefix.
HudUiSliderBorder	HudUiSliderBorder	src/GameZRecoil/zHud/zhud_ui.h:1698	class/interface	retained	Inferred or retained external spelling	Retain existing meaningful spelling; records, provider declarations and incomplete source models receive no automatic class prefix.
HudUiCounter	HudUiCounter	src/GameZRecoil/zHud/zhud_ui.h:1724	class/interface	retained	Inferred or retained external spelling	Retain existing meaningful spelling; records, provider declarations and incomplete source models receive no automatic class prefix.
HudUiBar	HudUiBar	src/GameZRecoil/zHud/zhud_ui.h:1736	class/interface	retained	Inferred or retained external spelling	Retain existing meaningful spelling; records, provider declarations and incomplete source models receive no automatic class prefix.
HudUiManagerMeterBaseCandidate	HudUiManagerMeterBaseCandidate	src/GameZRecoil/zHud/zhud_ui.h:1771	class/interface	retained	Inferred or retained external spelling	Retain existing meaningful spelling; records, provider declarations and incomplete source models receive no automatic class prefix.
HudUiManagerMeterCandidate	HudUiManagerMeterCandidate	src/GameZRecoil/zHud/zhud_ui.h:1775	record/other	retained	Inferred or retained external spelling	Retain existing meaningful spelling; records, provider declarations and incomplete source models receive no automatic class prefix.
HudUiShieldMeterCandidate	HudUiShieldMeterCandidate	src/GameZRecoil/zHud/zhud_ui.h:1781	class/interface	retained	Inferred or retained external spelling	Retain existing meaningful spelling; records, provider declarations and incomplete source models receive no automatic class prefix.
HudUiObjectiveBar	HudUiObjectiveBar	src/GameZRecoil/zHud/zhud_ui.h:1786	record/other	retained	Inferred or retained external spelling	Retain existing meaningful spelling; records, provider declarations and incomplete source models receive no automatic class prefix.
HudUiMgrSensorBlock	HudUiMgrSensorBlock	src/GameZRecoil/zHud/zhud_ui.h:1788	class/interface	retained	Inferred or retained external spelling	Retain existing meaningful spelling; records, provider declarations and incomplete source models receive no automatic class prefix.
HudUiTextInput	HudUiTextInput	src/GameZRecoil/zHud/zhud_ui.h:1818	class/interface	retained	Inferred or retained external spelling	Retain existing meaningful spelling; records, provider declarations and incomplete source models receive no automatic class prefix.
HudUiOwnedTextInput	HudUiOwnedTextInput	src/GameZRecoil/zHud/zhud_ui.h:1870	class/interface	retained	Inferred or retained external spelling	Retain existing meaningful spelling; records, provider declarations and incomplete source models receive no automatic class prefix.
HudUiChatComposeTextInput	HudUiChatComposeTextInput	src/GameZRecoil/zHud/zhud_ui.h:1891	class/interface	retained	Inferred or retained external spelling	Retain existing meaningful spelling; records, provider declarations and incomplete source models receive no automatic class prefix.
HudUiNumericTextInput	HudUiNumericTextInput	src/GameZRecoil/zHud/zhud_ui.h:1902	class/interface	retained	Inferred or retained external spelling	Retain existing meaningful spelling; records, provider declarations and incomplete source models receive no automatic class prefix.
HudUiNetGameSetupTextInput	HudUiNetGameSetupTextInput	src/GameZRecoil/zHud/zhud_ui.h:1933	class/interface	retained	Inferred or retained external spelling	Retain existing meaningful spelling; records, provider declarations and incomplete source models receive no automatic class prefix.
HudUiNetGameSetupOverlayOwner	HudUiNetGameSetupOverlayOwner	src/GameZRecoil/zHud/zhud_ui.h:1939	class/interface	retained	Inferred or retained external spelling	Retain existing meaningful spelling; records, provider declarations and incomplete source models receive no automatic class prefix.
HudUiClampedIntTextInput	HudUiClampedIntTextInput	src/GameZRecoil/zHud/zhud_ui.h:1962	class/interface	retained	Inferred or retained external spelling	Retain existing meaningful spelling; records, provider declarations and incomplete source models receive no automatic class prefix.
HudUiClampedIntStepButton	HudUiClampedIntStepButton	src/GameZRecoil/zHud/zhud_ui.h:1980	class/interface	retained	Inferred or retained external spelling	Retain existing meaningful spelling; records, provider declarations and incomplete source models receive no automatic class prefix.
HudUiSlot	HudUiSlot	src/GameZRecoil/zHud/zhud_ui.h:2000	class/interface	retained	Inferred or retained external spelling	Retain existing meaningful spelling; records, provider declarations and incomplete source models receive no automatic class prefix.
HudUiMgrObjectiveBlock	HudUiMgrObjectiveBlock	src/GameZRecoil/zHud/zhud_ui.h:2022	class/interface	retained	Inferred or retained external spelling	Retain existing meaningful spelling; records, provider declarations and incomplete source models receive no automatic class prefix.
HudUiTransitionTextPanel	HudUiTransitionTextPanel	src/GameZRecoil/zHud/zhud_ui.h:2046	class/interface	retained	Inferred or retained external spelling	Retain existing meaningful spelling; records, provider declarations and incomplete source models receive no automatic class prefix.
HudUiMgrReticleMapCache	HudUiMgrReticleMapCache	src/GameZRecoil/zHud/zhud_ui.h:2067	record/other	retained	Inferred or retained external spelling	Retain existing meaningful spelling; records, provider declarations and incomplete source models receive no automatic class prefix.
HudUiMgrMessageSelectionState	HudUiMgrMessageSelectionState	src/GameZRecoil/zHud/zhud_ui.h:2073	record/other	retained	Inferred or retained external spelling	Retain existing meaningful spelling; records, provider declarations and incomplete source models receive no automatic class prefix.
HudLoadingCheckpointTable	HudLoadingCheckpointTable	src/GameZRecoil/zHud/zhud_ui.h:2078	record/other	retained	Inferred or retained external spelling	Retain existing meaningful spelling; records, provider declarations and incomplete source models receive no automatic class prefix.
HudUiMgrData	HudUiMgrData	src/GameZRecoil/zHud/zhud_ui.h:2098	class/interface	retained	Inferred or retained external spelling	Retain existing meaningful spelling; records, provider declarations and incomplete source models receive no automatic class prefix.
HudUiFlashPanel	HudUiFlashPanel	src/GameZRecoil/zHud/zhud_ui.h:2233	record/other	retained	Inferred or retained external spelling	Retain existing meaningful spelling; records, provider declarations and incomplete source models receive no automatic class prefix.
HudUiCompositePanel	HudUiCompositePanel	src/GameZRecoil/zHud/zhud_ui.h:2266	class/interface	retained	Inferred or retained external spelling	Retain existing meaningful spelling; records, provider declarations and incomplete source models receive no automatic class prefix.
HudFontStyle	HudFontStyle	src/GameZRecoil/zHud/zhud_ui.h:2336	class/interface	retained	Inferred or retained external spelling	Retain existing meaningful spelling; records, provider declarations and incomplete source models receive no automatic class prefix.
HudUiBackground	HudUiBackground	src/GameZRecoil/zHud/zhud_ui.h:2352	class/interface	retained	Inferred or retained external spelling	Retain existing meaningful spelling; records, provider declarations and incomplete source models receive no automatic class prefix.
HudCmdSimpleWidget	HudCmdSimpleWidget	src/GameZRecoil/zHud/zhud_ui.h:2397	class/interface	retained	Inferred or retained external spelling	Retain existing meaningful spelling; records, provider declarations and incomplete source models receive no automatic class prefix.
HudCmdNextSetButton	HudCmdNextSetButton	src/GameZRecoil/zHud/zhud_ui.h:2408	class/interface	retained	Inferred or retained external spelling	Retain existing meaningful spelling; records, provider declarations and incomplete source models receive no automatic class prefix.
HudCmdPrevSetButton	HudCmdPrevSetButton	src/GameZRecoil/zHud/zhud_ui.h:2420	class/interface	retained	Inferred or retained external spelling	Retain existing meaningful spelling; records, provider declarations and incomplete source models receive no automatic class prefix.
HudCmdNextCommandButton	HudCmdNextCommandButton	src/GameZRecoil/zHud/zhud_ui.h:2432	class/interface	retained	Inferred or retained external spelling	Retain existing meaningful spelling; records, provider declarations and incomplete source models receive no automatic class prefix.
HudCmdPrevCommandButton	HudCmdPrevCommandButton	src/GameZRecoil/zHud/zhud_ui.h:2444	class/interface	retained	Inferred or retained external spelling	Retain existing meaningful spelling; records, provider declarations and incomplete source models receive no automatic class prefix.
HudCmdResetButton	HudCmdResetButton	src/GameZRecoil/zHud/zhud_ui.h:2456	class/interface	retained	Inferred or retained external spelling	Retain existing meaningful spelling; records, provider declarations and incomplete source models receive no automatic class prefix.
HudCmdSetListWidget	HudCmdSetListWidget	src/GameZRecoil/zHud/zhud_ui.h:2468	class/interface	retained	Inferred or retained external spelling	Retain existing meaningful spelling; records, provider declarations and incomplete source models receive no automatic class prefix.
HudCmdDialog	HudCmdDialog	src/GameZRecoil/zHud/zhud_ui.h:2485	class/interface	retained	Inferred or retained external spelling	Retain existing meaningful spelling; records, provider declarations and incomplete source models receive no automatic class prefix.
HudUiOptionsPanelBackButton	HudUiOptionsPanelBackButton	src/GameZRecoil/zHud/zhud_ui.h:2543	class/interface	retained	Inferred or retained external spelling	Retain existing meaningful spelling; records, provider declarations and incomplete source models receive no automatic class prefix.
HudUiOptionsPanel_Lighting	CHudUiOptionsPanelLighting	src/GameZRecoil/zHud/zhud_ui.h:2555	class/interface	renamed	Same-engine default / inferred	Inferred class spelling: constructor/virtual evidence and documented class-prefix default; preserve class model.
HudUiOptionsPanel_Perspective	CHudUiOptionsPanelPerspective	src/GameZRecoil/zHud/zhud_ui.h:2570	class/interface	renamed	Same-engine default / inferred	Inferred class spelling: constructor/virtual evidence and documented class-prefix default; preserve class model.
HudUiOptionsPanel_FullHud	CHudUiOptionsPanelFullHud	src/GameZRecoil/zHud/zhud_ui.h:2585	class/interface	renamed	Same-engine default / inferred	Inferred class spelling: constructor/virtual evidence and documented class-prefix default; preserve class model.
HudUiOptionsPanel_ObjectDetail	CHudUiOptionsPanelObjectDetail	src/GameZRecoil/zHud/zhud_ui.h:2599	class/interface	renamed	Same-engine default / inferred	Inferred class spelling: constructor/virtual evidence and documented class-prefix default; preserve class model.
HudUiOptionsPanel_TextureMemory	CHudUiOptionsPanelTextureMemory	src/GameZRecoil/zHud/zhud_ui.h:2614	class/interface	renamed	Same-engine default / inferred	Inferred class spelling: constructor/virtual evidence and documented class-prefix default; preserve class model.
HudUiOptionsPanel_Effects	CHudUiOptionsPanelEffects	src/GameZRecoil/zHud/zhud_ui.h:2629	class/interface	renamed	Same-engine default / inferred	Inferred class spelling: constructor/virtual evidence and documented class-prefix default; preserve class model.
HudUiOptionsPanel_SoundActive	CHudUiOptionsPanelSoundActive	src/GameZRecoil/zHud/zhud_ui.h:2644	class/interface	renamed	Same-engine default / inferred	Inferred class spelling: constructor/virtual evidence and documented class-prefix default; preserve class model.
HudUiOptionsPanel_SoundQuality	CHudUiOptionsPanelSoundQuality	src/GameZRecoil/zHud/zhud_ui.h:2659	class/interface	renamed	Same-engine default / inferred	Inferred class spelling: constructor/virtual evidence and documented class-prefix default; preserve class model.
HudUiOptionsPanel_SoundVolume	CHudUiOptionsPanelSoundVolume	src/GameZRecoil/zHud/zhud_ui.h:2674	class/interface	renamed	Same-engine default / inferred	Inferred class spelling: constructor/virtual evidence and documented class-prefix default; preserve class model.
HudUiOptionsPanel_MusicEnable	CHudUiOptionsPanelMusicEnable	src/GameZRecoil/zHud/zhud_ui.h:2688	class/interface	renamed	Same-engine default / inferred	Inferred class spelling: constructor/virtual evidence and documented class-prefix default; preserve class model.
HudUiOptionsPanel_MusicVolume	CHudUiOptionsPanelMusicVolume	src/GameZRecoil/zHud/zhud_ui.h:2702	class/interface	renamed	Same-engine default / inferred	Inferred class spelling: constructor/virtual evidence and documented class-prefix default; preserve class model.
HudUiOptionsPanel_Resolution	CHudUiOptionsPanelResolution	src/GameZRecoil/zHud/zhud_ui.h:2716	class/interface	renamed	Same-engine default / inferred	Inferred class spelling: constructor/virtual evidence and documented class-prefix default; preserve class model.
HudOptionsDialog	HudOptionsDialog	src/GameZRecoil/zHud/zhud_ui.h:2735	class/interface	retained	Inferred or retained external spelling	Retain existing meaningful spelling; records, provider declarations and incomplete source models receive no automatic class prefix.
HudCmdDialogState	HudCmdDialogState	src/GameZRecoil/zHud/zhud_ui.h:2759	class/interface	retained	Inferred or retained external spelling	Retain existing meaningful spelling; records, provider declarations and incomplete source models receive no automatic class prefix.
HudUiMessageBoxDialog	HudUiMessageBoxDialog	src/GameZRecoil/zHud/zhud_ui.h:2788	class/interface	retained	Inferred or retained external spelling	Retain existing meaningful spelling; records, provider declarations and incomplete source models receive no automatic class prefix.
HudUiPanelLayoutEntry	HudUiPanelLayoutEntry	src/GameZRecoil/zHud/zhud_ui.h:2818	class/interface	retained	Inferred or retained external spelling	Retain existing meaningful spelling; records, provider declarations and incomplete source models receive no automatic class prefix.
HudUiPanelSpan	HudUiPanelSpan	src/GameZRecoil/zHud/zhud_ui.h:2860; src/GameZRecoil/zHud/zhud_ui.h:2867	class/interface	retained	Inferred or retained external spelling	Retain existing meaningful spelling; records, provider declarations and incomplete source models receive no automatic class prefix.
HudUiPanelSpanVec	HudUiPanelSpanVec	src/GameZRecoil/zHud/zhud_ui.h:2941	class/interface	retained	Inferred or retained external spelling	Retain existing meaningful spelling; records, provider declarations and incomplete source models receive no automatic class prefix.
HudUiCreditsBackButton	HudUiCreditsBackButton	src/GameZRecoil/zHud/zhud_ui.h:3020	class/interface	retained	Inferred or retained external spelling	Retain existing meaningful spelling; records, provider declarations and incomplete source models receive no automatic class prefix.
HudUiCreditsQuitButton	HudUiCreditsQuitButton	src/GameZRecoil/zHud/zhud_ui.h:3024	record/other	retained	Inferred or retained external spelling	Retain existing meaningful spelling; records, provider declarations and incomplete source models receive no automatic class prefix.
HudUiZrdScrollingText	HudUiZrdScrollingText	src/GameZRecoil/zHud/zhud_ui.h:3032	class/interface	retained	Inferred or retained external spelling	Retain existing meaningful spelling; records, provider declarations and incomplete source models receive no automatic class prefix.
HudUiCreditsPanel	HudUiCreditsPanel	src/GameZRecoil/zHud/zhud_ui.h:3057	class/interface	retained	Inferred or retained external spelling	Retain existing meaningful spelling; records, provider declarations and incomplete source models receive no automatic class prefix.
HudUiPanelSimple	HudUiPanelSimple	src/GameZRecoil/zHud/zhud_ui.h:3079	class/interface	retained	Inferred or retained external spelling	Retain existing meaningful spelling; records, provider declarations and incomplete source models receive no automatic class prefix.
HudUiShieldMessageWidget	HudUiShieldMessageWidget	src/GameZRecoil/zHud/zhud_ui.h:3087	class/interface	retained	Inferred or retained external spelling	Retain existing meaningful spelling; records, provider declarations and incomplete source models receive no automatic class prefix.
HudUiTimerPanelFloat	HudUiTimerPanelFloat	src/GameZRecoil/zHud/zhud_ui.h:3109	class/interface	retained	Inferred or retained external spelling	Retain existing meaningful spelling; records, provider declarations and incomplete source models receive no automatic class prefix.
HudUiStringMenu	HudUiStringMenu	src/GameZRecoil/zHud/zhud_ui.h:3124	class/interface	retained	Inferred or retained external spelling	Retain existing meaningful spelling; records, provider declarations and incomplete source models receive no automatic class prefix.
HudUiStatsListElement	HudUiStatsListElement	src/GameZRecoil/zHud/zhud_ui.h:3139	class/interface	retained	Inferred or retained external spelling	Retain existing meaningful spelling; records, provider declarations and incomplete source models receive no automatic class prefix.
HudUiTimerPanel	HudUiTimerPanel	src/GameZRecoil/zHud/zhud_ui.h:3153	class/interface	retained	Inferred or retained external spelling	Retain existing meaningful spelling; records, provider declarations and incomplete source models receive no automatic class prefix.
HudUiCounterTextPanel	HudUiCounterTextPanel	src/GameZRecoil/zHud/zhud_ui.h:3185	class/interface	retained	Inferred or retained external spelling	Retain existing meaningful spelling; records, provider declarations and incomplete source models receive no automatic class prefix.
HudUiScoreboardEntry	HudUiScoreboardEntry	src/GameZRecoil/zHud/zhud_ui.h:3195	class/interface	retained	Inferred or retained external spelling	Retain existing meaningful spelling; records, provider declarations and incomplete source models receive no automatic class prefix.
HudUiTriplet	HudUiTriplet	src/GameZRecoil/zHud/zhud_ui.h:3206	class/interface	retained	Inferred or retained external spelling	Retain existing meaningful spelling; records, provider declarations and incomplete source models receive no automatic class prefix.
HudUiTextStack4	HudUiTextStack4	src/GameZRecoil/zHud/zhud_ui.h:3251	record/other	retained	Inferred or retained external spelling	Retain existing meaningful spelling; records, provider declarations and incomplete source models receive no automatic class prefix.
HudUiTopMessageStack	HudUiTopMessageStack	src/GameZRecoil/zHud/zhud_ui.h:3278	class/interface	retained	Inferred or retained external spelling	Retain existing meaningful spelling; records, provider declarations and incomplete source models receive no automatic class prefix.
HudUiChatMessageStack	HudUiChatMessageStack	src/GameZRecoil/zHud/zhud_ui.h:3287	class/interface	retained	Inferred or retained external spelling	Retain existing meaningful spelling; records, provider declarations and incomplete source models receive no automatic class prefix.
zVidImageFileHeader	zVidImageFileHeader	src/GameZRecoil/zImage/zimg_texture.cpp:1936; src/GameZRecoil/zVideo/zvid_main.c:2477	record/other	retained	Inferred or retained external spelling	Retain existing meaningful spelling; records, provider declarations and incomplete source models receive no automatic class prefix.
zInput_BindMapContext	zInput_BindMapContext	src/GameZRecoil/zInput/zInput.h:26	record/other	retained	Inferred or retained external spelling	Retain existing meaningful spelling; records, provider declarations and incomplete source models receive no automatic class prefix.
zInput_BindMapOverlayStackNode	zInput_BindMapOverlayStackNode	src/GameZRecoil/zInput/zInput.h:142	record/other	retained	Inferred or retained external spelling	Retain existing meaningful spelling; records, provider declarations and incomplete source models receive no automatic class prefix.
zInput_BindGroupInfo	CZInputBindGroupInfo	src/GameZRecoil/zInput/zInput.h:154	class/interface	renamed	Same-engine default / inferred	Inferred class spelling: constructor/virtual evidence and documented class-prefix default; preserve class model.
zInput_FFEffectSet	zInput_FFEffectSet	src/GameZRecoil/zInput/zInput.h:185	record/other	retained	Inferred or retained external spelling	Retain existing meaningful spelling; records, provider declarations and incomplete source models receive no automatic class prefix.
zInput_PlayerStatePartial	zInput_PlayerStatePartial	src/GameZRecoil/zInput/zInput.h:247	record/other	retained	Inferred or retained external spelling	Retain existing meaningful spelling; records, provider declarations and incomplete source models receive no automatic class prefix.
zInput_GameStateOrMapTablePartial	zInput_GameStateOrMapTablePartial	src/GameZRecoil/zInput/zInput.h:290	record/other	retained	Inferred or retained external spelling	Retain existing meaningful spelling; records, provider declarations and incomplete source models receive no automatic class prefix.
KbdKeyDispatchEntry	KbdKeyDispatchEntry	src/GameZRecoil/zInput/zInput.h:314	record/other	retained	Inferred or retained external spelling	Retain existing meaningful spelling; records, provider declarations and incomplete source models receive no automatic class prefix.
JoystickAxisConfigEntry	JoystickAxisConfigEntry	src/GameZRecoil/zInput/zInput.h:382	record/other	retained	Inferred or retained external spelling	Retain existing meaningful spelling; records, provider declarations and incomplete source models receive no automatic class prefix.
JoystickAxisConfig	JoystickAxisConfig	src/GameZRecoil/zInput/zInput.h:391	record/other	retained	Inferred or retained external spelling	Retain existing meaningful spelling; records, provider declarations and incomplete source models receive no automatic class prefix.
DIDeviceCaps	DIDeviceCaps	src/GameZRecoil/zInput/zInput.h:396	record/other	retained	Inferred or retained external spelling	Retain existing meaningful spelling; records, provider declarations and incomplete source models receive no automatic class prefix.
MouseDeviceState	MouseDeviceState	src/GameZRecoil/zInput/zInput.h:417	record/other	retained	Inferred or retained external spelling	Retain existing meaningful spelling; records, provider declarations and incomplete source models receive no automatic class prefix.
MouseStateSnapshot	MouseStateSnapshot	src/GameZRecoil/zInput/zInput.h:426	record/other	retained	Inferred or retained external spelling	Retain existing meaningful spelling; records, provider declarations and incomplete source models receive no automatic class prefix.
zInput_DeviceRegistry	zInput_DeviceRegistry	src/GameZRecoil/zInput/zInput.h:669	record/other	retained	Inferred or retained external spelling	Retain existing meaningful spelling; records, provider declarations and incomplete source models receive no automatic class prefix.
zInput_GlobalState	zInput_GlobalState	src/GameZRecoil/zInput/zInput.h:681	record/other	retained	Inferred or retained external spelling	Retain existing meaningful spelling; records, provider declarations and incomplete source models receive no automatic class prefix.
DipropDwordLocal	DipropDwordLocal	src/GameZRecoil/zInput/zin_joystick.cpp:293	record/other	retained	Inferred or retained external spelling	Retain existing meaningful spelling; records, provider declarations and incomplete source models receive no automatic class prefix.
DipropRangeLocal	DipropRangeLocal	src/GameZRecoil/zInput/zin_joystick.cpp:320; src/GameZRecoil/zInput/zin_joystick.cpp:349	record/other	retained	Inferred or retained external spelling	Retain existing meaningful spelling; records, provider declarations and incomplete source models receive no automatic class prefix.
DipropDwordInit	DipropDwordInit	src/GameZRecoil/zInput/zin_kbd.cpp:24; src/GameZRecoil/zInput/zin_mouse.cpp:11	record/other	retained	Inferred or retained external spelling	Retain existing meaningful spelling; records, provider declarations and incomplete source models receive no automatic class prefix.
zInterp_RuntimeBlob	zInterpPolygonState	src/GameZRecoil/zInterp/zInterp.h:21	record/other	renamed	Inferred or retained external spelling	Inferred interpreter record spelling; retain POD/union identity and layout.
zInterp_FileFrame	zInterpFileFrame	src/GameZRecoil/zInterp/zInterp.h:40	record/other	renamed	Inferred or retained external spelling	Inferred interpreter record spelling; retain POD/union identity and layout.
zInterp_PreparedScriptEntry	zInterpPreparedScriptEntry	src/GameZRecoil/zInterp/zInterp.h:46	record/other	renamed	Inferred or retained external spelling	Inferred interpreter record spelling; retain POD/union identity and layout.
zInterp_PreparedScriptHeader	zInterpPreparedScriptHeader	src/GameZRecoil/zInterp/zInterp.h:57	record/other	renamed	Inferred or retained external spelling	Inferred interpreter record spelling; retain POD/union identity and layout.
zInterp_MacroEntry	zInterpMacroEntry	src/GameZRecoil/zInterp/zInterp.h:63	record/other	renamed	Inferred or retained external spelling	Inferred interpreter record spelling; retain POD/union identity and layout.
zInterp_VarEntry	zInterpVarEntry	src/GameZRecoil/zInterp/zInterp.h:74	record/other	renamed	Inferred or retained external spelling	Inferred interpreter record spelling; retain POD/union identity and layout.
zInterp_Context	CZInterp	src/GameZRecoil/zInterp/zInterp.h:99	class/interface	renamed	Same-engine default / inferred	Inferred class spelling: constructor/virtual evidence and documented class-prefix default; preserve class model.
zInterp_GlobalContext	CRecoilInterp	src/GameZRecoil/zInterp/zInterp.h:230	class/interface	renamed	Same-engine default / inferred	Inferred class spelling: constructor/virtual evidence and documented class-prefix default; preserve class model.
zVec3	zVec3	src/GameZRecoil/zMath/zmth_types.h:8	record/other	retained	Inferred or retained external spelling	Retain existing meaningful spelling; records, provider declarations and incomplete source models receive no automatic class prefix.
zVec2	zVec2	src/GameZRecoil/zMath/zmth_types.h:16	record/other	retained	Inferred or retained external spelling	Retain existing meaningful spelling; records, provider declarations and incomplete source models receive no automatic class prefix.
zMat4x3	zMat4x3	src/GameZRecoil/zMath/zmth_types.h:21	record/other	retained	Inferred or retained external spelling	Retain existing meaningful spelling; records, provider declarations and incomplete source models receive no automatic class prefix.
zQuat	zQuat	src/GameZRecoil/zMath/zmth_types.h:44	record/other	retained	Inferred or retained external spelling	Retain existing meaningful spelling; records, provider declarations and incomplete source models receive no automatic class prefix.
zBBox3f	zBBox3f	src/GameZRecoil/zMath/zmth_types.h:59	record/other	retained	Inferred or retained external spelling	Retain existing meaningful spelling; records, provider declarations and incomplete source models receive no automatic class prefix.
zBBoxCorners	zBBoxCorners	src/GameZRecoil/zMath/zmth_types.h:68	record/other	retained	Inferred or retained external spelling	Retain existing meaningful spelling; records, provider declarations and incomplete source models receive no automatic class prefix.
zProjectedPoint	zProjectedPoint	src/GameZRecoil/zMath/zmth_types.h:72	record/other	retained	Inferred or retained external spelling	Retain existing meaningful spelling; records, provider declarations and incomplete source models receive no automatic class prefix.
zProjectedSphere	zProjectedSphere	src/GameZRecoil/zMath/zmth_types.h:78	record/other	retained	Inferred or retained external spelling	Retain existing meaningful spelling; records, provider declarations and incomplete source models receive no automatic class prefix.
zModel_LightStatePartial	zModel_LightStatePartial	src/GameZRecoil/zModel/gmod.h:57	record/other	retained	Inferred or retained external spelling	Retain existing meaningful spelling; records, provider declarations and incomplete source models receive no automatic class prefix.
zModel_ActiveLightEntryLive	zModel_ActiveLightEntryLive	src/GameZRecoil/zModel/gmod.h:62	record/other	retained	Inferred or retained external spelling	Retain existing meaningful spelling; records, provider declarations and incomplete source models receive no automatic class prefix.
zModel_FogTargetColorOverride	zModel_FogTargetColorOverride	src/GameZRecoil/zModel/gmod.h:90	record/other	retained	Inferred or retained external spelling	Retain existing meaningful spelling; records, provider declarations and incomplete source models receive no automatic class prefix.
zModel_MaterialSlot	zModel_MaterialSlot	src/GameZRecoil/zModel/gmod.h:123	record/other	retained	Inferred or retained external spelling	Retain existing meaningful spelling; records, provider declarations and incomplete source models receive no automatic class prefix.
zModel_Uv	zModel_Uv	src/GameZRecoil/zModel/gmod.h:164	record/other	retained	Inferred or retained external spelling	Retain existing meaningful spelling; records, provider declarations and incomplete source models receive no automatic class prefix.
zModel_TextureScrollInfoPartial	zModel_TextureScrollInfoPartial	src/GameZRecoil/zModel/gmod.h:169	record/other	retained	Inferred or retained external spelling	Retain existing meaningful spelling; records, provider declarations and incomplete source models receive no automatic class prefix.
zModel_TextureRefPartial	zModel_TextureRefPartial	src/GameZRecoil/zModel/gmod.h:175	record/other	retained	Inferred or retained external spelling	Retain existing meaningful spelling; records, provider declarations and incomplete source models receive no automatic class prefix.
zModel_MaterialTextureBindingPartial	zModel_MaterialTextureBindingPartial	src/GameZRecoil/zModel/gmod.h:179	record/other	retained	Inferred or retained external spelling	Retain existing meaningful spelling; records, provider declarations and incomplete source models receive no automatic class prefix.
zModel_InstanceSurfaceEntryPartial	zModel_InstanceSurfaceEntryPartial	src/GameZRecoil/zModel/gmod.h:186	record/other	retained	Inferred or retained external spelling	Retain existing meaningful spelling; records, provider declarations and incomplete source models receive no automatic class prefix.
zModel_InstancePartial	zModel_InstancePartial	src/GameZRecoil/zModel/gmod.h:194	record/other	retained	Inferred or retained external spelling	Retain existing meaningful spelling; records, provider declarations and incomplete source models receive no automatic class prefix.
MaterialClonePair	MaterialClonePair	src/GameZRecoil/zModel/gmod_const.c:238	record/other	retained	Inferred or retained external spelling	Retain existing meaningful spelling; records, provider declarations and incomplete source models receive no automatic class prefix.
zNetwork_PlayerRecord	zNetwork_PlayerRecord	src/GameZRecoil/zNetwork/znet.h:32	record/other	retained	Inferred or retained external spelling	Retain existing meaningful spelling; records, provider declarations and incomplete source models receive no automatic class prefix.
zNetworkDPlaySystemMessageFields	zNetworkDPlaySystemMessageFields	src/GameZRecoil/zNetwork/znet.h:42	record/other	retained	Inferred or retained external spelling	Retain existing meaningful spelling; records, provider declarations and incomplete source models receive no automatic class prefix.
zNetworkDPlaySystemMessage	zNetworkDPlaySystemMessage	src/GameZRecoil/zNetwork/znet.h:52	record/other	retained	Inferred or retained external spelling	Retain existing meaningful spelling; records, provider declarations and incomplete source models receive no automatic class prefix.
zNetworkPacketHeader	zNetworkPacketHeader	src/GameZRecoil/zNetwork/znet.h:135	record/other	retained	Inferred or retained external spelling	Retain existing meaningful spelling; records, provider declarations and incomplete source models receive no automatic class prefix.
zNetworkPlayerColorPair	zNetworkPlayerColorPair	src/GameZRecoil/zNetwork/znet.h:141	record/other	retained	Inferred or retained external spelling	Retain existing meaningful spelling; records, provider declarations and incomplete source models receive no automatic class prefix.
NetPkt01_PlayerColorAssignments	NetPkt01_PlayerColorAssignments	src/GameZRecoil/zNetwork/znet.h:146	record/other	retained	Inferred or retained external spelling	Retain existing meaningful spelling; records, provider declarations and incomplete source models receive no automatic class prefix.
zNetworkDPlaySessionDescCache	zNetworkDPlaySessionDescCache	src/GameZRecoil/zNetwork/znet.h:157	record/other	retained	Inferred or retained external spelling	Retain existing meaningful spelling; records, provider declarations and incomplete source models receive no automatic class prefix.
zNetworkSessionDescStatusFields	zNetworkSessionDescStatusFields	src/GameZRecoil/zNetwork/znet.h:163	record/other	retained	Inferred or retained external spelling	Retain existing meaningful spelling; records, provider declarations and incomplete source models receive no automatic class prefix.
zNetworkDPlayServiceProviderInfo	zNetworkDPlayServiceProviderInfo	src/GameZRecoil/zNetwork/znet.h:173	class/interface	retained	Inferred or retained external spelling	Retain existing meaningful spelling; records, provider declarations and incomplete source models receive no automatic class prefix.
zNetworkPlayerRecordListNode	zNetworkPlayerRecordListNode	src/GameZRecoil/zNetwork/znet.h:229	record/other	retained	Inferred or retained external spelling	Retain existing meaningful spelling; records, provider declarations and incomplete source models receive no automatic class prefix.
zNetworkPlayerRecordList	zNetworkPlayerRecordList	src/GameZRecoil/zNetwork/znet.h:235	record/other	retained	Inferred or retained external spelling	Retain existing meaningful spelling; records, provider declarations and incomplete source models receive no automatic class prefix.
zNetworkDispatchHandlerRecord	zNetworkDispatchHandlerRecord	src/GameZRecoil/zNetwork/znet.h:241	record/other	retained	Inferred or retained external spelling	Retain existing meaningful spelling; records, provider declarations and incomplete source models receive no automatic class prefix.
Node	Node	src/GameZRecoil/zReader/zreader.h:31	record/other	retained	Inferred or retained external spelling	Retain existing meaningful spelling; records, provider declarations and incomplete source models receive no automatic class prefix.
zArchiveListNode	zArchiveListNode	src/GameZRecoil/zReader/zreader.h:73	record/other	retained	Inferred or retained external spelling	Retain existing meaningful spelling; records, provider declarations and incomplete source models receive no automatic class prefix.
zArchiveList	zArchiveList	src/GameZRecoil/zReader/zreader.h:79	record/other	retained	Inferred or retained external spelling	Retain existing meaningful spelling; records, provider declarations and incomplete source models receive no automatic class prefix.
zZarFileRecord	zZarFileRecord	src/GameZRecoil/zReader/zreader.h:87	record/other	retained	Inferred or retained external spelling	Retain existing meaningful spelling; records, provider declarations and incomplete source models receive no automatic class prefix.
zZarFileTime	zZarFileTime	src/GameZRecoil/zReader/zreader.h:97	record/other	retained	Inferred or retained external spelling	Retain existing meaningful spelling; records, provider declarations and incomplete source models receive no automatic class prefix.
zIndexArchive	zIndexArchive	src/GameZRecoil/zReader/zreader.h:102	class/interface	retained	Inferred or retained external spelling	Retain existing meaningful spelling; records, provider declarations and incomplete source models receive no automatic class prefix.
zRndr_LensFlareSource	zRndr_LensFlareSource	src/GameZRecoil/zRender/zrndr.h:22	record/other	retained	Inferred or retained external spelling	Retain existing meaningful spelling; records, provider declarations and incomplete source models receive no automatic class prefix.
zRndr_LensFlareVisibleSampleDef	zRndr_LensFlareVisibleSampleDef	src/GameZRecoil/zRender/zrndr.h:38	record/other	retained	Inferred or retained external spelling	Retain existing meaningful spelling; records, provider declarations and incomplete source models receive no automatic class prefix.
zRndr_LinePoint2I	zRndr_LinePoint2I	src/GameZRecoil/zRender/zrndr.h:48	record/other	retained	Inferred or retained external spelling	Retain existing meaningful spelling; records, provider declarations and incomplete source models receive no automatic class prefix.
zRndr_LineClipRect2I	zRndr_LineClipRect2I	src/GameZRecoil/zRender/zrndr.h:53	record/other	retained	Inferred or retained external spelling	Retain existing meaningful spelling; records, provider declarations and incomplete source models receive no automatic class prefix.
ActiveRegionRectPartial	ActiveRegionRectPartial	src/GameZRecoil/zRender/zrndr.h:105	record/other	retained	Inferred or retained external spelling	Retain existing meaningful spelling; records, provider declarations and incomplete source models receive no automatic class prefix.
FogParamsPartial	FogParamsPartial	src/GameZRecoil/zRender/zrndr.h:120	record/other	retained	Inferred or retained external spelling	Retain existing meaningful spelling; records, provider declarations and incomplete source models receive no automatic class prefix.
SpanOccluderPolyPartial	SpanOccluderPolyPartial	src/GameZRecoil/zRender/zrndr.h:131	record/other	retained	Inferred or retained external spelling	Retain existing meaningful spelling; records, provider declarations and incomplete source models receive no automatic class prefix.
SpanNodePartial	SpanNodePartial	src/GameZRecoil/zRender/zrndr.h:136	record/other	retained	Inferred or retained external spelling	Retain existing meaningful spelling; records, provider declarations and incomplete source models receive no automatic class prefix.
zRndr_SpanEspPivotSave	zRndr_SpanEspPivotSave	src/GameZRecoil/zRender/zrndr.h:149	record/other	retained	Inferred or retained external spelling	Retain existing meaningful spelling; records, provider declarations and incomplete source models receive no automatic class prefix.
zMmxQword	zMmxQword	src/GameZRecoil/zRender/zrndr.h:164	record/other	retained	Inferred or retained external spelling	Retain existing meaningful spelling; records, provider declarations and incomplete source models receive no automatic class prefix.
LensFlareSamplePartial	LensFlareSamplePartial	src/GameZRecoil/zRender/zrndr.h:171	record/other	retained	Inferred or retained external spelling	Retain existing meaningful spelling; records, provider declarations and incomplete source models receive no automatic class prefix.
QueuedVec3	QueuedVec3	src/GameZRecoil/zRender/zrndr.h:179	record/other	retained	Inferred or retained external spelling	Retain existing meaningful spelling; records, provider declarations and incomplete source models receive no automatic class prefix.
QueuedPolyClipOverlay	QueuedPolyClipOverlay	src/GameZRecoil/zRender/zrndr.h:185	record/other	retained	Inferred or retained external spelling	Retain existing meaningful spelling; records, provider declarations and incomplete source models receive no automatic class prefix.
TransparentQueuedPolyDrawCmd	TransparentQueuedPolyDrawCmd	src/GameZRecoil/zRender/zrndr.h:190	record/other	retained	Inferred or retained external spelling	Retain existing meaningful spelling; records, provider declarations and incomplete source models receive no automatic class prefix.
OverwriteQueuedPolyDrawCmd	OverwriteQueuedPolyDrawCmd	src/GameZRecoil/zRender/zrndr.h:208	record/other	retained	Inferred or retained external spelling	Retain existing meaningful spelling; records, provider declarations and incomplete source models receive no automatic class prefix.
ScanVertex	ScanVertex	src/GameZRecoil/zRender/zrndr_draw.c:1073	record/other	retained	Inferred or retained external spelling	Retain existing meaningful spelling; records, provider declarations and incomplete source models receive no automatic class prefix.
ScanConvertEdge	ScanConvertEdge	src/GameZRecoil/zRender/zrndr_draw.c:1078; src/GameZRecoil/zRender/zrndr_draw.c:2560	record/other	retained	Inferred or retained external spelling	Retain existing meaningful spelling; records, provider declarations and incomplete source models receive no automatic class prefix.
Plane2f	Plane2f	src/GameZRecoil/zRender/zrndr_draw.c:2474	record/other	retained	Inferred or retained external spelling	Retain existing meaningful spelling; records, provider declarations and incomplete source models receive no automatic class prefix.
TexturedPlanes	TexturedPlanes	src/GameZRecoil/zRender/zrndr_draw.c:2479	record/other	retained	Inferred or retained external spelling	Retain existing meaningful spelling; records, provider declarations and incomplete source models receive no automatic class prefix.
zSndSampleReplayFields	zSndSampleReplayFields	src/GameZRecoil/zSound/zsnd.h:33	record/other	retained	Inferred or retained external spelling	Retain existing meaningful spelling; records, provider declarations and incomplete source models receive no automatic class prefix.
zSndPlayHandle	zSndPlayHandle	src/GameZRecoil/zSound/zsnd.h:40	record/other	retained	Inferred or retained external spelling	Retain existing meaningful spelling; records, provider declarations and incomplete source models receive no automatic class prefix.
zSndPlayHandleSnapshotPayload	zSndPlayHandleSnapshotPayload	src/GameZRecoil/zSound/zsnd.h:91	record/other	retained	Inferred or retained external spelling	Retain existing meaningful spelling; records, provider declarations and incomplete source models receive no automatic class prefix.
zSndPlayHandleSnapshotItem	zSndPlayHandleSnapshotItem	src/GameZRecoil/zSound/zsnd.h:102	record/other	retained	Inferred or retained external spelling	Retain existing meaningful spelling; records, provider declarations and incomplete source models receive no automatic class prefix.
zSndPlayHandleSnapshot	zSndPlayHandleSnapshot	src/GameZRecoil/zSound/zsnd.h:108	class/interface	retained	Inferred or retained external spelling	Retain existing meaningful spelling; records, provider declarations and incomplete source models receive no automatic class prefix.
zSndListenerState	zSndListenerState	src/GameZRecoil/zSound/zsnd.h:128	record/other	retained	Inferred or retained external spelling	Retain existing meaningful spelling; records, provider declarations and incomplete source models receive no automatic class prefix.
zSndQualityVariant	zSndQualityVariant	src/GameZRecoil/zSound/zsnd.h:135	record/other	retained	Inferred or retained external spelling	Retain existing meaningful spelling; records, provider declarations and incomplete source models receive no automatic class prefix.
zSndCuePoint	zSndCuePoint	src/GameZRecoil/zSound/zsnd.h:142	record/other	retained	Inferred or retained external spelling	Retain existing meaningful spelling; records, provider declarations and incomplete source models receive no automatic class prefix.
zSndWaveData	zSndWaveData	src/GameZRecoil/zSound/zsnd.h:151	class/interface	retained	Inferred or retained external spelling	Retain existing meaningful spelling; records, provider declarations and incomplete source models receive no automatic class prefix.
zSndSample	zSndSample	src/GameZRecoil/zSound/zsnd.h:175	record/other	retained	Inferred or retained external spelling	Retain existing meaningful spelling; records, provider declarations and incomplete source models receive no automatic class prefix.
zSndSampleSet	zSndSampleSet	src/GameZRecoil/zSound/zsnd.h:255	record/other	retained	Inferred or retained external spelling	Retain existing meaningful spelling; records, provider declarations and incomplete source models receive no automatic class prefix.
zSndGroupConfigBlock	zSndGroupConfigBlock	src/GameZRecoil/zSound/zsnd.h:282	record/other	retained	Inferred or retained external spelling	Retain existing meaningful spelling; records, provider declarations and incomplete source models receive no automatic class prefix.
zSndGroupRuntimeFields	zSndGroupRuntimeFields	src/GameZRecoil/zSound/zsnd.h:292	record/other	retained	Inferred or retained external spelling	Retain existing meaningful spelling; records, provider declarations and incomplete source models receive no automatic class prefix.
zSndGroup	zSndGroup	src/GameZRecoil/zSound/zsnd.h:305	record/other	retained	Inferred or retained external spelling	Retain existing meaningful spelling; records, provider declarations and incomplete source models receive no automatic class prefix.
zSndStreamRequest	zSndStreamRequest	src/GameZRecoil/zSound/zsnd.h:334	record/other	retained	Inferred or retained external spelling	Retain existing meaningful spelling; records, provider declarations and incomplete source models receive no automatic class prefix.
zSndFadeEntry	zSndFadeEntry	src/GameZRecoil/zSound/zsnd.h:353	record/other	retained	Inferred or retained external spelling	Retain existing meaningful spelling; records, provider declarations and incomplete source models receive no automatic class prefix.
zSndFadeListNode	zSndFadeListNode	src/GameZRecoil/zSound/zsnd.h:362	record/other	retained	Inferred or retained external spelling	Retain existing meaningful spelling; records, provider declarations and incomplete source models receive no automatic class prefix.
zSndFadeList	zSndFadeList	src/GameZRecoil/zSound/zsnd.h:368	record/other	retained	Inferred or retained external spelling	Retain existing meaningful spelling; records, provider declarations and incomplete source models receive no automatic class prefix.
zSndFadeListCursor	zSndFadeListCursor	src/GameZRecoil/zSound/zsnd.h:379	record/other	retained	Inferred or retained external spelling	Retain existing meaningful spelling; records, provider declarations and incomplete source models receive no automatic class prefix.
zSndCdTrackEntry	zSndCdTrackEntry	src/GameZRecoil/zSound/zsnd.h:388	record/other	retained	Inferred or retained external spelling	Retain existing meaningful spelling; records, provider declarations and incomplete source models receive no automatic class prefix.
zSndCdTrackState	zSndCdTrackState	src/GameZRecoil/zSound/zsnd_cd.cpp:15	record/other	retained	Inferred or retained external spelling	Retain existing meaningful spelling; records, provider declarations and incomplete source models receive no automatic class prefix.
zSndDirectSoundLegacyBufferDesc	zSndDirectSoundLegacyBufferDesc	src/GameZRecoil/zSound/zsnd_create.cpp:36	record/other	retained	Inferred or retained external spelling	Retain existing meaningful spelling; records, provider declarations and incomplete source models receive no automatic class prefix.
CpuBenchmarkResult	CpuBenchmarkResult	src/GameZRecoil/zSys/zsys.h:24	record/other	retained	Inferred or retained external spelling	Retain existing meaningful spelling; records, provider declarations and incomplete source models receive no automatic class prefix.
CpuBenchmarkResolver	CpuBenchmarkResolver	src/GameZRecoil/zSys/zsys_cpu.cpp:35	record/other	retained	Inferred or retained external spelling	Retain existing meaningful spelling; records, provider declarations and incomplete source models receive no automatic class prefix.
CpuVendorBuffer	CpuVendorBuffer	src/GameZRecoil/zSys/zsys_cpu.cpp:154; src/GameZRecoil/zSys/zsys_cpu.cpp:389	record/other	retained	Inferred or retained external spelling	Retain existing meaningful spelling; records, provider declarations and incomplete source models receive no automatic class prefix.
CpuFeatureScratch	CpuFeatureScratch	src/GameZRecoil/zSys/zsys_cpu.cpp:155	record/other	retained	Inferred or retained external spelling	Retain existing meaningful spelling; records, provider declarations and incomplete source models receive no automatic class prefix.
Sub64Scratch	Sub64Scratch	src/GameZRecoil/zSys/zsys_cpu.cpp:1224	record/other	retained	Inferred or retained external spelling	Retain existing meaningful spelling; records, provider declarations and incomplete source models receive no automatic class prefix.
TimeRuntimeConfig	TimeRuntimeConfig	src/GameZRecoil/zTime/Time.h:13	record/other	retained	Inferred or retained external spelling	Retain existing meaningful spelling; records, provider declarations and incomplete source models receive no automatic class prefix.
FieldAt	FieldAt	src/GameZRecoil/zUI/zui_widgets.cpp:770	class/interface	retained	Inferred or retained external spelling	Retain existing meaningful spelling; records, provider declarations and incomplete source models receive no automatic class prefix.
HudUiZrdDeleteChildIfPresent	HudUiZrdDeleteChildIfPresent	src/GameZRecoil/zUI/zui_widgets.cpp:880	record/other	retained	Inferred or retained external spelling	Retain existing meaningful spelling; records, provider declarations and incomplete source models receive no automatic class prefix.
zZbdSectionHandler	zZbdSectionHandler	src/GameZRecoil/zUtil/zbd.h:13	record/other	retained	Inferred or retained external spelling	Retain existing meaningful spelling; records, provider declarations and incomplete source models receive no automatic class prefix.
zZbdSectionCallbackCtx	zZbdSectionCallbackCtx	src/GameZRecoil/zUtil/zbd.h:41	record/other	retained	Inferred or retained external spelling	Retain existing meaningful spelling; records, provider declarations and incomplete source models receive no automatic class prefix.
zZbdManager	zZbdManager	src/GameZRecoil/zUtil/zbd.h:46	record/other	retained	Inferred or retained external spelling	Retain existing meaningful spelling; records, provider declarations and incomplete source models receive no automatic class prefix.
PlayerGunFireController	PlayerGunFireController	src/GameZRecoil/zUtil/zsave_game.h:22	record/other	retained	Inferred or retained external spelling	Retain existing meaningful spelling; records, provider declarations and incomplete source models receive no automatic class prefix.
PlayerAltWeaponBank	PlayerAltWeaponBank	src/GameZRecoil/zUtil/zsave_game.h:46	record/other	retained	Inferred or retained external spelling	Retain existing meaningful spelling; records, provider declarations and incomplete source models receive no automatic class prefix.
PlayerGunFireSlot	PlayerGunFireSlot	src/GameZRecoil/zUtil/zsave_game.h:52	record/other	retained	Inferred or retained external spelling	Retain existing meaningful spelling; records, provider declarations and incomplete source models receive no automatic class prefix.
PlayerProgressTargetSlotRuntime	PlayerProgressTargetSlotRuntime	src/GameZRecoil/zUtil/zsave_game.h:57	record/other	retained	Inferred or retained external spelling	Retain existing meaningful spelling; records, provider declarations and incomplete source models receive no automatic class prefix.
PlayerPendingContact	PlayerPendingContact	src/GameZRecoil/zUtil/zsave_game.h:62	record/other	retained	Inferred or retained external spelling	Retain existing meaningful spelling; records, provider declarations and incomplete source models receive no automatic class prefix.
PlayerPendingContactQueue	PlayerPendingContactQueue	src/GameZRecoil/zUtil/zsave_game.h:74	record/other	retained	Inferred or retained external spelling	Retain existing meaningful spelling; records, provider declarations and incomplete source models receive no automatic class prefix.
PlayerTimedHitStatus	PlayerTimedHitStatus	src/GameZRecoil/zUtil/zsave_game.h:81	record/other	retained	Inferred or retained external spelling	Retain existing meaningful spelling; records, provider declarations and incomplete source models receive no automatic class prefix.
zUtil_PlayerStateStorage	zUtil_PlayerStateStorage	src/GameZRecoil/zUtil/zsave_game.h:95	record/other	retained	Inferred or retained external spelling	Retain existing meaningful spelling; records, provider declarations and incomplete source models receive no automatic class prefix.
zUtil_SaveGameState	zUtil_SaveGameState	src/GameZRecoil/zUtil/zsave_game.h:423	record/other	retained	Inferred or retained external spelling	Retain existing meaningful spelling; records, provider declarations and incomplete source models receive no automatic class prefix.
zVidRect32	zVidRect32	src/GameZRecoil/zVideo/zvid.h:22	record/other	retained	Inferred or retained external spelling	Retain existing meaningful spelling; records, provider declarations and incomplete source models receive no automatic class prefix.
zVideoFxColoredLineRecord	zVideoFxColoredLineRecord	src/GameZRecoil/zVideo/zvid.h:36	record/other	retained	Inferred or retained external spelling	Retain existing meaningful spelling; records, provider declarations and incomplete source models receive no automatic class prefix.
zVidD3DDriverRecordPartial	zVidD3DDriverRecordPartial	src/GameZRecoil/zVideo/zvid.h:189	record/other	retained	Inferred or retained external spelling	Retain existing meaningful spelling; records, provider declarations and incomplete source models receive no automatic class prefix.
zVideo_TextureRecordPartial	zVideo_TextureRecordPartial	src/GameZRecoil/zVideo/zvid.h:197	record/other	retained	Inferred or retained external spelling	Retain existing meaningful spelling; records, provider declarations and incomplete source models receive no automatic class prefix.
zVidImagePartial	zVidImagePartial	src/GameZRecoil/zVideo/zvid.h:207	record/other	retained	Inferred or retained external spelling	Retain existing meaningful spelling; records, provider declarations and incomplete source models receive no automatic class prefix.
zVidHwApiDeviceRecordPartial	zVidHwApiDeviceRecordPartial	src/GameZRecoil/zVideo/zvid.h:229	record/other	retained	Inferred or retained external spelling	Retain existing meaningful spelling; records, provider declarations and incomplete source models receive no automatic class prefix.
zVideo_SurfaceStatePartial	zVideo_SurfaceStatePartial	src/GameZRecoil/zVideo/zvid.h:243	record/other	retained	Inferred or retained external spelling	Retain existing meaningful spelling; records, provider declarations and incomplete source models receive no automatic class prefix.
zVideo_SurfaceLockVerifyArgs	zVideo_SurfaceLockVerifyArgs	src/GameZRecoil/zVideo/zvid.h:254	record/other	retained	Inferred or retained external spelling	Retain existing meaningful spelling; records, provider declarations and incomplete source models receive no automatic class prefix.
zVidTexturePackRecord	zVidTexturePackRecord	src/GameZRecoil/zVideo/zvid.h:266	record/other	retained	Inferred or retained external spelling	Retain existing meaningful spelling; records, provider declarations and incomplete source models receive no automatic class prefix.
zVidTexturePackHeader	zVidTexturePackHeader	src/GameZRecoil/zVideo/zvid.h:272	record/other	retained	Inferred or retained external spelling	Retain existing meaningful spelling; records, provider declarations and incomplete source models receive no automatic class prefix.
zVidTexturePackEntry	zVidTexturePackEntry	src/GameZRecoil/zVideo/zvid.h:280	record/other	retained	Inferred or retained external spelling	Retain existing meaningful spelling; records, provider declarations and incomplete source models receive no automatic class prefix.
zVidPaletteRemapRecipe	zVidPaletteRemapRecipe	src/GameZRecoil/zVideo/zvid.h:288	record/other	retained	Inferred or retained external spelling	Retain existing meaningful spelling; records, provider declarations and incomplete source models receive no automatic class prefix.
zVideo_SurfaceLockVerifier	zVideo_SurfaceLockVerifier	src/GameZRecoil/zVideo/zvid.h:299	class/interface	retained	Inferred or retained external spelling	Inferred class spelling: constructor/virtual evidence and documented class-prefix default; preserve class model.
zVideo_QuadBatchItemPartial	zVideo_QuadBatchItemPartial	src/GameZRecoil/zVideo/zvid.h:312	record/other	retained	Inferred or retained external spelling	Retain existing meaningful spelling; records, provider declarations and incomplete source models receive no automatic class prefix.
zVideo_XyzVertex	zVideo_XyzVertex	src/GameZRecoil/zVideo/zvid.h:316	record/other	retained	Inferred or retained external spelling	Retain existing meaningful spelling; records, provider declarations and incomplete source models receive no automatic class prefix.
zVideo_ColorRgbFloat	zVideo_ColorRgbFloat	src/GameZRecoil/zVideo/zvid.h:322	record/other	retained	Inferred or retained external spelling	Retain existing meaningful spelling; records, provider declarations and incomplete source models receive no automatic class prefix.
zVideo_TexCoord	zVideo_TexCoord	src/GameZRecoil/zVideo/zvid.h:328	record/other	retained	Inferred or retained external spelling	Retain existing meaningful spelling; records, provider declarations and incomplete source models receive no automatic class prefix.
zVideo_RenderClass	zVideo_RenderClass	src/GameZRecoil/zVideo/zvid.h:333	record/other	retained	Inferred or retained external spelling	Retain existing meaningful spelling; records, provider declarations and incomplete source models receive no automatic class prefix.
zVideo_SortedPolyQueueEntry	zVideo_SortedPolyQueueEntry	src/GameZRecoil/zVideo/zvid.h:341	record/other	retained	Inferred or retained external spelling	Retain existing meaningful spelling; records, provider declarations and incomplete source models receive no automatic class prefix.
zVideo_OverwriteQueueEntry	zVideo_OverwriteQueueEntry	src/GameZRecoil/zVideo/zvid.h:348	record/other	retained	Inferred or retained external spelling	Retain existing meaningful spelling; records, provider declarations and incomplete source models receive no automatic class prefix.
zVideo_D3DRenderStateCacheLive	zVideo_D3DRenderStateCacheLive	src/GameZRecoil/zVideo/zvid.h:360	record/other	retained	Inferred or retained external spelling	Retain existing meaningful spelling; records, provider declarations and incomplete source models receive no automatic class prefix.
zVideo_PixelPackParams	zVideo_PixelPackParams	src/GameZRecoil/zVideo/zvid.h:373	record/other	retained	Inferred or retained external spelling	Retain existing meaningful spelling; records, provider declarations and incomplete source models receive no automatic class prefix.
zVideoFxPass3Element	zVideoFxPass3Element	src/GameZRecoil/zVideo/zvid_fx_pass3.h:11	class/interface	retained	Inferred or retained external spelling	Retain existing meaningful spelling; records, provider declarations and incomplete source models receive no automatic class prefix.
zVideoFxPass3RootElement	zVideoFxPass3RootElement	src/GameZRecoil/zVideo/zvid_fx_pass3.h:43	class/interface	retained	Inferred or retained external spelling	Retain existing meaningful spelling; records, provider declarations and incomplete source models receive no automatic class prefix.
zVideoFxPass3Slot	zVideoFxPass3Slot	src/GameZRecoil/zVideo/zvid_fx_pass3.h:61	class/interface	retained	Inferred or retained external spelling	Retain existing meaningful spelling; records, provider declarations and incomplete source models receive no automatic class prefix.
zVideoFxPass3Config	zVideoFxPass3Config	src/GameZRecoil/zVideo/zvid_fx_pass3.h:81	class/interface	retained	Inferred or retained external spelling	Retain existing meaningful spelling; records, provider declarations and incomplete source models receive no automatic class prefix.
OptCatalogQueuedImpactRecord	OptCatalogQueuedImpactRecord	src/GameZRecoil/zWeapon/zwep_init.c:196	record/other	retained	Inferred or retained external spelling	Retain existing meaningful spelling; records, provider declarations and incomplete source models receive no automatic class prefix.
OptCatalogDamageHealthOverlay	OptCatalogDamageHealthOverlay	src/GameZRecoil/zWeapon/zwep_init.c:421	record/other	retained	Inferred or retained external spelling	Retain existing meaningful spelling; records, provider declarations and incomplete source models receive no automatic class prefix.
OptCatalogRuntimeInstancePoolSlot	OptCatalogRuntimeInstancePoolSlot	src/GameZRecoil/zWeapon/zwep_init.c:426	record/other	retained	Inferred or retained external spelling	Retain existing meaningful spelling; records, provider declarations and incomplete source models receive no automatic class prefix.
